# Карта маршрута трамвая: замкнутое кольцо в порядке движения, шаг 1 м
# Собрана tools/build_route_map.py из прогонов 30618_76e1f9c7 и 30618_2050d396 (приёмник master)
# Длина кольца 10959 м; проверка на 85 прогонах: медиана расстояния до карты 0.02 м, p95 3.45 м
u,lat,lon,alt
0.00,55.81032969,37.46222152,168.73
1.00,55.81033683,37.46223118,168.71
2.00,55.81034408,37.46224060,168.70
3.00,55.81035147,37.46224966,168.63
4.00,55.81035899,37.46225838,168.55
5.00,55.81036671,37.46226653,168.47
6.00,55.81037446,37.46227458,168.39
7.00,55.81038235,37.46228221,168.31
8.00,55.81039041,37.46228925,168.27
9.00,55.81039851,37.46229616,168.29
10.00,55.81040669,37.46230272,168.31
11.00,55.81041494,37.46230902,168.33
12.00,55.81042329,37.46231491,168.32
13.00,55.81043180,37.46232001,168.31
14.00,55.81044042,37.46232450,168.31
15.00,55.81044917,37.46232805,168.30
16.00,55.81045805,37.46233053,168.29
17.00,55.81046698,37.46233210,168.29
18.00,55.81047596,37.46233275,168.28
19.00,55.81048494,37.46233256,168.27
20.00,55.81049390,37.46233160,168.27
21.00,55.81050284,37.46233002,168.26
22.00,55.81051175,37.46232799,168.26
23.00,55.81052062,37.46232548,168.25
24.00,55.81052945,37.46232261,168.24
25.00,55.81053821,37.46231906,168.24
26.00,55.81054686,37.46231478,168.24
27.00,55.81055542,37.46230992,168.23
28.00,55.81056388,37.46230461,168.23
29.00,55.81057226,37.46229886,168.22
30.00,55.81058052,37.46229261,168.22
31.00,55.81058867,37.46228588,168.22
32.00,55.81059672,37.46227881,168.21
33.00,55.81060461,37.46227121,168.21
34.00,55.81061237,37.46226315,168.21
35.00,55.81061991,37.46225451,168.21
36.00,55.81062732,37.46224550,168.21
37.00,55.81063467,37.46223632,168.21
38.00,55.81064179,37.46222660,168.22
39.00,55.81064858,37.46221617,168.22
40.00,55.81065524,37.46220545,168.22
41.00,55.81066171,37.46219440,168.22
42.00,55.81066788,37.46218280,168.22
43.00,55.81067372,37.46217070,168.22
44.00,55.81067933,37.46215824,168.21
45.00,55.81068472,37.46214548,168.21
46.00,55.81068983,37.46213237,168.21
47.00,55.81069473,37.46211900,168.20
48.00,55.81069927,37.46210524,168.20
49.00,55.81070356,37.46209122,168.20
50.00,55.81070757,37.46207695,168.19
51.00,55.81071127,37.46206242,168.19
52.00,55.81071463,37.46204763,168.19
53.00,55.81071753,37.46203253,168.19
54.00,55.81072001,37.46201721,168.19
55.00,55.81072202,37.46200166,168.18
56.00,55.81072335,37.46198589,168.18
57.00,55.81072436,37.46197004,168.18
58.00,55.81072489,37.46195412,168.18
59.00,55.81072505,37.46193817,168.18
60.00,55.81072516,37.46192222,168.17
61.00,55.81072525,37.46190627,168.16
62.00,55.81072535,37.46189033,168.16
63.00,55.81072524,37.46187438,168.15
64.00,55.81072511,37.46185843,168.15
65.00,55.81072489,37.46184249,168.14
66.00,55.81072492,37.46182654,168.14
67.00,55.81072492,37.46181059,168.13
68.00,55.81072500,37.46179464,168.13
69.00,55.81072509,37.46177869,168.13
70.00,55.81072527,37.46176275,168.13
71.00,55.81072540,37.46174680,168.13
72.00,55.81072579,37.46173086,168.14
73.00,55.81072584,37.46171491,168.14
74.00,55.81072568,37.46169897,168.14
75.00,55.81072525,37.46168304,168.14
76.00,55.81072436,37.46166717,168.14
77.00,55.81072324,37.46165134,168.14
78.00,55.81072183,37.46163559,168.14
79.00,55.81072010,37.46161994,168.14
80.00,55.81071811,37.46160439,168.14
81.00,55.81071576,37.46158899,168.14
82.00,55.81071311,37.46157375,168.14
83.00,55.81071013,37.46155871,168.14
84.00,55.81070684,37.46154387,168.14
85.00,55.81070321,37.46152928,168.15
86.00,55.81069916,37.46151505,168.15
87.00,55.81069471,37.46150119,168.16
88.00,55.81069006,37.46148755,168.17
89.00,55.81068495,37.46147443,168.17
90.00,55.81067972,37.46146146,168.18
91.00,55.81067419,37.46144890,168.19
92.00,55.81066834,37.46143679,168.20
93.00,55.81066228,37.46142502,168.20
94.00,55.81065591,37.46141379,168.21
95.00,55.81064931,37.46140296,168.21
96.00,55.81064249,37.46139259,168.22
97.00,55.81063551,37.46138255,168.22
98.00,55.81062831,37.46137302,168.23
99.00,55.81062088,37.46136404,168.23
100.00,55.81061324,37.46135566,168.24
101.00,55.81060541,37.46134785,168.24
102.00,55.81059742,37.46134058,168.25
103.00,55.81058938,37.46133348,168.26
104.00,55.81058115,37.46132708,168.26
105.00,55.81057280,37.46132121,168.27
106.00,55.81056441,37.46131552,168.27
107.00,55.81055583,37.46131079,168.28
108.00,55.81054715,37.46130669,168.28
109.00,55.81053832,37.46130380,168.28
110.00,55.81052943,37.46130154,168.29
111.00,55.81052050,37.46129984,168.29
112.00,55.81051153,37.46129894,168.30
113.00,55.81050255,37.46129886,168.30
114.00,55.81049357,37.46129901,168.31
115.00,55.81048460,37.46129994,168.31
116.00,55.81047563,37.46130061,168.32
117.00,55.81046666,37.46130136,168.32
118.00,55.81045769,37.46130225,168.33
119.00,55.81044873,37.46130322,168.34
120.00,55.81043977,37.46130436,168.34
121.00,55.81043083,37.46130583,168.35
122.00,55.81042186,37.46130691,168.36
123.00,55.81041290,37.46130787,168.37
124.00,55.81040393,37.46130874,168.38
125.00,55.81039496,37.46130955,168.40
126.00,55.81038602,37.46131100,168.41
127.00,55.81037706,37.46131216,168.42
128.00,55.81036810,37.46131326,168.44
129.00,55.81035916,37.46131482,168.45
130.00,55.81035021,37.46131614,168.47
131.00,55.81034126,37.46131751,168.48
132.00,55.81033230,37.46131863,168.50
133.00,55.81032335,37.46131996,168.52
134.00,55.81031439,37.46132105,168.54
135.00,55.81030543,37.46132215,168.56
136.00,55.81029648,37.46132331,168.57
137.00,55.81028752,37.46132461,168.59
138.00,55.81027857,37.46132578,168.61
139.00,55.81026962,37.46132714,168.63
140.00,55.81026067,37.46132843,168.65
141.00,55.81025171,37.46132967,168.66
142.00,55.81024275,37.46133077,168.68
143.00,55.81023379,37.46133188,168.70
144.00,55.81022483,37.46133299,168.72
145.00,55.81021587,37.46133412,168.73
146.00,55.81020692,37.46133524,168.75
147.00,55.81019796,37.46133646,168.77
148.00,55.81018900,37.46133759,168.79
149.00,55.81018004,37.46133863,168.81
150.00,55.81017108,37.46133987,168.83
151.00,55.81016212,37.46134086,168.84
152.00,55.81015316,37.46134192,168.86
153.00,55.81014420,37.46134301,168.88
154.00,55.81013524,37.46134413,168.90
155.00,55.81012629,37.46134541,168.92
156.00,55.81011733,37.46134664,168.94
157.00,55.81010838,37.46134788,168.96
158.00,55.81009943,37.46134915,168.98
159.00,55.81009047,37.46135042,168.99
160.00,55.81008151,37.46135144,169.01
161.00,55.81007255,37.46135266,169.03
162.00,55.81006359,37.46135372,169.05
163.00,55.81005463,37.46135485,169.06
164.00,55.81004568,37.46135603,169.08
165.00,55.81003672,37.46135727,169.10
166.00,55.81002777,37.46135847,169.12
167.00,55.81001882,37.46135978,169.13
168.00,55.81000986,37.46136101,169.15
169.00,55.81000091,37.46136226,169.16
170.00,55.80999195,37.46136337,169.18
171.00,55.80998299,37.46136459,169.20
172.00,55.80997404,37.46136582,169.21
173.00,55.80996508,37.46136705,169.23
174.00,55.80995613,37.46136825,169.24
175.00,55.80994717,37.46136944,169.25
176.00,55.80993821,37.46137062,169.27
177.00,55.80992926,37.46137179,169.28
178.00,55.80992030,37.46137285,169.29
179.00,55.80991134,37.46137400,169.30
180.00,55.80990238,37.46137504,169.32
181.00,55.80989341,37.46137609,169.33
182.00,55.80988445,37.46137716,169.34
183.00,55.80987549,37.46137827,169.35
184.00,55.80986654,37.46137947,169.36
185.00,55.80985759,37.46138077,169.37
186.00,55.80984863,37.46138195,169.38
187.00,55.80983967,37.46138309,169.39
188.00,55.80983071,37.46138416,169.40
189.00,55.80982175,37.46138517,169.41
190.00,55.80981278,37.46138617,169.42
191.00,55.80980383,37.46138737,169.42
192.00,55.80979487,37.46138846,169.43
193.00,55.80978591,37.46138961,169.44
194.00,55.80977695,37.46139072,169.44
195.00,55.80976799,37.46139181,169.45
196.00,55.80975903,37.46139300,169.46
197.00,55.80975007,37.46139409,169.46
198.00,55.80974110,37.46139499,169.47
199.00,55.80973214,37.46139593,169.48
200.00,55.80972317,37.46139673,169.48
201.00,55.80971419,37.46139736,169.49
202.00,55.80970522,37.46139791,169.50
203.00,55.80969624,37.46139844,169.50
204.00,55.80968726,37.46139882,169.51
205.00,55.80967828,37.46139865,169.51
206.00,55.80966930,37.46139818,169.52
207.00,55.80966034,37.46139731,169.52
208.00,55.80965137,37.46139635,169.53
209.00,55.80964241,37.46139526,169.53
210.00,55.80963345,37.46139420,169.53
211.00,55.80962451,37.46139274,169.54
212.00,55.80961558,37.46139090,169.54
213.00,55.80960670,37.46138859,169.54
214.00,55.80959792,37.46138525,169.55
215.00,55.80958927,37.46138096,169.55
216.00,55.80958069,37.46137621,169.55
217.00,55.80957226,37.46137073,169.55
218.00,55.80956387,37.46136501,169.56
219.00,55.80955565,37.46135861,169.56
220.00,55.80954765,37.46135136,169.56
221.00,55.80953978,37.46134366,169.57
222.00,55.80953221,37.46133508,169.57
223.00,55.80952483,37.46132601,169.57
224.00,55.80951739,37.46131706,169.57
225.00,55.80951003,37.46130793,169.56
226.00,55.80950263,37.46129888,169.56
227.00,55.80949500,37.46129048,169.56
228.00,55.80948749,37.46128171,169.56
229.00,55.80948007,37.46127273,169.56
230.00,55.80947249,37.46126419,169.55
231.00,55.80946494,37.46125554,169.55
232.00,55.80945744,37.46124677,169.55
233.00,55.80945047,37.46123672,169.54
234.00,55.80944303,37.46122777,169.54
235.00,55.80943557,37.46121890,169.54
236.00,55.80942817,37.46120986,169.53
237.00,55.80942063,37.46120119,169.53
238.00,55.80941313,37.46119242,169.52
239.00,55.80940566,37.46118357,169.52
240.00,55.80939826,37.46117454,169.51
241.00,55.80939083,37.46116557,169.51
242.00,55.80938340,37.46115660,169.51
243.00,55.80937594,37.46114772,169.50
244.00,55.80936848,37.46113885,169.50
245.00,55.80936103,37.46112995,169.49
246.00,55.80935360,37.46112098,169.49
247.00,55.80934616,37.46111204,169.48
248.00,55.80933873,37.46110308,169.48
249.00,55.80933126,37.46109422,169.47
250.00,55.80932379,37.46108538,169.47
251.00,55.80931629,37.46107660,169.46
252.00,55.80930877,37.46106787,169.46
253.00,55.80930127,37.46105911,169.45
254.00,55.80929376,37.46105035,169.45
255.00,55.80928626,37.46104159,169.45
256.00,55.80927874,37.46103286,169.44
257.00,55.80927127,37.46102401,169.44
258.00,55.80926381,37.46101514,169.44
259.00,55.80925638,37.46100616,169.44
260.00,55.80924891,37.46099732,169.43
261.00,55.80924143,37.46098850,169.43
262.00,55.80923399,37.46097955,169.43
263.00,55.80922659,37.46097051,169.43
264.00,55.80921914,37.46096160,169.43
265.00,55.80921168,37.46095272,169.44
266.00,55.80920419,37.46094393,169.44
267.00,55.80919664,37.46093530,169.44
268.00,55.80918909,37.46092665,169.44
269.00,55.80918152,37.46091806,169.45
270.00,55.80917395,37.46090949,169.45
271.00,55.80916634,37.46090102,169.46
272.00,55.80915882,37.46089231,169.47
273.00,55.80915166,37.46088267,169.48
274.00,55.80914410,37.46087406,169.49
275.00,55.80913668,37.46086509,169.49
276.00,55.80912912,37.46085646,169.51
277.00,55.80912167,37.46084755,169.52
278.00,55.80911414,37.46083886,169.53
279.00,55.80910676,37.46082979,169.54
280.00,55.80909930,37.46082089,169.56
281.00,55.80909185,37.46081198,169.57
282.00,55.80908443,37.46080302,169.58
283.00,55.80907690,37.46079432,169.60
284.00,55.80906941,37.46078551,169.61
285.00,55.80906187,37.46077684,169.63
286.00,55.80905449,37.46076775,169.64
287.00,55.80904696,37.46075906,169.66
288.00,55.80903961,37.46074990,169.67
289.00,55.80903215,37.46074101,169.69
290.00,55.80902469,37.46073212,169.70
291.00,55.80901726,37.46072317,169.72
292.00,55.80900976,37.46071440,169.73
293.00,55.80900240,37.46070527,169.75
294.00,55.80899486,37.46069660,169.76
295.00,55.80898741,37.46068768,169.78
296.00,55.80897991,37.46067892,169.79
297.00,55.80897240,37.46067017,169.81
298.00,55.80896492,37.46066134,169.82
299.00,55.80895745,37.46065250,169.83
300.00,55.80895008,37.46064338,169.85
301.00,55.80894261,37.46063452,169.86
302.00,55.80893523,37.46062543,169.88
303.00,55.80892782,37.46061640,169.89
304.00,55.80892036,37.46060753,169.90
305.00,55.80891289,37.46059867,169.92
306.00,55.80890543,37.46058979,169.93
307.00,55.80889796,37.46058094,169.95
308.00,55.80889049,37.46057209,169.96
309.00,55.80888301,37.46056327,169.98
310.00,55.80887552,37.46055447,170.00
311.00,55.80886804,37.46054564,170.01
312.00,55.80886056,37.46053681,170.03
313.00,55.80885308,37.46052797,170.05
314.00,55.80884562,37.46051911,170.07
315.00,55.80883816,37.46051022,170.08
316.00,55.80883069,37.46050136,170.10
317.00,55.80882325,37.46049243,170.12
318.00,55.80881580,37.46048353,170.14
319.00,55.80880834,37.46047464,170.16
320.00,55.80880088,37.46046577,170.18
321.00,55.80879340,37.46045692,170.19
322.00,55.80878591,37.46044813,170.21
323.00,55.80877841,37.46043935,170.23
324.00,55.80877091,37.46043059,170.25
325.00,55.80876339,37.46042187,170.27
326.00,55.80875590,37.46041306,170.29
327.00,55.80874843,37.46040421,170.31
328.00,55.80874096,37.46039534,170.33
329.00,55.80873350,37.46038647,170.34
330.00,55.80872607,37.46037752,170.36
331.00,55.80871864,37.46036856,170.38
332.00,55.80871122,37.46035955,170.40
333.00,55.80870383,37.46035049,170.41
334.00,55.80869641,37.46034152,170.43
335.00,55.80868897,37.46033257,170.44
336.00,55.80868153,37.46032365,170.46
337.00,55.80867407,37.46031477,170.47
338.00,55.80866658,37.46030596,170.49
339.00,55.80865910,37.46029713,170.50
340.00,55.80865161,37.46028834,170.52
341.00,55.80864410,37.46027959,170.53
342.00,55.80863659,37.46027084,170.54
343.00,55.80862906,37.46026216,170.56
344.00,55.80862154,37.46025344,170.57
345.00,55.80861404,37.46024464,170.58
346.00,55.80860658,37.46023576,170.60
347.00,55.80859913,37.46022686,170.61
348.00,55.80859171,37.46021788,170.62
349.00,55.80858431,37.46020883,170.64
350.00,55.80857689,37.46019987,170.65
351.00,55.80856948,37.46019084,170.66
352.00,55.80856206,37.46018186,170.68
353.00,55.80855460,37.46017298,170.69
354.00,55.80854710,37.46016422,170.70
355.00,55.80853961,37.46015540,170.72
356.00,55.80853214,37.46014656,170.73
357.00,55.80852466,37.46013771,170.74
358.00,55.80851719,37.46012888,170.76
359.00,55.80850970,37.46012005,170.77
360.00,55.80850222,37.46011124,170.79
361.00,55.80849473,37.46010244,170.80
362.00,55.80848724,37.46009363,170.81
363.00,55.80847975,37.46008483,170.83
364.00,55.80847226,37.46007603,170.84
365.00,55.80846476,37.46006726,170.85
366.00,55.80845727,37.46005845,170.87
367.00,55.80844981,37.46004959,170.88
368.00,55.80844235,37.46004069,170.90
369.00,55.80843488,37.46003183,170.91
370.00,55.80842742,37.46002297,170.93
371.00,55.80841995,37.46001410,170.95
372.00,55.80841249,37.46000524,170.96
373.00,55.80840503,37.45999635,170.98
374.00,55.80839755,37.45998750,170.99
375.00,55.80839007,37.45997870,171.01
376.00,55.80838255,37.45996996,171.02
377.00,55.80837505,37.45996118,171.04
378.00,55.80836756,37.45995240,171.05
379.00,55.80836007,37.45994360,171.07
380.00,55.80835260,37.45993473,171.08
381.00,55.80834518,37.45992575,171.09
382.00,55.80833775,37.45991678,171.11
383.00,55.80833033,37.45990780,171.12
384.00,55.80832293,37.45989878,171.14
385.00,55.80831546,37.45988991,171.15
386.00,55.80830798,37.45988110,171.17
387.00,55.80830048,37.45987231,171.18
388.00,55.80829299,37.45986350,171.19
389.00,55.80828547,37.45985478,171.21
390.00,55.80827796,37.45984605,171.22
391.00,55.80827045,37.45983731,171.24
392.00,55.80826292,37.45982861,171.25
393.00,55.80825542,37.45981984,171.26
394.00,55.80824794,37.45981100,171.28
395.00,55.80824049,37.45980209,171.29
396.00,55.80823304,37.45979319,171.30
397.00,55.80822561,37.45978423,171.31
398.00,55.80821816,37.45977531,171.32
399.00,55.80821068,37.45976649,171.34
400.00,55.80820320,37.45975768,171.35
401.00,55.80819570,37.45974888,171.37
402.00,55.80818821,37.45974010,171.38
403.00,55.80818070,37.45973134,171.39
404.00,55.80817320,37.45972258,171.41
405.00,55.80816571,37.45971377,171.42
406.00,55.80815824,37.45970491,171.43
407.00,55.80815078,37.45969603,171.45
408.00,55.80814335,37.45968708,171.46
409.00,55.80813591,37.45967815,171.47
410.00,55.80812843,37.45966932,171.49
411.00,55.80812092,37.45966056,171.50
412.00,55.80811342,37.45965180,171.51
413.00,55.80810591,37.45964304,171.53
414.00,55.80809840,37.45963430,171.54
415.00,55.80809091,37.45962551,171.55
416.00,55.80808343,37.45961667,171.56
417.00,55.80807597,37.45960779,171.57
418.00,55.80806852,37.45959888,171.58
419.00,55.80806109,37.45958993,171.60
420.00,55.80805366,37.45958097,171.61
421.00,55.80804620,37.45957209,171.62
422.00,55.80803871,37.45956327,171.63
423.00,55.80803122,37.45955448,171.64
424.00,55.80802373,37.45954568,171.65
425.00,55.80801623,37.45953690,171.65
426.00,55.80800874,37.45952811,171.66
427.00,55.80800125,37.45951929,171.67
428.00,55.80799381,37.45951036,171.68
429.00,55.80798638,37.45950142,171.69
430.00,55.80797896,37.45949243,171.70
431.00,55.80797157,37.45948335,171.70
432.00,55.80796412,37.45947444,171.71
433.00,55.80795663,37.45946567,171.72
434.00,55.80794910,37.45945697,171.73
435.00,55.80794159,37.45944820,171.74
436.00,55.80793405,37.45943955,171.74
437.00,55.80792653,37.45943083,171.75
438.00,55.80791906,37.45942197,171.76
439.00,55.80791164,37.45941298,171.76
440.00,55.80790421,37.45940403,171.77
441.00,55.80789678,37.45939506,171.77
442.00,55.80788936,37.45938609,171.78
443.00,55.80788189,37.45937724,171.78
444.00,55.80787439,37.45936845,171.79
445.00,55.80786688,37.45935970,171.80
446.00,55.80785936,37.45935098,171.80
447.00,55.80785182,37.45934231,171.81
448.00,55.80784432,37.45933354,171.81
449.00,55.80783684,37.45932473,171.82
450.00,55.80782937,37.45931587,171.82
451.00,55.80782194,37.45930690,171.83
452.00,55.80781454,37.45929787,171.83
453.00,55.80780712,37.45928888,171.84
454.00,55.80779969,37.45927992,171.84
455.00,55.80779225,37.45927100,171.85
456.00,55.80778478,37.45926215,171.85
457.00,55.80777728,37.45925336,171.85
458.00,55.80776978,37.45924458,171.86
459.00,55.80776229,37.45923578,171.86
460.00,55.80775480,37.45922698,171.87
461.00,55.80774731,37.45921819,171.87
462.00,55.80773983,37.45920937,171.87
463.00,55.80773234,37.45920055,171.88
464.00,55.80772487,37.45919169,171.88
465.00,55.80771743,37.45918277,171.89
466.00,55.80770999,37.45917383,171.89
467.00,55.80770258,37.45916483,171.90
468.00,55.80769514,37.45915589,171.90
469.00,55.80768769,37.45914699,171.91
470.00,55.80768022,37.45913813,171.91
471.00,55.80767275,37.45912927,171.92
472.00,55.80766530,37.45912037,171.92
473.00,55.80765782,37.45911154,171.92
474.00,55.80765030,37.45910282,171.93
475.00,55.80764281,37.45909403,171.93
476.00,55.80763529,37.45908529,171.93
477.00,55.80762777,37.45907658,171.94
478.00,55.80762027,37.45906781,171.94
479.00,55.80761280,37.45905896,171.94
480.00,55.80760531,37.45905015,171.94
481.00,55.80759785,37.45904128,171.94
482.00,55.80759037,37.45903244,171.94
483.00,55.80758290,37.45902360,171.94
484.00,55.80757544,37.45901472,171.94
485.00,55.80756798,37.45900584,171.94
486.00,55.80756051,37.45899697,171.94
487.00,55.80755305,37.45898810,171.94
488.00,55.80754557,37.45897926,171.94
489.00,55.80753809,37.45897044,171.93
490.00,55.80753062,37.45896159,171.93
491.00,55.80752313,37.45895279,171.93
492.00,55.80751565,37.45894395,171.93
493.00,55.80750816,37.45893515,171.93
494.00,55.80750066,37.45892637,171.92
495.00,55.80749316,37.45891761,171.92
496.00,55.80748567,37.45890882,171.92
497.00,55.80747818,37.45890000,171.91
498.00,55.80747072,37.45889111,171.91
499.00,55.80746326,37.45888226,171.90
500.00,55.80745582,37.45887332,171.90
501.00,55.80744836,37.45886444,171.90
502.00,55.80744088,37.45885559,171.89
503.00,55.80743342,37.45884672,171.89
504.00,55.80742596,37.45883783,171.89
505.00,55.80741851,37.45882893,171.88
506.00,55.80741108,37.45881997,171.88
507.00,55.80740362,37.45881108,171.87
508.00,55.80739617,37.45880219,171.87
509.00,55.80738871,37.45879331,171.87
510.00,55.80738123,37.45878448,171.86
511.00,55.80737375,37.45877565,171.86
512.00,55.80736626,37.45876685,171.85
513.00,55.80735875,37.45875809,171.85
514.00,55.80735126,37.45874931,171.85
515.00,55.80734376,37.45874052,171.84
516.00,55.80733628,37.45873170,171.84
517.00,55.80732880,37.45872286,171.83
518.00,55.80732133,37.45871403,171.83
519.00,55.80731385,37.45870519,171.83
520.00,55.80730639,37.45869631,171.82
521.00,55.80729893,37.45868744,171.82
522.00,55.80729146,37.45867858,171.82
523.00,55.80728396,37.45866981,171.82
524.00,55.80727646,37.45866102,171.81
525.00,55.80726900,37.45865214,171.81
526.00,55.80726152,37.45864332,171.81
527.00,55.80725404,37.45863448,171.81
528.00,55.80724657,37.45862565,171.80
529.00,55.80723908,37.45861683,171.80
530.00,55.80723161,37.45860799,171.80
531.00,55.80722413,37.45859914,171.80
532.00,55.80721665,37.45859034,171.80
533.00,55.80720913,37.45858161,171.80
534.00,55.80720161,37.45857288,171.79
535.00,55.80719417,37.45856395,171.79
536.00,55.80718668,37.45855514,171.79
537.00,55.80717919,37.45854634,171.79
538.00,55.80717171,37.45853753,171.79
539.00,55.80716427,37.45852859,171.78
540.00,55.80715680,37.45851973,171.78
541.00,55.80714934,37.45851087,171.78
542.00,55.80714188,37.45850197,171.78
543.00,55.80713444,37.45849303,171.78
544.00,55.80712704,37.45848400,171.77
545.00,55.80711958,37.45847513,171.77
546.00,55.80711208,37.45846634,171.77
547.00,55.80710461,37.45845749,171.76
548.00,55.80709715,37.45844861,171.76
549.00,55.80708970,37.45843970,171.76
550.00,55.80708224,37.45843082,171.75
551.00,55.80707476,37.45842199,171.75
552.00,55.80706727,37.45841319,171.75
553.00,55.80705975,37.45840448,171.74
554.00,55.80705227,37.45839566,171.74
555.00,55.80704478,37.45838686,171.74
556.00,55.80703733,37.45837795,171.73
557.00,55.80702990,37.45836899,171.73
558.00,55.80702240,37.45836021,171.72
559.00,55.80701497,37.45835126,171.72
560.00,55.80700747,37.45834248,171.72
561.00,55.80699999,37.45833365,171.72
562.00,55.80699250,37.45832486,171.71
563.00,55.80698503,37.45831600,171.71
564.00,55.80697757,37.45830710,171.71
565.00,55.80697010,37.45829827,171.70
566.00,55.80696263,37.45828942,171.70
567.00,55.80695519,37.45828048,171.70
568.00,55.80694774,37.45827157,171.70
569.00,55.80694027,37.45826271,171.69
570.00,55.80693282,37.45825380,171.69
571.00,55.80692532,37.45824504,171.68
572.00,55.80691783,37.45823622,171.68
573.00,55.80691035,37.45822740,171.68
574.00,55.80690284,37.45821866,171.67
575.00,55.80689529,37.45821001,171.66
576.00,55.80688779,37.45820123,171.66
577.00,55.80688036,37.45819229,171.65
578.00,55.80687292,37.45818335,171.64
579.00,55.80686549,37.45817438,171.64
580.00,55.80685804,37.45816548,171.63
581.00,55.80685061,37.45815653,171.62
582.00,55.80684322,37.45814747,171.61
583.00,55.80683585,37.45813836,171.60
584.00,55.80682847,37.45812927,171.59
585.00,55.80682112,37.45812008,171.58
586.00,55.80681375,37.45811099,171.57
587.00,55.80680636,37.45810193,171.57
588.00,55.80679903,37.45809270,171.56
589.00,55.80679170,37.45808348,171.55
590.00,55.80678437,37.45807427,171.54
591.00,55.80677704,37.45806507,171.53
592.00,55.80676973,37.45805580,171.52
593.00,55.80676243,37.45804649,171.52
594.00,55.80675514,37.45803718,171.51
595.00,55.80674784,37.45802789,171.50
596.00,55.80674055,37.45801857,171.49
597.00,55.80673330,37.45800918,171.49
598.00,55.80672609,37.45799966,171.48
599.00,55.80671892,37.45799006,171.48
600.00,55.80671185,37.45798022,171.47
601.00,55.80670474,37.45797046,171.46
602.00,55.80669763,37.45796073,171.46
603.00,55.80669054,37.45795094,171.45
604.00,55.80668354,37.45794096,171.45
605.00,55.80667655,37.45793094,171.45
606.00,55.80666959,37.45792085,171.45
607.00,55.80666270,37.45791062,171.44
608.00,55.80665584,37.45790033,171.44
609.00,55.80664903,37.45788992,171.44
610.00,55.80664223,37.45787951,171.44
611.00,55.80663548,37.45786899,171.43
612.00,55.80662879,37.45785835,171.43
613.00,55.80662217,37.45784758,171.43
614.00,55.80661555,37.45783681,171.42
615.00,55.80660898,37.45782592,171.42
616.00,55.80660245,37.45781498,171.41
617.00,55.80659588,37.45780411,171.41
618.00,55.80658925,37.45779335,171.40
619.00,55.80658262,37.45778259,171.40
620.00,55.80657597,37.45777187,171.39
621.00,55.80656933,37.45776113,171.39
622.00,55.80656278,37.45775023,171.38
623.00,55.80655625,37.45773927,171.38
624.00,55.80654975,37.45772826,171.37
625.00,55.80654326,37.45771724,171.37
626.00,55.80653679,37.45770618,171.36
627.00,55.80653036,37.45769504,171.36
628.00,55.80652395,37.45768387,171.35
629.00,55.80651763,37.45767255,171.35
630.00,55.80651129,37.45766125,171.35
631.00,55.80650499,37.45764989,171.34
632.00,55.80649869,37.45763852,171.34
633.00,55.80649239,37.45762715,171.33
634.00,55.80648610,37.45761577,171.33
635.00,55.80647982,37.45760437,171.33
636.00,55.80647357,37.45759291,171.32
637.00,55.80646734,37.45758142,171.32
638.00,55.80646113,37.45756990,171.31
639.00,55.80645498,37.45755829,171.31
640.00,55.80644879,37.45754673,171.30
641.00,55.80644261,37.45753516,171.30
642.00,55.80643641,37.45752361,171.30
643.00,55.80643024,37.45751202,171.29
644.00,55.80642418,37.45750026,171.29
645.00,55.80641813,37.45748848,171.29
646.00,55.80641212,37.45747663,171.29
647.00,55.80640610,37.45746479,171.28
648.00,55.80640012,37.45745289,171.28
649.00,55.80639434,37.45744068,171.28
650.00,55.80638861,37.45742841,171.27
651.00,55.80638294,37.45741604,171.27
652.00,55.80637723,37.45740372,171.27
653.00,55.80637153,37.45739140,171.26
654.00,55.80636582,37.45737909,171.26
655.00,55.80636008,37.45736682,171.25
656.00,55.80635435,37.45735454,171.25
657.00,55.80634870,37.45734215,171.24
658.00,55.80634307,37.45732972,171.24
659.00,55.80633756,37.45731713,171.23
660.00,55.80633208,37.45730450,171.23
661.00,55.80632660,37.45729186,171.22
662.00,55.80632111,37.45727924,171.22
663.00,55.80631571,37.45726650,171.21
664.00,55.80631035,37.45725371,171.20
665.00,55.80630500,37.45724089,171.20
666.00,55.80629962,37.45722812,171.19
667.00,55.80629422,37.45721538,171.19
668.00,55.80628891,37.45720251,171.18
669.00,55.80628366,37.45718957,171.18
670.00,55.80627846,37.45717657,171.17
671.00,55.80627322,37.45716362,171.17
672.00,55.80626803,37.45715061,171.16
673.00,55.80626284,37.45713759,171.15
674.00,55.80625765,37.45712458,171.15
675.00,55.80625238,37.45711166,171.14
676.00,55.80624708,37.45709879,171.14
677.00,55.80624170,37.45708602,171.13
678.00,55.80623633,37.45707324,171.12
679.00,55.80623096,37.45706045,171.12
680.00,55.80622557,37.45704769,171.11
681.00,55.80622022,37.45703488,171.11
682.00,55.80621489,37.45702205,171.10
683.00,55.80620963,37.45700913,171.10
684.00,55.80620441,37.45699614,171.09
685.00,55.80619934,37.45698298,171.09
686.00,55.80619434,37.45696974,171.08
687.00,55.80618943,37.45695638,171.08
688.00,55.80618460,37.45694294,171.07
689.00,55.80617980,37.45692946,171.07
690.00,55.80617506,37.45691591,171.06
691.00,55.80617037,37.45690231,171.06
692.00,55.80616575,37.45688864,171.05
693.00,55.80616121,37.45687487,171.05
694.00,55.80615667,37.45686112,171.04
695.00,55.80615221,37.45684728,171.04
696.00,55.80614775,37.45683344,171.03
697.00,55.80614329,37.45681960,171.02
698.00,55.80613888,37.45680570,171.02
699.00,55.80613441,37.45679187,171.01
700.00,55.80612994,37.45677804,171.01
701.00,55.80612548,37.45676419,171.01
702.00,55.80612104,37.45675033,171.00
703.00,55.80611664,37.45673643,171.00
704.00,55.80611227,37.45672250,171.00
705.00,55.80610797,37.45670849,170.99
706.00,55.80610375,37.45669442,170.99
707.00,55.80609948,37.45668039,170.99
708.00,55.80609520,37.45666636,170.98
709.00,55.80609089,37.45665237,170.98
710.00,55.80608664,37.45663833,170.98
711.00,55.80608249,37.45662418,170.98
712.00,55.80607840,37.45660998,170.97
713.00,55.80607434,37.45659576,170.97
714.00,55.80607037,37.45658146,170.97
715.00,55.80606643,37.45656713,170.97
716.00,55.80606253,37.45655276,170.97
717.00,55.80605845,37.45653856,170.96
718.00,55.80605443,37.45652430,170.96
719.00,55.80605044,37.45651001,170.96
720.00,55.80604642,37.45649575,170.95
721.00,55.80604244,37.45648145,170.95
722.00,55.80603855,37.45646707,170.95
723.00,55.80603460,37.45645275,170.94
724.00,55.80603070,37.45643839,170.94
725.00,55.80602693,37.45642391,170.93
726.00,55.80602320,37.45640940,170.93
727.00,55.80601962,37.45639478,170.92
728.00,55.80601595,37.45638023,170.92
729.00,55.80601231,37.45636565,170.91
730.00,55.80600863,37.45635110,170.90
731.00,55.80600497,37.45633654,170.90
732.00,55.80600138,37.45632192,170.89
733.00,55.80599779,37.45630730,170.89
734.00,55.80599423,37.45629266,170.88
735.00,55.80599062,37.45627806,170.87
736.00,55.80598706,37.45626342,170.86
737.00,55.80598361,37.45624869,170.85
738.00,55.80598016,37.45623397,170.84
739.00,55.80597677,37.45621921,170.83
740.00,55.80597348,37.45620436,170.82
741.00,55.80597020,37.45618952,170.81
742.00,55.80596677,37.45617478,170.80
743.00,55.80596338,37.45616001,170.79
744.00,55.80595998,37.45614525,170.78
745.00,55.80595658,37.45613049,170.76
746.00,55.80595322,37.45611570,170.75
747.00,55.80594992,37.45610087,170.74
748.00,55.80594652,37.45608611,170.73
749.00,55.80594311,37.45607136,170.71
750.00,55.80593978,37.45605654,170.70
751.00,55.80593649,37.45604171,170.69
752.00,55.80593317,37.45602689,170.68
753.00,55.80592987,37.45601206,170.66
754.00,55.80592665,37.45599717,170.65
755.00,55.80592338,37.45598231,170.63
756.00,55.80592007,37.45596749,170.62
757.00,55.80591676,37.45595267,170.60
758.00,55.80591347,37.45593783,170.59
759.00,55.80591031,37.45592290,170.57
760.00,55.80590708,37.45590802,170.56
761.00,55.80590381,37.45589317,170.54
762.00,55.80590057,37.45587830,170.52
763.00,55.80589732,37.45586343,170.51
764.00,55.80589404,37.45584858,170.49
765.00,55.80589079,37.45583372,170.48
766.00,55.80588753,37.45581886,170.46
767.00,55.80588431,37.45580397,170.45
768.00,55.80588109,37.45578908,170.43
769.00,55.80587796,37.45577413,170.42
770.00,55.80587488,37.45575915,170.40
771.00,55.80587181,37.45574417,170.38
772.00,55.80586871,37.45572920,170.37
773.00,55.80586563,37.45571422,170.35
774.00,55.80586261,37.45569920,170.33
775.00,55.80585978,37.45568407,170.31
776.00,55.80585688,37.45566898,170.29
777.00,55.80585399,37.45565388,170.27
778.00,55.80585109,37.45563878,170.25
779.00,55.80584821,37.45562367,170.23
780.00,55.80584532,37.45560858,170.21
781.00,55.80584256,37.45559340,170.19
782.00,55.80583989,37.45557818,170.17
783.00,55.80583719,37.45556297,170.15
784.00,55.80583451,37.45554775,170.13
785.00,55.80583187,37.45553250,170.10
786.00,55.80582923,37.45551726,170.08
787.00,55.80582666,37.45550198,170.06
788.00,55.80582411,37.45548669,170.04
789.00,55.80582162,37.45547137,170.02
790.00,55.80581917,37.45545602,169.99
791.00,55.80581679,37.45544065,169.97
792.00,55.80581447,37.45542524,169.94
793.00,55.80581218,37.45540982,169.92
794.00,55.80581005,37.45539433,169.89
795.00,55.80580789,37.45537885,169.87
796.00,55.80580576,37.45536336,169.84
797.00,55.80580369,37.45534784,169.82
798.00,55.80580165,37.45533231,169.79
799.00,55.80579971,37.45531674,169.77
800.00,55.80579768,37.45530120,169.74
801.00,55.80579570,37.45528565,169.72
802.00,55.80579386,37.45527004,169.69
803.00,55.80579203,37.45525443,169.67
804.00,55.80579024,37.45523880,169.64
805.00,55.80578843,37.45522318,169.62
806.00,55.80578660,37.45520757,169.59
807.00,55.80578477,37.45519195,169.57
808.00,55.80578297,37.45517633,169.54
809.00,55.80578121,37.45516069,169.52
810.00,55.80577949,37.45514504,169.49
811.00,55.80577776,37.45512939,169.47
812.00,55.80577602,37.45511375,169.44
813.00,55.80577429,37.45509810,169.42
814.00,55.80577263,37.45508242,169.40
815.00,55.80577100,37.45506674,169.38
816.00,55.80576938,37.45505106,169.35
817.00,55.80576777,37.45503537,169.33
818.00,55.80576613,37.45501969,169.31
819.00,55.80576443,37.45500403,169.29
820.00,55.80576272,37.45498838,169.26
821.00,55.80576100,37.45497272,169.24
822.00,55.80575934,37.45495705,169.22
823.00,55.80575769,37.45494137,169.20
824.00,55.80575606,37.45492569,169.18
825.00,55.80575446,37.45491000,169.16
826.00,55.80575290,37.45489430,169.14
827.00,55.80575129,37.45487861,169.12
828.00,55.80574961,37.45486294,169.09
829.00,55.80574802,37.45484725,169.07
830.00,55.80574648,37.45483154,169.05
831.00,55.80574504,37.45481579,169.03
832.00,55.80574367,37.45480003,169.01
833.00,55.80574229,37.45478428,168.99
834.00,55.80574087,37.45476853,168.97
835.00,55.80573943,37.45475279,168.95
836.00,55.80573798,37.45473705,168.92
837.00,55.80573658,37.45472130,168.90
838.00,55.80573517,37.45470555,168.88
839.00,55.80573372,37.45468981,168.86
840.00,55.80573221,37.45467409,168.83
841.00,55.80573075,37.45465836,168.81
842.00,55.80572935,37.45464260,168.79
843.00,55.80572797,37.45462685,168.77
844.00,55.80572663,37.45461108,168.75
845.00,55.80572531,37.45459530,168.73
846.00,55.80572407,37.45457951,168.70
847.00,55.80572279,37.45456372,168.68
848.00,55.80572146,37.45454795,168.66
849.00,55.80572021,37.45453216,168.64
850.00,55.80571888,37.45451639,168.62
851.00,55.80571759,37.45450061,168.60
852.00,55.80571631,37.45448482,168.57
853.00,55.80571505,37.45446903,168.55
854.00,55.80571380,37.45445324,168.53
855.00,55.80571257,37.45443744,168.51
856.00,55.80571134,37.45442165,168.49
857.00,55.80571015,37.45440584,168.47
858.00,55.80570897,37.45439003,168.45
859.00,55.80570782,37.45437422,168.43
860.00,55.80570666,37.45435840,168.41
861.00,55.80570549,37.45434259,168.39
862.00,55.80570431,37.45432678,168.37
863.00,55.80570319,37.45431096,168.35
864.00,55.80570202,37.45429515,168.33
865.00,55.80570089,37.45427933,168.31
866.00,55.80569977,37.45426350,168.29
867.00,55.80569866,37.45424768,168.27
868.00,55.80569754,37.45423186,168.25
869.00,55.80569644,37.45421603,168.23
870.00,55.80569525,37.45420022,168.22
871.00,55.80569399,37.45418443,168.20
872.00,55.80569279,37.45416863,168.18
873.00,55.80569164,37.45415281,168.16
874.00,55.80569046,37.45413700,168.14
875.00,55.80568932,37.45412119,168.12
876.00,55.80568814,37.45410538,168.11
877.00,55.80568694,37.45408957,168.09
878.00,55.80568573,37.45407377,168.07
879.00,55.80568446,37.45405799,168.05
880.00,55.80568331,37.45404217,168.03
881.00,55.80568215,37.45402636,168.02
882.00,55.80568101,37.45401054,168.00
883.00,55.80567989,37.45399471,167.98
884.00,55.80567862,37.45397893,167.97
885.00,55.80567744,37.45396312,167.95
886.00,55.80567625,37.45394731,167.93
887.00,55.80567510,37.45393150,167.91
888.00,55.80567375,37.45391573,167.90
889.00,55.80567249,37.45389994,167.88
890.00,55.80567129,37.45388414,167.86
891.00,55.80567015,37.45386832,167.85
892.00,55.80566896,37.45385251,167.83
893.00,55.80566778,37.45383670,167.82
894.00,55.80566664,37.45382088,167.80
895.00,55.80566540,37.45380509,167.79
896.00,55.80566422,37.45378928,167.77
897.00,55.80566305,37.45377347,167.76
898.00,55.80566185,37.45375767,167.74
899.00,55.80566068,37.45374186,167.73
900.00,55.80565960,37.45372602,167.71
901.00,55.80565846,37.45371020,167.69
902.00,55.80565730,37.45369439,167.68
903.00,55.80565614,37.45367858,167.66
904.00,55.80565500,37.45366276,167.64
905.00,55.80565383,37.45364695,167.63
906.00,55.80565266,37.45363114,167.61
907.00,55.80565151,37.45361532,167.59
908.00,55.80565035,37.45359951,167.58
909.00,55.80564911,37.45358371,167.56
910.00,55.80564792,37.45356791,167.54
911.00,55.80564672,37.45355210,167.52
912.00,55.80564557,37.45353629,167.51
913.00,55.80564434,37.45352049,167.49
914.00,55.80564315,37.45350468,167.48
915.00,55.80564192,37.45348889,167.46
916.00,55.80564070,37.45347309,167.44
917.00,55.80563950,37.45345728,167.42
918.00,55.80563829,37.45344148,167.41
919.00,55.80563712,37.45342567,167.39
920.00,55.80563597,37.45340985,167.37
921.00,55.80563475,37.45339405,167.36
922.00,55.80563356,37.45337825,167.34
923.00,55.80563236,37.45336244,167.32
924.00,55.80563118,37.45334664,167.31
925.00,55.80562997,37.45333083,167.29
926.00,55.80562878,37.45331503,167.27
927.00,55.80562763,37.45329921,167.26
928.00,55.80562651,37.45328339,167.24
929.00,55.80562530,37.45326759,167.23
930.00,55.80562417,37.45325177,167.21
931.00,55.80562301,37.45323595,167.20
932.00,55.80562184,37.45322014,167.18
933.00,55.80562067,37.45320433,167.17
934.00,55.80561946,37.45318853,167.15
935.00,55.80561825,37.45317273,167.14
936.00,55.80561696,37.45315694,167.12
937.00,55.80561578,37.45314114,167.11
938.00,55.80561461,37.45312533,167.09
939.00,55.80561352,37.45310950,167.08
940.00,55.80561229,37.45309370,167.06
941.00,55.80561109,37.45307789,167.04
942.00,55.80560986,37.45306210,167.03
943.00,55.80560866,37.45304629,167.01
944.00,55.80560749,37.45303048,167.00
945.00,55.80560628,37.45301468,166.98
946.00,55.80560514,37.45299886,166.97
947.00,55.80560395,37.45298306,166.95
948.00,55.80560279,37.45296724,166.94
949.00,55.80560158,37.45295144,166.93
950.00,55.80560035,37.45293564,166.91
951.00,55.80559913,37.45291984,166.90
952.00,55.80559791,37.45290404,166.88
953.00,55.80559674,37.45288823,166.87
954.00,55.80559550,37.45287244,166.85
955.00,55.80559431,37.45285663,166.84
956.00,55.80559312,37.45284083,166.83
957.00,55.80559187,37.45282503,166.81
958.00,55.80559075,37.45280921,166.80
959.00,55.80558954,37.45279341,166.78
960.00,55.80558829,37.45277762,166.77
961.00,55.80558712,37.45276181,166.76
962.00,55.80558592,37.45274600,166.74
963.00,55.80558480,37.45273018,166.73
964.00,55.80558363,37.45271437,166.72
965.00,55.80558243,37.45269856,166.70
966.00,55.80558125,37.45268275,166.69
967.00,55.80558008,37.45266694,166.68
968.00,55.80557888,37.45265114,166.66
969.00,55.80557765,37.45263534,166.65
970.00,55.80557648,37.45261953,166.64
971.00,55.80557533,37.45260372,166.63
972.00,55.80557416,37.45258790,166.61
973.00,55.80557294,37.45257210,166.60
974.00,55.80557171,37.45255631,166.59
975.00,55.80557048,37.45254051,166.57
976.00,55.80556925,37.45252471,166.56
977.00,55.80556808,37.45250890,166.55
978.00,55.80556690,37.45249309,166.53
979.00,55.80556568,37.45247730,166.52
980.00,55.80556447,37.45246149,166.51
981.00,55.80556321,37.45244570,166.49
982.00,55.80556197,37.45242991,166.48
983.00,55.80556071,37.45241412,166.47
984.00,55.80555952,37.45239831,166.46
985.00,55.80555833,37.45238251,166.44
986.00,55.80555713,37.45236670,166.43
987.00,55.80555594,37.45235090,166.42
988.00,55.80555474,37.45233509,166.41
989.00,55.80555352,37.45231929,166.40
990.00,55.80555225,37.45230351,166.39
991.00,55.80555095,37.45228773,166.38
992.00,55.80554970,37.45227194,166.37
993.00,55.80554832,37.45225618,166.36
994.00,55.80554712,37.45224037,166.35
995.00,55.80554596,37.45222456,166.34
996.00,55.80554483,37.45220874,166.33
997.00,55.80554371,37.45219292,166.32
998.00,55.80554264,37.45217708,166.31
999.00,55.80554151,37.45216126,166.31
1000.00,55.80554039,37.45214544,166.30
1001.00,55.80553919,37.45212964,166.29
1002.00,55.80553800,37.45211383,166.29
1003.00,55.80553682,37.45209802,166.28
1004.00,55.80553558,37.45208223,166.28
1005.00,55.80553434,37.45206643,166.27
1006.00,55.80553315,37.45205062,166.26
1007.00,55.80553194,37.45203482,166.26
1008.00,55.80553067,37.45201904,166.25
1009.00,55.80552946,37.45200324,166.25
1010.00,55.80552831,37.45198742,166.24
1011.00,55.80552722,37.45197159,166.24
1012.00,55.80552608,37.45195577,166.23
1013.00,55.80552489,37.45193996,166.23
1014.00,55.80552371,37.45192416,166.22
1015.00,55.80552253,37.45190835,166.22
1016.00,55.80552138,37.45189253,166.21
1017.00,55.80552031,37.45187670,166.21
1018.00,55.80551921,37.45186087,166.20
1019.00,55.80551817,37.45184503,166.20
1020.00,55.80551711,37.45182920,166.19
1021.00,55.80551601,37.45181337,166.18
1022.00,55.80551488,37.45179755,166.18
1023.00,55.80551378,37.45178172,166.17
1024.00,55.80551275,37.45176588,166.17
1025.00,55.80551177,37.45175003,166.16
1026.00,55.80551083,37.45173417,166.15
1027.00,55.80550988,37.45171831,166.15
1028.00,55.80550896,37.45170245,166.14
1029.00,55.80550804,37.45168658,166.14
1030.00,55.80550713,37.45167072,166.13
1031.00,55.80550617,37.45165486,166.13
1032.00,55.80550520,37.45163901,166.12
1033.00,55.80550425,37.45162315,166.11
1034.00,55.80550334,37.45160729,166.11
1035.00,55.80550240,37.45159143,166.10
1036.00,55.80550146,37.45157557,166.09
1037.00,55.80550042,37.45155973,166.09
1038.00,55.80549940,37.45154388,166.08
1039.00,55.80549840,37.45152804,166.08
1040.00,55.80549737,37.45151219,166.07
1041.00,55.80549645,37.45149633,166.06
1042.00,55.80549558,37.45148046,166.06
1043.00,55.80549469,37.45146459,166.05
1044.00,55.80549394,37.45144870,166.05
1045.00,55.80549309,37.45143282,166.04
1046.00,55.80549225,37.45141695,166.03
1047.00,55.80549141,37.45140107,166.03
1048.00,55.80549061,37.45138519,166.02
1049.00,55.80548979,37.45136930,166.01
1050.00,55.80548911,37.45135340,166.01
1051.00,55.80548843,37.45133750,166.00
1052.00,55.80548775,37.45132160,165.99
1053.00,55.80548701,37.45130571,165.99
1054.00,55.80548625,37.45128982,165.98
1055.00,55.80548552,37.45127392,165.98
1056.00,55.80548479,37.45125803,165.97
1057.00,55.80548408,37.45124213,165.97
1058.00,55.80548346,37.45122622,165.96
1059.00,55.80548282,37.45121032,165.96
1060.00,55.80548223,37.45119440,165.96
1061.00,55.80548150,37.45117851,165.95
1062.00,55.80548079,37.45116261,165.95
1063.00,55.80547997,37.45114673,165.94
1064.00,55.80547909,37.45113086,165.94
1065.00,55.80547818,37.45111500,165.94
1066.00,55.80547730,37.45109913,165.93
1067.00,55.80547643,37.45108326,165.93
1068.00,55.80547574,37.45106736,165.92
1069.00,55.80547525,37.45105143,165.92
1070.00,55.80547486,37.45103550,165.92
1071.00,55.80547432,37.45101958,165.92
1072.00,55.80547378,37.45100366,165.91
1073.00,55.80547326,37.45098774,165.91
1074.00,55.80547275,37.45097182,165.91
1075.00,55.80547217,37.45095591,165.91
1076.00,55.80547153,37.45094000,165.91
1077.00,55.80547081,37.45092411,165.90
1078.00,55.80547007,37.45090821,165.90
1079.00,55.80546931,37.45089232,165.90
1080.00,55.80546853,37.45087644,165.90
1081.00,55.80546769,37.45086056,165.90
1082.00,55.80546687,37.45084468,165.90
1083.00,55.80546616,37.45082878,165.90
1084.00,55.80546549,37.45081288,165.90
1085.00,55.80546490,37.45079697,165.90
1086.00,55.80546429,37.45078106,165.90
1087.00,55.80546368,37.45076515,165.89
1088.00,55.80546309,37.45074923,165.89
1089.00,55.80546246,37.45073333,165.89
1090.00,55.80546179,37.45071742,165.89
1091.00,55.80546107,37.45070153,165.89
1092.00,55.80546036,37.45068563,165.89
1093.00,55.80545965,37.45066973,165.90
1094.00,55.80545892,37.45065384,165.90
1095.00,55.80545826,37.45063793,165.90
1096.00,55.80545761,37.45062203,165.90
1097.00,55.80545699,37.45060612,165.90
1098.00,55.80545633,37.45059022,165.90
1099.00,55.80545561,37.45057432,165.90
1100.00,55.80545500,37.45055841,165.90
1101.00,55.80545445,37.45054249,165.90
1102.00,55.80545393,37.45052657,165.91
1103.00,55.80545342,37.45051065,165.91
1104.00,55.80545283,37.45049474,165.90
1105.00,55.80545216,37.45047884,165.91
1106.00,55.80545151,37.45046293,165.91
1107.00,55.80545088,37.45044702,165.91
1108.00,55.80545034,37.45043111,165.91
1109.00,55.80544988,37.45041518,165.91
1110.00,55.80544936,37.45039926,165.91
1111.00,55.80544873,37.45038335,165.92
1112.00,55.80544820,37.45036743,165.92
1113.00,55.80544751,37.45035153,165.92
1114.00,55.80544681,37.45033563,165.93
1115.00,55.80544601,37.45031975,165.93
1116.00,55.80544523,37.45030386,165.94
1117.00,55.80544442,37.45028798,165.94
1118.00,55.80544350,37.45027212,165.95
1119.00,55.80544256,37.45025626,165.95
1120.00,55.80544170,37.45024039,165.95
1121.00,55.80544089,37.45022450,165.95
1122.00,55.80544022,37.45020860,165.96
1123.00,55.80543979,37.45019267,165.96
1124.00,55.80543948,37.45017673,165.96
1125.00,55.80543937,37.45016079,165.96
1126.00,55.80543940,37.45014484,165.97
1127.00,55.80543959,37.45012890,165.97
1128.00,55.80543992,37.45011296,165.97
1129.00,55.80544046,37.45009704,165.97
1130.00,55.80544119,37.45008115,165.98
1131.00,55.80544210,37.45006528,165.98
1132.00,55.80544318,37.45004945,165.98
1133.00,55.80544441,37.45003366,165.98
1134.00,55.80544569,37.45001787,165.97
1135.00,55.80544707,37.45000212,165.97
1136.00,55.80544850,37.44998637,165.97
1137.00,55.80544996,37.44997064,165.96
1138.00,55.80545149,37.44995492,165.96
1139.00,55.80545299,37.44993920,165.96
1140.00,55.80545442,37.44992346,165.95
1141.00,55.80545568,37.44990767,165.95
1142.00,55.80545683,37.44989185,165.94
1143.00,55.80545783,37.44987600,165.94
1144.00,55.80545865,37.44986012,165.93
1145.00,55.80545927,37.44984421,165.93
1146.00,55.80545969,37.44982828,165.92
1147.00,55.80546009,37.44981235,165.92
1148.00,55.80546036,37.44979641,165.91
1149.00,55.80546044,37.44978047,165.91
1150.00,55.80546030,37.44976452,165.91
1151.00,55.80545986,37.44974859,165.90
1152.00,55.80545940,37.44973267,165.89
1153.00,55.80545890,37.44971675,165.89
1154.00,55.80545841,37.44970082,165.88
1155.00,55.80545789,37.44968490,165.88
1156.00,55.80545739,37.44966898,165.87
1157.00,55.80545692,37.44965306,165.87
1158.00,55.80545638,37.44963714,165.86
1159.00,55.80545586,37.44962122,165.86
1160.00,55.80545529,37.44960530,165.85
1161.00,55.80545470,37.44958939,165.85
1162.00,55.80545412,37.44957347,165.84
1163.00,55.80545355,37.44955756,165.84
1164.00,55.80545299,37.44954164,165.83
1165.00,55.80545235,37.44952574,165.83
1166.00,55.80545170,37.44950983,165.82
1167.00,55.80545111,37.44949392,165.82
1168.00,55.80545048,37.44947801,165.81
1169.00,55.80544984,37.44946210,165.81
1170.00,55.80544919,37.44944620,165.80
1171.00,55.80544855,37.44943029,165.79
1172.00,55.80544797,37.44941438,165.79
1173.00,55.80544736,37.44939847,165.78
1174.00,55.80544674,37.44938256,165.77
1175.00,55.80544611,37.44936665,165.77
1176.00,55.80544552,37.44935074,165.76
1177.00,55.80544494,37.44933483,165.76
1178.00,55.80544434,37.44931891,165.75
1179.00,55.80544371,37.44930301,165.75
1180.00,55.80544309,37.44928710,165.74
1181.00,55.80544247,37.44927119,165.73
1182.00,55.80544184,37.44925528,165.73
1183.00,55.80544114,37.44923938,165.72
1184.00,55.80544045,37.44922348,165.71
1185.00,55.80543976,37.44920758,165.71
1186.00,55.80543917,37.44919167,165.70
1187.00,55.80543862,37.44917575,165.69
1188.00,55.80543807,37.44915984,165.68
1189.00,55.80543752,37.44914392,165.68
1190.00,55.80543693,37.44912801,165.67
1191.00,55.80543631,37.44911210,165.66
1192.00,55.80543564,37.44909619,165.65
1193.00,55.80543494,37.44908030,165.64
1194.00,55.80543425,37.44906440,165.63
1195.00,55.80543354,37.44904850,165.62
1196.00,55.80543281,37.44903260,165.61
1197.00,55.80543220,37.44901669,165.60
1198.00,55.80543159,37.44900078,165.59
1199.00,55.80543099,37.44898487,165.58
1200.00,55.80543041,37.44896896,165.57
1201.00,55.80542982,37.44895305,165.55
1202.00,55.80542925,37.44893713,165.54
1203.00,55.80542864,37.44892122,165.53
1204.00,55.80542803,37.44890531,165.52
1205.00,55.80542744,37.44888940,165.50
1206.00,55.80542684,37.44887349,165.49
1207.00,55.80542623,37.44885758,165.48
1208.00,55.80542565,37.44884166,165.46
1209.00,55.80542503,37.44882575,165.45
1210.00,55.80542436,37.44880985,165.44
1211.00,55.80542371,37.44879395,165.42
1212.00,55.80542312,37.44877803,165.41
1213.00,55.80542244,37.44876213,165.39
1214.00,55.80542177,37.44874623,165.38
1215.00,55.80542116,37.44873032,165.37
1216.00,55.80542056,37.44871441,165.35
1217.00,55.80541993,37.44869850,165.34
1218.00,55.80541930,37.44868259,165.33
1219.00,55.80541868,37.44866668,165.31
1220.00,55.80541808,37.44865077,165.30
1221.00,55.80541749,37.44863486,165.29
1222.00,55.80541686,37.44861895,165.27
1223.00,55.80541625,37.44860304,165.26
1224.00,55.80541565,37.44858713,165.25
1225.00,55.80541505,37.44857122,165.24
1226.00,55.80541439,37.44855531,165.22
1227.00,55.80541375,37.44853941,165.21
1228.00,55.80541312,37.44852350,165.20
1229.00,55.80541246,37.44850760,165.19
1230.00,55.80541183,37.44849169,165.18
1231.00,55.80541123,37.44847578,165.16
1232.00,55.80541069,37.44845986,165.15
1233.00,55.80541012,37.44844394,165.14
1234.00,55.80540956,37.44842803,165.13
1235.00,55.80540895,37.44841212,165.12
1236.00,55.80540835,37.44839620,165.11
1237.00,55.80540771,37.44838030,165.10
1238.00,55.80540706,37.44836439,165.09
1239.00,55.80540643,37.44834849,165.08
1240.00,55.80540582,37.44833258,165.07
1241.00,55.80540521,37.44831667,165.06
1242.00,55.80540459,37.44830076,165.05
1243.00,55.80540397,37.44828485,165.03
1244.00,55.80540337,37.44826894,165.02
1245.00,55.80540282,37.44825302,165.01
1246.00,55.80540221,37.44823711,165.00
1247.00,55.80540160,37.44822120,164.99
1248.00,55.80540099,37.44820529,164.98
1249.00,55.80540036,37.44818938,164.98
1250.00,55.80539975,37.44817347,164.97
1251.00,55.80539914,37.44815756,164.96
1252.00,55.80539853,37.44814165,164.95
1253.00,55.80539793,37.44812574,164.94
1254.00,55.80539731,37.44810983,164.93
1255.00,55.80539665,37.44809392,164.92
1256.00,55.80539592,37.44807803,164.91
1257.00,55.80539526,37.44806213,164.90
1258.00,55.80539467,37.44804621,164.89
1259.00,55.80539412,37.44803030,164.88
1260.00,55.80539355,37.44801438,164.87
1261.00,55.80539301,37.44799846,164.86
1262.00,55.80539244,37.44798255,164.86
1263.00,55.80539181,37.44796664,164.85
1264.00,55.80539116,37.44795074,164.84
1265.00,55.80539051,37.44793483,164.83
1266.00,55.80538991,37.44791892,164.82
1267.00,55.80538933,37.44790301,164.81
1268.00,55.80538877,37.44788709,164.80
1269.00,55.80538812,37.44787118,164.80
1270.00,55.80538746,37.44785528,164.79
1271.00,55.80538676,37.44783938,164.78
1272.00,55.80538616,37.44782347,164.77
1273.00,55.80538560,37.44780755,164.76
1274.00,55.80538505,37.44779164,164.75
1275.00,55.80538449,37.44777572,164.74
1276.00,55.80538398,37.44775980,164.73
1277.00,55.80538338,37.44774389,164.73
1278.00,55.80538269,37.44772799,164.72
1279.00,55.80538202,37.44771208,164.71
1280.00,55.80538141,37.44769618,164.70
1281.00,55.80538075,37.44768027,164.69
1282.00,55.80538007,37.44766437,164.68
1283.00,55.80537947,37.44764846,164.68
1284.00,55.80537888,37.44763255,164.67
1285.00,55.80537832,37.44761663,164.66
1286.00,55.80537776,37.44760071,164.65
1287.00,55.80537717,37.44758480,164.64
1288.00,55.80537657,37.44756889,164.63
1289.00,55.80537595,37.44755298,164.62
1290.00,55.80537535,37.44753707,164.62
1291.00,55.80537473,37.44752116,164.61
1292.00,55.80537411,37.44750525,164.60
1293.00,55.80537349,37.44748934,164.59
1294.00,55.80537287,37.44747343,164.58
1295.00,55.80537224,37.44745753,164.58
1296.00,55.80537161,37.44744162,164.57
1297.00,55.80537100,37.44742571,164.56
1298.00,55.80537036,37.44740980,164.55
1299.00,55.80536973,37.44739389,164.54
1300.00,55.80536915,37.44737798,164.54
1301.00,55.80536852,37.44736207,164.53
1302.00,55.80536794,37.44734616,164.52
1303.00,55.80536739,37.44733024,164.51
1304.00,55.80536683,37.44731432,164.51
1305.00,55.80536621,37.44729842,164.50
1306.00,55.80536557,37.44728251,164.49
1307.00,55.80536490,37.44726661,164.48
1308.00,55.80536427,37.44725070,164.47
1309.00,55.80536368,37.44723479,164.47
1310.00,55.80536313,37.44721887,164.46
1311.00,55.80536258,37.44720295,164.45
1312.00,55.80536200,37.44718704,164.45
1313.00,55.80536141,37.44717113,164.44
1314.00,55.80536077,37.44715522,164.43
1315.00,55.80536009,37.44713932,164.43
1316.00,55.80535943,37.44712341,164.42
1317.00,55.80535880,37.44710751,164.41
1318.00,55.80535819,37.44709160,164.40
1319.00,55.80535757,37.44707569,164.40
1320.00,55.80535694,37.44705978,164.39
1321.00,55.80535627,37.44704388,164.39
1322.00,55.80535570,37.44702796,164.38
1323.00,55.80535507,37.44701205,164.37
1324.00,55.80535446,37.44699614,164.37
1325.00,55.80535388,37.44698023,164.36
1326.00,55.80535332,37.44696431,164.36
1327.00,55.80535270,37.44694840,164.35
1328.00,55.80535207,37.44693250,164.35
1329.00,55.80535150,37.44691658,164.34
1330.00,55.80535093,37.44690067,164.34
1331.00,55.80535035,37.44688475,164.34
1332.00,55.80534974,37.44686884,164.33
1333.00,55.80534908,37.44685294,164.33
1334.00,55.80534841,37.44683704,164.32
1335.00,55.80534770,37.44682114,164.32
1336.00,55.80534699,37.44680524,164.32
1337.00,55.80534635,37.44678934,164.31
1338.00,55.80534575,37.44677343,164.31
1339.00,55.80534519,37.44675751,164.30
1340.00,55.80534462,37.44674159,164.30
1341.00,55.80534401,37.44672568,164.29
1342.00,55.80534343,37.44670977,164.29
1343.00,55.80534286,37.44669385,164.29
1344.00,55.80534227,37.44667794,164.28
1345.00,55.80534165,37.44666203,164.28
1346.00,55.80534103,37.44664612,164.27
1347.00,55.80534040,37.44663022,164.27
1348.00,55.80533974,37.44661431,164.26
1349.00,55.80533905,37.44659841,164.25
1350.00,55.80533835,37.44658251,164.25
1351.00,55.80533770,37.44656661,164.24
1352.00,55.80533713,37.44655069,164.23
1353.00,55.80533651,37.44653479,164.22
1354.00,55.80533584,37.44651888,164.22
1355.00,55.80533526,37.44650297,164.21
1356.00,55.80533474,37.44648705,164.20
1357.00,55.80533422,37.44647113,164.19
1358.00,55.80533367,37.44645521,164.18
1359.00,55.80533309,37.44643930,164.17
1360.00,55.80533248,37.44642339,164.16
1361.00,55.80533183,37.44640748,164.15
1362.00,55.80533119,37.44639158,164.14
1363.00,55.80533054,37.44637567,164.13
1364.00,55.80532989,37.44635977,164.11
1365.00,55.80532927,37.44634386,164.10
1366.00,55.80532875,37.44632794,164.09
1367.00,55.80532820,37.44631202,164.08
1368.00,55.80532760,37.44629611,164.07
1369.00,55.80532695,37.44628020,164.05
1370.00,55.80532630,37.44626430,164.04
1371.00,55.80532562,37.44624840,164.03
1372.00,55.80532497,37.44623249,164.02
1373.00,55.80532436,37.44621658,164.01
1374.00,55.80532375,37.44620067,164.00
1375.00,55.80532316,37.44618476,163.99
1376.00,55.80532257,37.44616885,163.97
1377.00,55.80532194,37.44615294,163.96
1378.00,55.80532131,37.44613703,163.95
1379.00,55.80532068,37.44612112,163.94
1380.00,55.80532005,37.44610521,163.93
1381.00,55.80531941,37.44608931,163.92
1382.00,55.80531877,37.44607340,163.91
1383.00,55.80531812,37.44605750,163.90
1384.00,55.80531754,37.44604158,163.89
1385.00,55.80531697,37.44602567,163.88
1386.00,55.80531643,37.44600975,163.87
1387.00,55.80531591,37.44599383,163.86
1388.00,55.80531535,37.44597791,163.85
1389.00,55.80531477,37.44596200,163.85
1390.00,55.80531415,37.44594609,163.84
1391.00,55.80531352,37.44593018,163.83
1392.00,55.80531292,37.44591427,163.82
1393.00,55.80531232,37.44589836,163.81
1394.00,55.80531166,37.44588246,163.80
1395.00,55.80531100,37.44586655,163.80
1396.00,55.80531034,37.44585065,163.79
1397.00,55.80530970,37.44583474,163.78
1398.00,55.80530905,37.44581884,163.77
1399.00,55.80530840,37.44580293,163.77
1400.00,55.80530774,37.44578703,163.76
1401.00,55.80530710,37.44577112,163.75
1402.00,55.80530647,37.44575521,163.74
1403.00,55.80530583,37.44573931,163.73
1404.00,55.80530525,37.44572339,163.73
1405.00,55.80530477,37.44570747,163.72
1406.00,55.80530419,37.44569155,163.71
1407.00,55.80530362,37.44567564,163.71
1408.00,55.80530304,37.44565973,163.70
1409.00,55.80530241,37.44564382,163.69
1410.00,55.80530180,37.44562791,163.68
1411.00,55.80530121,37.44561199,163.67
1412.00,55.80530063,37.44559608,163.67
1413.00,55.80530000,37.44558017,163.66
1414.00,55.80529932,37.44556427,163.65
1415.00,55.80529864,37.44554837,163.64
1416.00,55.80529798,37.44553247,163.63
1417.00,55.80529736,37.44551656,163.62
1418.00,55.80529678,37.44550064,163.61
1419.00,55.80529617,37.44548473,163.60
1420.00,55.80529554,37.44546883,163.59
1421.00,55.80529493,37.44545292,163.58
1422.00,55.80529434,37.44543700,163.57
1423.00,55.80529373,37.44542109,163.56
1424.00,55.80529310,37.44540519,163.54
1425.00,55.80529247,37.44538928,163.53
1426.00,55.80529186,37.44537337,163.52
1427.00,55.80529125,37.44535746,163.50
1428.00,55.80529065,37.44534155,163.49
1429.00,55.80529006,37.44532563,163.47
1430.00,55.80528949,37.44530972,163.46
1431.00,55.80528894,37.44529380,163.44
1432.00,55.80528838,37.44527789,163.43
1433.00,55.80528777,37.44526198,163.41
1434.00,55.80528714,37.44524607,163.40
1435.00,55.80528649,37.44523016,163.38
1436.00,55.80528583,37.44521426,163.37
1437.00,55.80528519,37.44519835,163.35
1438.00,55.80528459,37.44518244,163.33
1439.00,55.80528403,37.44516652,163.32
1440.00,55.80528350,37.44515061,163.30
1441.00,55.80528291,37.44513469,163.28
1442.00,55.80528231,37.44511878,163.27
1443.00,55.80528165,37.44510288,163.25
1444.00,55.80528102,37.44508697,163.23
1445.00,55.80528039,37.44507106,163.21
1446.00,55.80527976,37.44505515,163.20
1447.00,55.80527912,37.44503925,163.18
1448.00,55.80527850,37.44502334,163.17
1449.00,55.80527785,37.44500743,163.15
1450.00,55.80527718,37.44499153,163.14
1451.00,55.80527659,37.44497562,163.12
1452.00,55.80527599,37.44495971,163.11
1453.00,55.80527540,37.44494379,163.09
1454.00,55.80527480,37.44492788,163.08
1455.00,55.80527420,37.44491197,163.06
1456.00,55.80527361,37.44489606,163.05
1457.00,55.80527305,37.44488014,163.04
1458.00,55.80527251,37.44486422,163.02
1459.00,55.80527193,37.44484831,163.01
1460.00,55.80527132,37.44483240,163.00
1461.00,55.80527070,37.44481649,162.99
1462.00,55.80527009,37.44480058,162.98
1463.00,55.80526948,37.44478467,162.97
1464.00,55.80526884,37.44476876,162.96
1465.00,55.80526817,37.44475286,162.95
1466.00,55.80526752,37.44473696,162.94
1467.00,55.80526689,37.44472105,162.93
1468.00,55.80526626,37.44470514,162.93
1469.00,55.80526564,37.44468923,162.92
1470.00,55.80526503,37.44467332,162.91
1471.00,55.80526444,37.44465741,162.91
1472.00,55.80526380,37.44464150,162.90
1473.00,55.80526326,37.44462559,162.90
1474.00,55.80526267,37.44460967,162.89
1475.00,55.80526202,37.44459377,162.89
1476.00,55.80526138,37.44457786,162.89
1477.00,55.80526081,37.44456195,162.89
1478.00,55.80526025,37.44454603,162.88
1479.00,55.80525969,37.44453011,162.88
1480.00,55.80525913,37.44451420,162.88
1481.00,55.80525856,37.44449828,162.88
1482.00,55.80525797,37.44448237,162.87
1483.00,55.80525732,37.44446647,162.87
1484.00,55.80525662,37.44445057,162.87
1485.00,55.80525599,37.44443466,162.86
1486.00,55.80525536,37.44441875,162.86
1487.00,55.80525469,37.44440285,162.86
1488.00,55.80525407,37.44438694,162.85
1489.00,55.80525349,37.44437103,162.85
1490.00,55.80525286,37.44435512,162.84
1491.00,55.80525218,37.44433922,162.83
1492.00,55.80525154,37.44432331,162.83
1493.00,55.80525105,37.44430739,162.82
1494.00,55.80525048,37.44429147,162.81
1495.00,55.80524993,37.44427556,162.80
1496.00,55.80524933,37.44425964,162.79
1497.00,55.80524866,37.44424374,162.78
1498.00,55.80524797,37.44422784,162.77
1499.00,55.80524729,37.44421194,162.76
1500.00,55.80524669,37.44419603,162.75
1501.00,55.80524615,37.44418011,162.73
1502.00,55.80524557,37.44416420,162.72
1503.00,55.80524499,37.44414828,162.71
1504.00,55.80524435,37.44413238,162.69
1505.00,55.80524367,37.44411648,162.67
1506.00,55.80524305,37.44410057,162.66
1507.00,55.80524247,37.44408465,162.64
1508.00,55.80524183,37.44406875,162.63
1509.00,55.80524124,37.44405283,162.61
1510.00,55.80524067,37.44403692,162.59
1511.00,55.80524008,37.44402101,162.58
1512.00,55.80523951,37.44400509,162.56
1513.00,55.80523892,37.44398918,162.54
1514.00,55.80523832,37.44397327,162.53
1515.00,55.80523768,37.44395736,162.51
1516.00,55.80523709,37.44394145,162.49
1517.00,55.80523650,37.44392554,162.47
1518.00,55.80523588,37.44390963,162.46
1519.00,55.80523530,37.44389371,162.44
1520.00,55.80523461,37.44387781,162.42
1521.00,55.80523402,37.44386190,162.40
1522.00,55.80523342,37.44384599,162.38
1523.00,55.80523279,37.44383008,162.36
1524.00,55.80523217,37.44381417,162.34
1525.00,55.80523158,37.44379826,162.32
1526.00,55.80523092,37.44378236,162.30
1527.00,55.80523030,37.44376645,162.28
1528.00,55.80522971,37.44375053,162.26
1529.00,55.80522913,37.44373462,162.24
1530.00,55.80522859,37.44371870,162.22
1531.00,55.80522800,37.44370279,162.20
1532.00,55.80522741,37.44368688,162.18
1533.00,55.80522677,37.44367097,162.16
1534.00,55.80522611,37.44365507,162.14
1535.00,55.80522549,37.44363916,162.12
1536.00,55.80522485,37.44362325,162.10
1537.00,55.80522426,37.44360734,162.07
1538.00,55.80522375,37.44359142,162.05
1539.00,55.80522313,37.44357551,162.03
1540.00,55.80522250,37.44355960,162.01
1541.00,55.80522186,37.44354369,161.99
1542.00,55.80522123,37.44352779,161.97
1543.00,55.80522058,37.44351188,161.95
1544.00,55.80521996,37.44349597,161.93
1545.00,55.80521934,37.44348006,161.91
1546.00,55.80521870,37.44346416,161.88
1547.00,55.80521808,37.44344825,161.86
1548.00,55.80521752,37.44343233,161.84
1549.00,55.80521699,37.44341641,161.82
1550.00,55.80521645,37.44340049,161.80
1551.00,55.80521582,37.44338459,161.78
1552.00,55.80521515,37.44336868,161.76
1553.00,55.80521446,37.44335278,161.74
1554.00,55.80521386,37.44333687,161.72
1555.00,55.80521324,37.44332096,161.70
1556.00,55.80521267,37.44330505,161.67
1557.00,55.80521215,37.44328913,161.65
1558.00,55.80521161,37.44327321,161.63
1559.00,55.80521106,37.44325729,161.61
1560.00,55.80521050,37.44324138,161.59
1561.00,55.80520980,37.44322548,161.56
1562.00,55.80520911,37.44320958,161.54
1563.00,55.80520841,37.44319368,161.52
1564.00,55.80520776,37.44317778,161.50
1565.00,55.80520715,37.44316187,161.47
1566.00,55.80520659,37.44314595,161.45
1567.00,55.80520608,37.44313003,161.42
1568.00,55.80520546,37.44311412,161.40
1569.00,55.80520486,37.44309821,161.38
1570.00,55.80520425,37.44308230,161.35
1571.00,55.80520366,37.44306638,161.33
1572.00,55.80520306,37.44305047,161.30
1573.00,55.80520240,37.44303457,161.28
1574.00,55.80520176,37.44301866,161.25
1575.00,55.80520115,37.44300275,161.23
1576.00,55.80520060,37.44298684,161.20
1577.00,55.80520003,37.44297092,161.18
1578.00,55.80519948,37.44295500,161.15
1579.00,55.80519889,37.44293909,161.12
1580.00,55.80519820,37.44292319,161.10
1581.00,55.80519754,37.44290729,161.07
1582.00,55.80519691,37.44289138,161.04
1583.00,55.80519628,37.44287547,161.02
1584.00,55.80519571,37.44285956,160.99
1585.00,55.80519508,37.44284365,160.97
1586.00,55.80519446,37.44282774,160.94
1587.00,55.80519389,37.44281182,160.91
1588.00,55.80519323,37.44279592,160.89
1589.00,55.80519260,37.44278001,160.86
1590.00,55.80519198,37.44276410,160.83
1591.00,55.80519140,37.44274819,160.81
1592.00,55.80519082,37.44273228,160.78
1593.00,55.80519021,37.44271637,160.75
1594.00,55.80518962,37.44270045,160.73
1595.00,55.80518899,37.44268455,160.70
1596.00,55.80518836,37.44266864,160.67
1597.00,55.80518774,37.44265273,160.64
1598.00,55.80518713,37.44263682,160.61
1599.00,55.80518654,37.44262091,160.59
1600.00,55.80518594,37.44260500,160.56
1601.00,55.80518535,37.44258908,160.53
1602.00,55.80518475,37.44257317,160.50
1603.00,55.80518410,37.44255726,160.47
1604.00,55.80518342,37.44254136,160.44
1605.00,55.80518280,37.44252545,160.41
1606.00,55.80518225,37.44250954,160.38
1607.00,55.80518171,37.44249362,160.35
1608.00,55.80518109,37.44247771,160.32
1609.00,55.80518047,37.44246180,160.29
1610.00,55.80517986,37.44244589,160.25
1611.00,55.80517925,37.44242998,160.22
1612.00,55.80517865,37.44241407,160.19
1613.00,55.80517809,37.44239815,160.16
1614.00,55.80517750,37.44238224,160.12
1615.00,55.80517689,37.44236633,160.09
1616.00,55.80517622,37.44235043,160.06
1617.00,55.80517554,37.44233453,160.02
1618.00,55.80517491,37.44231862,159.99
1619.00,55.80517430,37.44230271,159.96
1620.00,55.80517373,37.44228679,159.92
1621.00,55.80517314,37.44227088,159.89
1622.00,55.80517253,37.44225497,159.86
1623.00,55.80517192,37.44223906,159.82
1624.00,55.80517131,37.44222315,159.79
1625.00,55.80517075,37.44220723,159.76
1626.00,55.80517016,37.44219132,159.72
1627.00,55.80516954,37.44217541,159.69
1628.00,55.80516890,37.44215951,159.66
1629.00,55.80516824,37.44214360,159.62
1630.00,55.80516759,37.44212770,159.59
1631.00,55.80516696,37.44211179,159.56
1632.00,55.80516640,37.44209587,159.52
1633.00,55.80516587,37.44207995,159.49
1634.00,55.80516530,37.44206404,159.46
1635.00,55.80516473,37.44204812,159.42
1636.00,55.80516411,37.44203222,159.39
1637.00,55.80516347,37.44201631,159.36
1638.00,55.80516284,37.44200040,159.33
1639.00,55.80516218,37.44198450,159.29
1640.00,55.80516156,37.44196859,159.26
1641.00,55.80516096,37.44195268,159.23
1642.00,55.80516039,37.44193676,159.19
1643.00,55.80515982,37.44192085,159.16
1644.00,55.80515923,37.44190493,159.12
1645.00,55.80515862,37.44188902,159.09
1646.00,55.80515797,37.44187312,159.06
1647.00,55.80515736,37.44185721,159.02
1648.00,55.80515677,37.44184130,158.99
1649.00,55.80515613,37.44182539,158.96
1650.00,55.80515547,37.44180949,158.92
1651.00,55.80515485,37.44179358,158.89
1652.00,55.80515424,37.44177767,158.85
1653.00,55.80515361,37.44176176,158.82
1654.00,55.80515301,37.44174585,158.78
1655.00,55.80515239,37.44172994,158.75
1656.00,55.80515178,37.44171403,158.71
1657.00,55.80515118,37.44169812,158.68
1658.00,55.80515057,37.44168221,158.64
1659.00,55.80514996,37.44166630,158.61
1660.00,55.80514932,37.44165039,158.57
1661.00,55.80514872,37.44163448,158.54
1662.00,55.80514812,37.44161857,158.50
1663.00,55.80514748,37.44160266,158.46
1664.00,55.80514681,37.44158676,158.43
1665.00,55.80514614,37.44157085,158.39
1666.00,55.80514548,37.44155495,158.36
1667.00,55.80514483,37.44153904,158.32
1668.00,55.80514425,37.44152313,158.29
1669.00,55.80514369,37.44150722,158.25
1670.00,55.80514317,37.44149129,158.21
1671.00,55.80514264,37.44147538,158.18
1672.00,55.80514202,37.44145947,158.14
1673.00,55.80514141,37.44144356,158.11
1674.00,55.80514078,37.44142765,158.07
1675.00,55.80514014,37.44141174,158.04
1676.00,55.80513945,37.44139584,158.00
1677.00,55.80513875,37.44137994,157.97
1678.00,55.80513802,37.44136405,157.93
1679.00,55.80513730,37.44134815,157.90
1680.00,55.80513661,37.44133225,157.86
1681.00,55.80513594,37.44131635,157.82
1682.00,55.80513533,37.44130044,157.79
1683.00,55.80513476,37.44128453,157.75
1684.00,55.80513418,37.44126861,157.71
1685.00,55.80513360,37.44125270,157.67
1686.00,55.80513299,37.44123679,157.64
1687.00,55.80513230,37.44122089,157.60
1688.00,55.80513161,37.44120499,157.56
1689.00,55.80513096,37.44118908,157.53
1690.00,55.80513031,37.44117318,157.49
1691.00,55.80512973,37.44115726,157.45
1692.00,55.80512913,37.44114135,157.41
1693.00,55.80512848,37.44112545,157.38
1694.00,55.80512782,37.44110954,157.34
1695.00,55.80512716,37.44109364,157.30
1696.00,55.80512651,37.44107773,157.26
1697.00,55.80512586,37.44106183,157.22
1698.00,55.80512520,37.44104592,157.19
1699.00,55.80512455,37.44103002,157.15
1700.00,55.80512391,37.44101411,157.11
1701.00,55.80512326,37.44099821,157.07
1702.00,55.80512262,37.44098230,157.03
1703.00,55.80512197,37.44096640,156.99
1704.00,55.80512134,37.44095049,156.96
1705.00,55.80512073,37.44093458,156.92
1706.00,55.80512007,37.44091867,156.88
1707.00,55.80511940,37.44090277,156.85
1708.00,55.80511873,37.44088687,156.81
1709.00,55.80511810,37.44087096,156.77
1710.00,55.80511749,37.44085505,156.74
1711.00,55.80511693,37.44083913,156.70
1712.00,55.80511634,37.44082322,156.66
1713.00,55.80511571,37.44080731,156.63
1714.00,55.80511504,37.44079141,156.59
1715.00,55.80511438,37.44077551,156.55
1716.00,55.80511377,37.44075960,156.52
1717.00,55.80511320,37.44074368,156.48
1718.00,55.80511268,37.44072776,156.44
1719.00,55.80511216,37.44071184,156.40
1720.00,55.80511158,37.44069593,156.36
1721.00,55.80511093,37.44068002,156.32
1722.00,55.80511017,37.44066413,156.28
1723.00,55.80510941,37.44064824,156.24
1724.00,55.80510881,37.44063233,156.20
1725.00,55.80510817,37.44061642,156.17
1726.00,55.80510756,37.44060051,156.13
1727.00,55.80510705,37.44058459,156.09
1728.00,55.80510666,37.44056866,156.05
1729.00,55.80510630,37.44055273,156.01
1730.00,55.80510588,37.44053680,155.97
1731.00,55.80510538,37.44052087,155.94
1732.00,55.80510476,37.44050497,155.90
1733.00,55.80510396,37.44048908,155.86
1734.00,55.80510306,37.44047322,155.82
1735.00,55.80510204,37.44045737,155.79
1736.00,55.80510086,37.44044156,155.75
1737.00,55.80509946,37.44042581,155.72
1738.00,55.80509782,37.44041013,155.68
1739.00,55.80509598,37.44039453,155.64
1740.00,55.80509396,37.44037898,155.61
1741.00,55.80509185,37.44036348,155.57
1742.00,55.80508963,37.44034803,155.54
1743.00,55.80508735,37.44033261,155.50
1744.00,55.80508510,37.44031717,155.47
1745.00,55.80508273,37.44030179,155.43
1746.00,55.80508029,37.44028644,155.40
1747.00,55.80507786,37.44027109,155.36
1748.00,55.80507537,37.44025576,155.33
1749.00,55.80507281,37.44024048,155.29
1750.00,55.80507017,37.44022524,155.25
1751.00,55.80506776,37.44020988,155.22
1752.00,55.80506546,37.44019446,155.18
1753.00,55.80506330,37.44017898,155.14
1754.00,55.80506126,37.44016345,155.10
1755.00,55.80505943,37.44014784,155.06
1756.00,55.80505770,37.44013219,155.02
1757.00,55.80505612,37.44011649,154.99
1758.00,55.80505468,37.44010075,154.95
1759.00,55.80505336,37.44008498,154.91
1760.00,55.80505234,37.44006914,154.87
1761.00,55.80505160,37.44005324,154.83
1762.00,55.80505092,37.44003734,154.79
1763.00,55.80505027,37.44002144,154.75
1764.00,55.80504964,37.44000553,154.72
1765.00,55.80504899,37.43998962,154.68
1766.00,55.80504834,37.43997372,154.64
1767.00,55.80504775,37.43995780,154.61
1768.00,55.80504724,37.43994188,154.57
1769.00,55.80504674,37.43992596,154.53
1770.00,55.80504626,37.43991004,154.50
1771.00,55.80504577,37.43989411,154.47
1772.00,55.80504528,37.43987819,154.43
1773.00,55.80504479,37.43986227,154.40
1774.00,55.80504420,37.43984635,154.37
1775.00,55.80504357,37.43983045,154.34
1776.00,55.80504293,37.43981454,154.31
1777.00,55.80504231,37.43979863,154.27
1778.00,55.80504174,37.43978272,154.24
1779.00,55.80504120,37.43976680,154.21
1780.00,55.80504069,37.43975088,154.18
1781.00,55.80504023,37.43973495,154.15
1782.00,55.80503977,37.43971902,154.12
1783.00,55.80503928,37.43970310,154.09
1784.00,55.80503873,37.43968718,154.06
1785.00,55.80503811,37.43967128,154.03
1786.00,55.80503749,37.43965537,154.00
1787.00,55.80503688,37.43963946,153.97
1788.00,55.80503635,37.43962354,153.94
1789.00,55.80503584,37.43960762,153.90
1790.00,55.80503533,37.43959169,153.87
1791.00,55.80503482,37.43957577,153.84
1792.00,55.80503425,37.43955986,153.81
1793.00,55.80503370,37.43954394,153.78
1794.00,55.80503314,37.43952803,153.75
1795.00,55.80503258,37.43951211,153.72
1796.00,55.80503208,37.43949619,153.69
1797.00,55.80503158,37.43948026,153.66
1798.00,55.80503105,37.43946434,153.63
1799.00,55.80503054,37.43944842,153.59
1800.00,55.80503005,37.43943250,153.56
1801.00,55.80502950,37.43941658,153.53
1802.00,55.80502899,37.43940066,153.50
1803.00,55.80502846,37.43938474,153.47
1804.00,55.80502789,37.43936883,153.43
1805.00,55.80502732,37.43935291,153.40
1806.00,55.80502673,37.43933700,153.37
1807.00,55.80502616,37.43932109,153.33
1808.00,55.80502568,37.43930516,153.30
1809.00,55.80502526,37.43928923,153.27
1810.00,55.80502479,37.43927331,153.23
1811.00,55.80502435,37.43925738,153.20
1812.00,55.80502396,37.43924145,153.16
1813.00,55.80502352,37.43922552,153.13
1814.00,55.80502306,37.43920959,153.09
1815.00,55.80502258,37.43919367,153.06
1816.00,55.80502205,37.43917775,153.02
1817.00,55.80502153,37.43916183,152.99
1818.00,55.80502103,37.43914591,152.95
1819.00,55.80502051,37.43912999,152.92
1820.00,55.80502002,37.43911406,152.88
1821.00,55.80501952,37.43909814,152.84
1822.00,55.80501900,37.43908222,152.81
1823.00,55.80501838,37.43906631,152.77
1824.00,55.80501780,37.43905040,152.74
1825.00,55.80501724,37.43903448,152.70
1826.00,55.80501667,37.43901857,152.67
1827.00,55.80501617,37.43900264,152.63
1828.00,55.80501567,37.43898672,152.60
1829.00,55.80501517,37.43897080,152.56
1830.00,55.80501464,37.43895488,152.53
1831.00,55.80501409,37.43893896,152.49
1832.00,55.80501356,37.43892304,152.45
1833.00,55.80501306,37.43890712,152.42
1834.00,55.80501263,37.43889119,152.38
1835.00,55.80501218,37.43887527,152.34
1836.00,55.80501174,37.43885934,152.31
1837.00,55.80501134,37.43884341,152.27
1838.00,55.80501084,37.43882748,152.23
1839.00,55.80501030,37.43881157,152.19
1840.00,55.80500972,37.43879565,152.16
1841.00,55.80500917,37.43877974,152.12
1842.00,55.80500860,37.43876382,152.09
1843.00,55.80500803,37.43874791,152.05
1844.00,55.80500748,37.43873199,152.01
1845.00,55.80500702,37.43871606,151.98
1846.00,55.80500655,37.43870014,151.94
1847.00,55.80500608,37.43868421,151.91
1848.00,55.80500561,37.43866829,151.87
1849.00,55.80500511,37.43865236,151.84
1850.00,55.80500463,37.43863644,151.80
1851.00,55.80500413,37.43862052,151.77
1852.00,55.80500355,37.43860460,151.73
1853.00,55.80500292,37.43858870,151.70
1854.00,55.80500231,37.43857279,151.66
1855.00,55.80500170,37.43855688,151.63
1856.00,55.80500110,37.43854096,151.59
1857.00,55.80500055,37.43852505,151.56
1858.00,55.80499998,37.43850913,151.52
1859.00,55.80499944,37.43849321,151.49
1860.00,55.80499896,37.43847729,151.46
1861.00,55.80499842,37.43846137,151.42
1862.00,55.80499788,37.43844545,151.39
1863.00,55.80499734,37.43842954,151.36
1864.00,55.80499691,37.43841361,151.32
1865.00,55.80499647,37.43839768,151.29
1866.00,55.80499600,37.43838175,151.26
1867.00,55.80499550,37.43836583,151.22
1868.00,55.80499497,37.43834991,151.19
1869.00,55.80499435,37.43833400,151.15
1870.00,55.80499375,37.43831809,151.12
1871.00,55.80499319,37.43830218,151.09
1872.00,55.80499263,37.43828626,151.05
1873.00,55.80499200,37.43827035,151.02
1874.00,55.80499135,37.43825445,150.99
1875.00,55.80499074,37.43823854,150.95
1876.00,55.80499028,37.43822261,150.92
1877.00,55.80498982,37.43820668,150.89
1878.00,55.80498938,37.43819076,150.86
1879.00,55.80498892,37.43817483,150.82
1880.00,55.80498847,37.43815890,150.79
1881.00,55.80498800,37.43814298,150.76
1882.00,55.80498752,37.43812705,150.73
1883.00,55.80498703,37.43811113,150.70
1884.00,55.80498650,37.43809521,150.66
1885.00,55.80498600,37.43807929,150.63
1886.00,55.80498550,37.43806337,150.60
1887.00,55.80498499,37.43804745,150.57
1888.00,55.80498445,37.43803153,150.54
1889.00,55.80498385,37.43801562,150.51
1890.00,55.80498326,37.43799970,150.48
1891.00,55.80498265,37.43798379,150.45
1892.00,55.80498207,37.43796788,150.42
1893.00,55.80498150,37.43795196,150.39
1894.00,55.80498101,37.43793604,150.36
1895.00,55.80498051,37.43792012,150.33
1896.00,55.80498005,37.43790419,150.29
1897.00,55.80497956,37.43788827,150.26
1898.00,55.80497908,37.43787235,150.23
1899.00,55.80497858,37.43785642,150.20
1900.00,55.80497806,37.43784050,150.17
1901.00,55.80497750,37.43782459,150.14
1902.00,55.80497692,37.43780867,150.10
1903.00,55.80497634,37.43779276,150.07
1904.00,55.80497576,37.43777684,150.04
1905.00,55.80497520,37.43776093,150.01
1906.00,55.80497463,37.43774501,149.98
1907.00,55.80497405,37.43772910,149.95
1908.00,55.80497348,37.43771319,149.91
1909.00,55.80497296,37.43769726,149.88
1910.00,55.80497245,37.43768134,149.85
1911.00,55.80497198,37.43766542,149.82
1912.00,55.80497148,37.43764950,149.78
1913.00,55.80497096,37.43763358,149.75
1914.00,55.80497042,37.43761766,149.72
1915.00,55.80496985,37.43760174,149.69
1916.00,55.80496929,37.43758583,149.66
1917.00,55.80496877,37.43756991,149.62
1918.00,55.80496823,37.43755399,149.59
1919.00,55.80496771,37.43753807,149.56
1920.00,55.80496719,37.43752215,149.53
1921.00,55.80496670,37.43750622,149.50
1922.00,55.80496619,37.43749030,149.47
1923.00,55.80496568,37.43747438,149.44
1924.00,55.80496515,37.43745846,149.41
1925.00,55.80496459,37.43744255,149.38
1926.00,55.80496404,37.43742663,149.35
1927.00,55.80496348,37.43741071,149.31
1928.00,55.80496292,37.43739480,149.28
1929.00,55.80496235,37.43737888,149.25
1930.00,55.80496179,37.43736297,149.23
1931.00,55.80496123,37.43734705,149.20
1932.00,55.80496070,37.43733113,149.17
1933.00,55.80496019,37.43731521,149.14
1934.00,55.80495965,37.43729929,149.11
1935.00,55.80495910,37.43728337,149.08
1936.00,55.80495857,37.43726746,149.05
1937.00,55.80495804,37.43725154,149.03
1938.00,55.80495754,37.43723561,149.00
1939.00,55.80495704,37.43721969,148.97
1940.00,55.80495653,37.43720377,148.95
1941.00,55.80495602,37.43718785,148.92
1942.00,55.80495551,37.43717193,148.89
1943.00,55.80495499,37.43715601,148.87
1944.00,55.80495446,37.43714009,148.84
1945.00,55.80495394,37.43712417,148.82
1946.00,55.80495339,37.43710825,148.79
1947.00,55.80495284,37.43709233,148.77
1948.00,55.80495226,37.43707642,148.74
1949.00,55.80495169,37.43706051,148.72
1950.00,55.80495116,37.43704459,148.69
1951.00,55.80495063,37.43702867,148.67
1952.00,55.80495012,37.43701275,148.64
1953.00,55.80494962,37.43699682,148.62
1954.00,55.80494912,37.43698090,148.60
1955.00,55.80494862,37.43696498,148.57
1956.00,55.80494811,37.43694906,148.55
1957.00,55.80494760,37.43693314,148.53
1958.00,55.80494707,37.43691722,148.51
1959.00,55.80494652,37.43690130,148.48
1960.00,55.80494592,37.43688539,148.46
1961.00,55.80494528,37.43686948,148.44
1962.00,55.80494469,37.43685357,148.42
1963.00,55.80494412,37.43683765,148.39
1964.00,55.80494364,37.43682173,148.37
1965.00,55.80494323,37.43680580,148.35
1966.00,55.80494281,37.43678987,148.33
1967.00,55.80494239,37.43677394,148.31
1968.00,55.80494194,37.43675802,148.29
1969.00,55.80494143,37.43674209,148.27
1970.00,55.80494089,37.43672618,148.25
1971.00,55.80494034,37.43671026,148.23
1972.00,55.80493973,37.43669435,148.22
1973.00,55.80493912,37.43667844,148.20
1974.00,55.80493848,37.43666253,148.18
1975.00,55.80493785,37.43664662,148.17
1976.00,55.80493724,37.43663071,148.15
1977.00,55.80493665,37.43661480,148.14
1978.00,55.80493609,37.43659889,148.12
1979.00,55.80493557,37.43658296,148.11
1980.00,55.80493507,37.43656704,148.10
1981.00,55.80493459,37.43655112,148.09
1982.00,55.80493410,37.43653520,148.07
1983.00,55.80493358,37.43651928,148.06
1984.00,55.80493301,37.43650336,148.05
1985.00,55.80493245,37.43648744,148.04
1986.00,55.80493185,37.43647153,148.03
1987.00,55.80493125,37.43645562,148.02
1988.00,55.80493068,37.43643971,148.01
1989.00,55.80493018,37.43642378,148.01
1990.00,55.80492973,37.43640786,148.00
1991.00,55.80492932,37.43639193,147.99
1992.00,55.80492891,37.43637600,147.98
1993.00,55.80492845,37.43636007,147.97
1994.00,55.80492795,37.43634415,147.96
1995.00,55.80492738,37.43632823,147.96
1996.00,55.80492675,37.43631233,147.95
1997.00,55.80492609,37.43629642,147.94
1998.00,55.80492548,37.43628051,147.93
1999.00,55.80492483,37.43626461,147.93
2000.00,55.80492421,37.43624870,147.92
2001.00,55.80492361,37.43623279,147.91
2002.00,55.80492302,37.43621688,147.91
2003.00,55.80492244,37.43620096,147.90
2004.00,55.80492189,37.43618504,147.89
2005.00,55.80492136,37.43616913,147.89
2006.00,55.80492080,37.43615321,147.88
2007.00,55.80492023,37.43613730,147.88
2008.00,55.80491963,37.43612138,147.87
2009.00,55.80491901,37.43610547,147.87
2010.00,55.80491836,37.43608957,147.87
2011.00,55.80491772,37.43607366,147.86
2012.00,55.80491705,37.43605776,147.86
2013.00,55.80491638,37.43604186,147.86
2014.00,55.80491572,37.43602595,147.86
2015.00,55.80491504,37.43601005,147.86
2016.00,55.80491436,37.43599415,147.86
2017.00,55.80491367,37.43597825,147.86
2018.00,55.80491296,37.43596235,147.86
2019.00,55.80491228,37.43594645,147.86
2020.00,55.80491162,37.43593055,147.86
2021.00,55.80491099,37.43591464,147.86
2022.00,55.80491041,37.43589873,147.86
2023.00,55.80490988,37.43588281,147.86
2024.00,55.80490936,37.43586689,147.86
2025.00,55.80490880,37.43585097,147.86
2026.00,55.80490823,37.43583506,147.86
2027.00,55.80490762,37.43581915,147.86
2028.00,55.80490695,37.43580325,147.87
2029.00,55.80490614,37.43578736,147.87
2030.00,55.80490537,37.43577148,147.87
2031.00,55.80490457,37.43575559,147.87
2032.00,55.80490373,37.43573972,147.87
2033.00,55.80490294,37.43572383,147.87
2034.00,55.80490212,37.43570795,147.88
2035.00,55.80490129,37.43569207,147.88
2036.00,55.80490043,37.43567620,147.88
2037.00,55.80489949,37.43566034,147.88
2038.00,55.80489851,37.43564449,147.88
2039.00,55.80489750,37.43562864,147.88
2040.00,55.80489636,37.43561283,147.88
2041.00,55.80489528,37.43559699,147.88
2042.00,55.80489424,37.43558115,147.88
2043.00,55.80489317,37.43556532,147.88
2044.00,55.80489216,37.43554948,147.88
2045.00,55.80489120,37.43553362,147.88
2046.00,55.80489027,37.43551776,147.89
2047.00,55.80488930,37.43550191,147.89
2048.00,55.80488833,37.43548605,147.89
2049.00,55.80488735,37.43547020,147.89
2050.00,55.80488631,37.43545436,147.89
2051.00,55.80488516,37.43543854,147.89
2052.00,55.80488397,37.43542274,147.89
2053.00,55.80488274,37.43540694,147.90
2054.00,55.80488138,37.43539118,147.90
2055.00,55.80488004,37.43537541,147.90
2056.00,55.80487870,37.43535964,147.90
2057.00,55.80487732,37.43534388,147.90
2058.00,55.80487602,37.43532811,147.91
2059.00,55.80487476,37.43531232,147.91
2060.00,55.80487350,37.43529653,147.91
2061.00,55.80487224,37.43528074,147.91
2062.00,55.80487097,37.43526495,147.91
2063.00,55.80486968,37.43524917,147.91
2064.00,55.80486835,37.43523340,147.92
2065.00,55.80486695,37.43521765,147.92
2066.00,55.80486552,37.43520190,147.92
2067.00,55.80486414,37.43518615,147.93
2068.00,55.80486275,37.43517039,147.93
2069.00,55.80486136,37.43515464,147.94
2070.00,55.80485998,37.43513888,147.94
2071.00,55.80485857,37.43512313,147.95
2072.00,55.80485713,37.43510739,147.95
2073.00,55.80485564,37.43509166,147.96
2074.00,55.80485404,37.43507597,147.96
2075.00,55.80485237,37.43506030,147.97
2076.00,55.80485064,37.43504465,147.97
2077.00,55.80484884,37.43502903,147.98
2078.00,55.80484707,37.43501340,147.98
2079.00,55.80484531,37.43499776,147.99
2080.00,55.80484353,37.43498213,147.99
2081.00,55.80484181,37.43496648,148.00
2082.00,55.80484012,37.43495082,148.00
2083.00,55.80483844,37.43493515,148.01
2084.00,55.80483674,37.43491949,148.01
2085.00,55.80483504,37.43490383,148.02
2086.00,55.80483333,37.43488818,148.03
2087.00,55.80483160,37.43487253,148.04
2088.00,55.80482980,37.43485691,148.04
2089.00,55.80482801,37.43484128,148.05
2090.00,55.80482622,37.43482565,148.06
2091.00,55.80482430,37.43481007,148.06
2092.00,55.80482241,37.43479449,148.07
2093.00,55.80482050,37.43477890,148.08
2094.00,55.80481853,37.43476334,148.08
2095.00,55.80481657,37.43474778,148.09
2096.00,55.80481459,37.43473223,148.10
2097.00,55.80481257,37.43471669,148.10
2098.00,55.80481059,37.43470114,148.11
2099.00,55.80480861,37.43468558,148.11
2100.00,55.80480663,37.43467003,148.12
2101.00,55.80480465,37.43465447,148.13
2102.00,55.80480264,37.43463893,148.14
2103.00,55.80480061,37.43462339,148.14
2104.00,55.80479860,37.43460785,148.15
2105.00,55.80479655,37.43459233,148.16
2106.00,55.80479449,37.43457680,148.16
2107.00,55.80479248,37.43456126,148.17
2108.00,55.80479048,37.43454572,148.18
2109.00,55.80478848,37.43453017,148.18
2110.00,55.80478645,37.43451463,148.19
2111.00,55.80478433,37.43449914,148.19
2112.00,55.80478217,37.43448366,148.20
2113.00,55.80477998,37.43446820,148.21
2114.00,55.80477768,37.43445278,148.21
2115.00,55.80477539,37.43443736,148.22
2116.00,55.80477310,37.43442194,148.23
2117.00,55.80477078,37.43440654,148.24
2118.00,55.80476851,37.43439111,148.24
2119.00,55.80476627,37.43437566,148.25
2120.00,55.80476405,37.43436021,148.26
2121.00,55.80476179,37.43434478,148.27
2122.00,55.80475950,37.43432936,148.28
2123.00,55.80475718,37.43431395,148.28
2124.00,55.80475481,37.43429857,148.29
2125.00,55.80475236,37.43428323,148.30
2126.00,55.80474987,37.43426791,148.30
2127.00,55.80474741,37.43425257,148.31
2128.00,55.80474492,37.43423725,148.32
2129.00,55.80474242,37.43422193,148.33
2130.00,55.80473996,37.43420660,148.33
2131.00,55.80473754,37.43419124,148.34
2132.00,55.80473514,37.43417587,148.35
2133.00,55.80473274,37.43416051,148.35
2134.00,55.80473042,37.43414510,148.36
2135.00,55.80472808,37.43412970,148.37
2136.00,55.80472573,37.43411431,148.37
2137.00,55.80472346,37.43409888,148.38
2138.00,55.80472114,37.43408348,148.38
2139.00,55.80471881,37.43406807,148.39
2140.00,55.80471651,37.43405266,148.39
2141.00,55.80471418,37.43403726,148.40
2142.00,55.80471183,37.43402187,148.40
2143.00,55.80470949,37.43400647,148.40
2144.00,55.80470715,37.43399108,148.40
2145.00,55.80470479,37.43397569,148.41
2146.00,55.80470242,37.43396031,148.41
2147.00,55.80470003,37.43394494,148.41
2148.00,55.80469758,37.43392959,148.41
2149.00,55.80469508,37.43391428,148.42
2150.00,55.80469262,37.43389894,148.42
2151.00,55.80469013,37.43388362,148.42
2152.00,55.80468764,37.43386830,148.43
2153.00,55.80468523,37.43385294,148.43
2154.00,55.80468292,37.43383752,148.43
2155.00,55.80468064,37.43382210,148.43
2156.00,55.80467835,37.43380668,148.44
2157.00,55.80467608,37.43379125,148.44
2158.00,55.80467376,37.43377585,148.44
2159.00,55.80467136,37.43376048,148.45
2160.00,55.80466888,37.43374516,148.45
2161.00,55.80466639,37.43372983,148.45
2162.00,55.80466390,37.43371451,148.46
2163.00,55.80466140,37.43369919,148.46
2164.00,55.80465898,37.43368384,148.47
2165.00,55.80465663,37.43366844,148.47
2166.00,55.80465438,37.43365301,148.48
2167.00,55.80465210,37.43363758,148.48
2168.00,55.80464982,37.43362216,148.49
2169.00,55.80464756,37.43360672,148.49
2170.00,55.80464520,37.43359134,148.50
2171.00,55.80464278,37.43357598,148.50
2172.00,55.80464029,37.43356066,148.51
2173.00,55.80463783,37.43354533,148.51
2174.00,55.80463536,37.43352999,148.52
2175.00,55.80463287,37.43351467,148.52
2176.00,55.80463044,37.43349932,148.52
2177.00,55.80462807,37.43348394,148.53
2178.00,55.80462576,37.43346853,148.53
2179.00,55.80462347,37.43345311,148.54
2180.00,55.80462121,37.43343767,148.55
2181.00,55.80461898,37.43342222,148.55
2182.00,55.80461667,37.43340681,148.56
2183.00,55.80461432,37.43339142,148.56
2184.00,55.80461193,37.43337605,148.57
2185.00,55.80460950,37.43336070,148.58
2186.00,55.80460702,37.43334537,148.58
2187.00,55.80460453,37.43333005,148.59
2188.00,55.80460208,37.43331471,148.60
2189.00,55.80459962,37.43329937,148.60
2190.00,55.80459717,37.43328403,148.61
2191.00,55.80459476,37.43326867,148.61
2192.00,55.80459238,37.43325329,148.62
2193.00,55.80459003,37.43323790,148.62
2194.00,55.80458771,37.43322250,148.63
2195.00,55.80458546,37.43320706,148.63
2196.00,55.80458319,37.43319163,148.64
2197.00,55.80458086,37.43317623,148.64
2198.00,55.80457848,37.43316085,148.65
2199.00,55.80457607,37.43314549,148.65
2200.00,55.80457364,37.43313014,148.66
2201.00,55.80457117,37.43311481,148.66
2202.00,55.80456871,37.43309947,148.67
2203.00,55.80456626,37.43308413,148.67
2204.00,55.80456382,37.43306878,148.68
2205.00,55.80456141,37.43305342,148.68
2206.00,55.80455903,37.43303804,148.68
2207.00,55.80455671,37.43302263,148.69
2208.00,55.80455438,37.43300723,148.69
2209.00,55.80455205,37.43299183,148.69
2210.00,55.80454972,37.43297643,148.69
2211.00,55.80454733,37.43296106,148.70
2212.00,55.80454490,37.43294571,148.70
2213.00,55.80454245,37.43293037,148.70
2214.00,55.80453999,37.43291503,148.71
2215.00,55.80453754,37.43289969,148.71
2216.00,55.80453507,37.43288436,148.71
2217.00,55.80453266,37.43286899,148.71
2218.00,55.80453031,37.43285361,148.71
2219.00,55.80452800,37.43283820,148.72
2220.00,55.80452571,37.43282277,148.72
2221.00,55.80452347,37.43280733,148.72
2222.00,55.80452123,37.43279189,148.72
2223.00,55.80451889,37.43277649,148.72
2224.00,55.80451646,37.43276114,148.73
2225.00,55.80451399,37.43274581,148.73
2226.00,55.80451151,37.43273048,148.73
2227.00,55.80450897,37.43271519,148.73
2228.00,55.80450644,37.43269989,148.73
2229.00,55.80450396,37.43268456,148.73
2230.00,55.80450154,37.43266920,148.73
2231.00,55.80449916,37.43265382,148.73
2232.00,55.80449684,37.43263842,148.73
2233.00,55.80449460,37.43262298,148.73
2234.00,55.80449233,37.43260755,148.73
2235.00,55.80449002,37.43259214,148.73
2236.00,55.80448769,37.43257674,148.73
2237.00,55.80448534,37.43256135,148.73
2238.00,55.80448295,37.43254597,148.73
2239.00,55.80448052,37.43253062,148.72
2240.00,55.80447811,37.43251526,148.72
2241.00,55.80447571,37.43249989,148.72
2242.00,55.80447333,37.43248452,148.72
2243.00,55.80447099,37.43246912,148.72
2244.00,55.80446867,37.43245371,148.72
2245.00,55.80446636,37.43243830,148.72
2246.00,55.80446397,37.43242293,148.72
2247.00,55.80446152,37.43240759,148.72
2248.00,55.80445897,37.43239230,148.72
2249.00,55.80445646,37.43237699,148.72
2250.00,55.80445394,37.43236168,148.71
2251.00,55.80445141,37.43234638,148.71
2252.00,55.80444906,37.43233099,148.71
2253.00,55.80444679,37.43231556,148.71
2254.00,55.80444459,37.43230010,148.71
2255.00,55.80444235,37.43228466,148.71
2256.00,55.80444009,37.43226923,148.71
2257.00,55.80443781,37.43225380,148.70
2258.00,55.80443531,37.43223848,148.70
2259.00,55.80443272,37.43222321,148.70
2260.00,55.80443008,37.43220797,148.70
2261.00,55.80442750,37.43219270,148.70
2262.00,55.80442500,37.43217738,148.69
2263.00,55.80442258,37.43216202,148.69
2264.00,55.80442036,37.43214657,148.69
2265.00,55.80441822,37.43213109,148.69
2266.00,55.80441608,37.43211560,148.68
2267.00,55.80441388,37.43210014,148.68
2268.00,55.80441155,37.43208474,148.68
2269.00,55.80440912,37.43206939,148.68
2270.00,55.80440656,37.43205410,148.67
2271.00,55.80440395,37.43203884,148.67
2272.00,55.80440138,37.43202356,148.67
2273.00,55.80439886,37.43200826,148.66
2274.00,55.80439648,37.43199288,148.66
2275.00,55.80439417,37.43197747,148.66
2276.00,55.80439193,37.43196203,148.65
2277.00,55.80438976,37.43194655,148.65
2278.00,55.80438755,37.43193110,148.65
2279.00,55.80438528,37.43191567,148.65
2280.00,55.80438292,37.43190028,148.65
2281.00,55.80438043,37.43188496,148.64
2282.00,55.80437786,37.43186968,148.64
2283.00,55.80437524,37.43185443,148.64
2284.00,55.80437267,37.43183915,148.64
2285.00,55.80437015,37.43182384,148.63
2286.00,55.80436770,37.43180850,148.63
2287.00,55.80436539,37.43179309,148.63
2288.00,55.80436318,37.43177763,148.63
2289.00,55.80436098,37.43176217,148.62
2290.00,55.80435875,37.43174673,148.62
2291.00,55.80435652,37.43173128,148.62
2292.00,55.80435419,37.43171587,148.62
2293.00,55.80435178,37.43170051,148.61
2294.00,55.80434929,37.43168519,148.61
2295.00,55.80434682,37.43166986,148.61
2296.00,55.80434433,37.43165454,148.60
2297.00,55.80434186,37.43163920,148.60
2298.00,55.80433945,37.43162384,148.60
2299.00,55.80433712,37.43160845,148.60
2300.00,55.80433478,37.43159305,148.59
2301.00,55.80433248,37.43157763,148.59
2302.00,55.80433020,37.43156221,148.58
2303.00,55.80432786,37.43154681,148.58
2304.00,55.80432547,37.43153144,148.58
2305.00,55.80432305,37.43151609,148.57
2306.00,55.80432059,37.43150075,148.57
2307.00,55.80431810,37.43148543,148.57
2308.00,55.80431567,37.43147007,148.56
2309.00,55.80431330,37.43145469,148.56
2310.00,55.80431099,37.43143928,148.56
2311.00,55.80430872,37.43142385,148.56
2312.00,55.80430651,37.43140840,148.55
2313.00,55.80430421,37.43139298,148.55
2314.00,55.80430185,37.43137760,148.55
2315.00,55.80429943,37.43136224,148.54
2316.00,55.80429693,37.43134692,148.54
2317.00,55.80429437,37.43133164,148.54
2318.00,55.80429185,37.43131633,148.53
2319.00,55.80428933,37.43130102,148.53
2320.00,55.80428685,37.43128570,148.53
2321.00,55.80428446,37.43127033,148.52
2322.00,55.80428213,37.43125493,148.52
2323.00,55.80427983,37.43123951,148.52
2324.00,55.80427760,37.43122406,148.52
2325.00,55.80427529,37.43120866,148.51
2326.00,55.80427294,37.43119326,148.51
2327.00,55.80427058,37.43117788,148.51
2328.00,55.80426820,37.43116250,148.51
2329.00,55.80426583,37.43114712,148.50
2330.00,55.80426345,37.43113174,148.50
2331.00,55.80426104,37.43111638,148.50
2332.00,55.80425865,37.43110101,148.50
2333.00,55.80425625,37.43108564,148.49
2334.00,55.80425385,37.43107028,148.49
2335.00,55.80425147,37.43105490,148.49
2336.00,55.80424909,37.43103952,148.48
2337.00,55.80424672,37.43102414,148.48
2338.00,55.80424435,37.43100876,148.47
2339.00,55.80424197,37.43099338,148.47
2340.00,55.80423958,37.43097801,148.47
2341.00,55.80423717,37.43096265,148.46
2342.00,55.80423477,37.43094728,148.46
2343.00,55.80423235,37.43093192,148.46
2344.00,55.80422994,37.43091656,148.45
2345.00,55.80422753,37.43090120,148.45
2346.00,55.80422513,37.43088584,148.45
2347.00,55.80422278,37.43087045,148.44
2348.00,55.80422051,37.43085501,148.44
2349.00,55.80421819,37.43083961,148.43
2350.00,55.80421586,37.43082421,148.43
2351.00,55.80421349,37.43080883,148.42
2352.00,55.80421110,37.43079346,148.42
2353.00,55.80420873,37.43077808,148.41
2354.00,55.80420635,37.43076270,148.41
2355.00,55.80420396,37.43074733,148.41
2356.00,55.80420156,37.43073196,148.40
2357.00,55.80419915,37.43071660,148.40
2358.00,55.80419672,37.43070125,148.39
2359.00,55.80419425,37.43068591,148.38
2360.00,55.80419181,37.43067057,148.38
2361.00,55.80418942,37.43065520,148.37
2362.00,55.80418705,37.43063981,148.37
2363.00,55.80418477,37.43062439,148.36
2364.00,55.80418241,37.43060900,148.35
2365.00,55.80418008,37.43059361,148.35
2366.00,55.80417771,37.43057822,148.34
2367.00,55.80417533,37.43056285,148.33
2368.00,55.80417295,37.43054747,148.33
2369.00,55.80417056,37.43053210,148.32
2370.00,55.80416813,37.43051675,148.31
2371.00,55.80416573,37.43050138,148.31
2372.00,55.80416335,37.43048600,148.30
2373.00,55.80416093,37.43047065,148.30
2374.00,55.80415852,37.43045529,148.29
2375.00,55.80415612,37.43043992,148.29
2376.00,55.80415372,37.43042455,148.28
2377.00,55.80415133,37.43040918,148.28
2378.00,55.80414896,37.43039380,148.27
2379.00,55.80414662,37.43037840,148.27
2380.00,55.80414427,37.43036301,148.26
2381.00,55.80414190,37.43034763,148.26
2382.00,55.80413952,37.43033225,148.25
2383.00,55.80413711,37.43031689,148.25
2384.00,55.80413467,37.43030154,148.24
2385.00,55.80413219,37.43028622,148.24
2386.00,55.80412974,37.43027088,148.24
2387.00,55.80412733,37.43025551,148.23
2388.00,55.80412496,37.43024013,148.23
2389.00,55.80412265,37.43022472,148.22
2390.00,55.80412030,37.43020933,148.22
2391.00,55.80411794,37.43019394,148.22
2392.00,55.80411556,37.43017857,148.21
2393.00,55.80411317,37.43016320,148.21
2394.00,55.80411075,37.43014784,148.20
2395.00,55.80410834,37.43013248,148.20
2396.00,55.80410598,37.43011709,148.20
2397.00,55.80410359,37.43010172,148.19
2398.00,55.80410120,37.43008635,148.19
2399.00,55.80409878,37.43007099,148.18
2400.00,55.80409631,37.43005566,148.18
2401.00,55.80409385,37.43004032,148.18
2402.00,55.80409147,37.43002494,148.17
2403.00,55.80408913,37.43000955,148.17
2404.00,55.80408680,37.42999415,148.16
2405.00,55.80408451,37.42997873,148.16
2406.00,55.80408211,37.42996336,148.16
2407.00,55.80407976,37.42994797,148.15
2408.00,55.80407737,37.42993260,148.15
2409.00,55.80407495,37.42991724,148.14
2410.00,55.80407255,37.42990188,148.14
2411.00,55.80407014,37.42988652,148.14
2412.00,55.80406773,37.42987115,148.13
2413.00,55.80406533,37.42985579,148.13
2414.00,55.80406290,37.42984043,148.13
2415.00,55.80406048,37.42982508,148.12
2416.00,55.80405806,37.42980972,148.12
2417.00,55.80405561,37.42979438,148.12
2418.00,55.80405320,37.42977902,148.11
2419.00,55.80405086,37.42976362,148.11
2420.00,55.80404855,37.42974821,148.11
2421.00,55.80404620,37.42973282,148.11
2422.00,55.80404386,37.42971743,148.10
2423.00,55.80404154,37.42970202,148.10
2424.00,55.80403924,37.42968661,148.10
2425.00,55.80403694,37.42967119,148.09
2426.00,55.80403461,37.42965579,148.09
2427.00,55.80403224,37.42964041,148.09
2428.00,55.80402979,37.42962507,148.08
2429.00,55.80402729,37.42960975,148.08
2430.00,55.80402481,37.42959443,148.08
2431.00,55.80402235,37.42957909,148.08
2432.00,55.80401991,37.42956374,148.07
2433.00,55.80401754,37.42954836,148.07
2434.00,55.80401521,37.42953296,148.07
2435.00,55.80401291,37.42951755,148.07
2436.00,55.80401058,37.42950214,148.07
2437.00,55.80400820,37.42948677,148.06
2438.00,55.80400579,37.42947140,148.06
2439.00,55.80400339,37.42945604,148.06
2440.00,55.80400097,37.42944068,148.06
2441.00,55.80399850,37.42942535,148.05
2442.00,55.80399601,37.42941003,148.05
2443.00,55.80399351,37.42939471,148.05
2444.00,55.80399101,37.42937939,148.05
2445.00,55.80398857,37.42936405,148.04
2446.00,55.80398613,37.42934870,148.04
2447.00,55.80398371,37.42933335,148.04
2448.00,55.80398130,37.42931799,148.04
2449.00,55.80397890,37.42930262,148.04
2450.00,55.80397652,37.42928724,148.03
2451.00,55.80397414,37.42927187,148.03
2452.00,55.80397176,37.42925649,148.03
2453.00,55.80396937,37.42924111,148.03
2454.00,55.80396698,37.42922574,148.03
2455.00,55.80396459,37.42921037,148.03
2456.00,55.80396220,37.42919500,148.03
2457.00,55.80395981,37.42917963,148.02
2458.00,55.80395740,37.42916427,148.02
2459.00,55.80395498,37.42914891,148.02
2460.00,55.80395256,37.42913355,148.02
2461.00,55.80395016,37.42911819,148.02
2462.00,55.80394775,37.42910283,148.02
2463.00,55.80394533,37.42908747,148.01
2464.00,55.80394291,37.42907211,148.01
2465.00,55.80394053,37.42905674,148.01
2466.00,55.80393818,37.42904134,148.01
2467.00,55.80393583,37.42902595,148.01
2468.00,55.80393351,37.42901055,148.01
2469.00,55.80393114,37.42899517,148.01
2470.00,55.80392876,37.42897979,148.01
2471.00,55.80392637,37.42896442,148.01
2472.00,55.80392396,37.42894906,148.01
2473.00,55.80392155,37.42893370,148.01
2474.00,55.80391912,37.42891834,148.01
2475.00,55.80391670,37.42890299,148.01
2476.00,55.80391428,37.42888763,148.01
2477.00,55.80391187,37.42887227,148.01
2478.00,55.80390947,37.42885690,148.02
2479.00,55.80390709,37.42884153,148.02
2480.00,55.80390472,37.42882614,148.02
2481.00,55.80390242,37.42881073,148.02
2482.00,55.80390008,37.42879533,148.02
2483.00,55.80389778,37.42877992,148.02
2484.00,55.80389543,37.42876453,148.02
2485.00,55.80389306,37.42874915,148.02
2486.00,55.80389069,37.42873377,148.02
2487.00,55.80388830,37.42871840,148.03
2488.00,55.80388592,37.42870302,148.03
2489.00,55.80388354,37.42868764,148.03
2490.00,55.80388115,37.42867227,148.03
2491.00,55.80387875,37.42865691,148.04
2492.00,55.80387634,37.42864154,148.04
2493.00,55.80387392,37.42862618,148.04
2494.00,55.80387152,37.42861082,148.04
2495.00,55.80386911,37.42859546,148.05
2496.00,55.80386671,37.42858009,148.05
2497.00,55.80386432,37.42856472,148.06
2498.00,55.80386193,37.42854935,148.06
2499.00,55.80385957,37.42853396,148.07
2500.00,55.80385720,37.42851858,148.07
2501.00,55.80385482,37.42850320,148.08
2502.00,55.80385243,37.42848784,148.09
2503.00,55.80384998,37.42847249,148.10
2504.00,55.80384755,37.42845714,148.10
2505.00,55.80384512,37.42844179,148.11
2506.00,55.80384273,37.42842642,148.12
2507.00,55.80384037,37.42841103,148.12
2508.00,55.80383801,37.42839564,148.13
2509.00,55.80383567,37.42838025,148.14
2510.00,55.80383336,37.42836484,148.15
2511.00,55.80383110,37.42834940,148.16
2512.00,55.80382895,37.42833392,148.17
2513.00,55.80382674,37.42831847,148.17
2514.00,55.80382454,37.42830301,148.18
2515.00,55.80382230,37.42828756,148.19
2516.00,55.80382007,37.42827212,148.20
2517.00,55.80381787,37.42825665,148.21
2518.00,55.80381569,37.42824119,148.22
2519.00,55.80381353,37.42822571,148.23
2520.00,55.80381136,37.42821024,148.23
2521.00,55.80380922,37.42819475,148.24
2522.00,55.80380718,37.42817922,148.25
2523.00,55.80380512,37.42816370,148.26
2524.00,55.80380311,37.42814815,148.26
2525.00,55.80380110,37.42813261,148.27
2526.00,55.80379911,37.42811706,148.28
2527.00,55.80379720,37.42810148,148.28
2528.00,55.80379526,37.42808591,148.29
2529.00,55.80379334,37.42807033,148.30
2530.00,55.80379143,37.42805475,148.31
2531.00,55.80378955,37.42803916,148.31
2532.00,55.80378779,37.42802352,148.32
2533.00,55.80378600,37.42800790,148.33
2534.00,55.80378424,37.42799226,148.34
2535.00,55.80378248,37.42797662,148.35
2536.00,55.80378069,37.42796099,148.36
2537.00,55.80377891,37.42794536,148.36
2538.00,55.80377719,37.42792971,148.37
2539.00,55.80377553,37.42791404,148.38
2540.00,55.80377394,37.42789835,148.39
2541.00,55.80377236,37.42788265,148.39
2542.00,55.80377084,37.42786693,148.40
2543.00,55.80376934,37.42785121,148.41
2544.00,55.80376795,37.42783546,148.42
2545.00,55.80376667,37.42781967,148.43
2546.00,55.80376540,37.42780389,148.43
2547.00,55.80376418,37.42778809,148.44
2548.00,55.80376293,37.42777230,148.45
2549.00,55.80376177,37.42775648,148.45
2550.00,55.80376068,37.42774066,148.46
2551.00,55.80375963,37.42772482,148.46
2552.00,55.80375868,37.42770896,148.47
2553.00,55.80375773,37.42769310,148.47
2554.00,55.80375689,37.42767723,148.48
2555.00,55.80375600,37.42766136,148.48
2556.00,55.80375515,37.42764549,148.48
2557.00,55.80375434,37.42762960,148.48
2558.00,55.80375350,37.42761373,148.48
2559.00,55.80375267,37.42759785,148.48
2560.00,55.80375185,37.42758197,148.48
2561.00,55.80375112,37.42756608,148.48
2562.00,55.80375042,37.42755018,148.48
2563.00,55.80374977,37.42753427,148.47
2564.00,55.80374916,37.42751836,148.47
2565.00,55.80374859,37.42750245,148.47
2566.00,55.80374814,37.42748652,148.46
2567.00,55.80374769,37.42747060,148.46
2568.00,55.80374731,37.42745466,148.46
2569.00,55.80374693,37.42743873,148.45
2570.00,55.80374659,37.42742280,148.45
2571.00,55.80374629,37.42740686,148.44
2572.00,55.80374600,37.42739092,148.44
2573.00,55.80374581,37.42737498,148.43
2574.00,55.80374560,37.42735904,148.43
2575.00,55.80374543,37.42734309,148.42
2576.00,55.80374527,37.42732715,148.42
2577.00,55.80374515,37.42731120,148.41
2578.00,55.80374517,37.42729526,148.41
2579.00,55.80374517,37.42727931,148.40
2580.00,55.80374528,37.42726337,148.40
2581.00,55.80374536,37.42724742,148.39
2582.00,55.80374542,37.42723147,148.38
2583.00,55.80374547,37.42721553,148.38
2584.00,55.80374547,37.42719958,148.37
2585.00,55.80374545,37.42718364,148.37
2586.00,55.80374553,37.42716769,148.36
2587.00,55.80374563,37.42715174,148.36
2588.00,55.80374577,37.42713580,148.35
2589.00,55.80374596,37.42711986,148.35
2590.00,55.80374623,37.42710392,148.34
2591.00,55.80374654,37.42708798,148.34
2592.00,55.80374691,37.42707205,148.33
2593.00,55.80374722,37.42705611,148.33
2594.00,55.80374751,37.42704017,148.33
2595.00,55.80374779,37.42702423,148.32
2596.00,55.80374808,37.42700830,148.32
2597.00,55.80374839,37.42699236,148.31
2598.00,55.80374867,37.42697642,148.31
2599.00,55.80374885,37.42696048,148.31
2600.00,55.80374904,37.42694453,148.30
2601.00,55.80374918,37.42692859,148.30
2602.00,55.80374939,37.42691265,148.30
2603.00,55.80374964,37.42689671,148.30
2604.00,55.80374985,37.42688077,148.29
2605.00,55.80375003,37.42686482,148.29
2606.00,55.80375027,37.42684888,148.29
2607.00,55.80375059,37.42683295,148.29
2608.00,55.80375090,37.42681701,148.29
2609.00,55.80375122,37.42680107,148.28
2610.00,55.80375151,37.42678513,148.28
2611.00,55.80375180,37.42676920,148.28
2612.00,55.80375209,37.42675326,148.28
2613.00,55.80375241,37.42673732,148.28
2614.00,55.80375272,37.42672138,148.28
2615.00,55.80375297,37.42670544,148.28
2616.00,55.80375319,37.42668950,148.28
2617.00,55.80375338,37.42667356,148.28
2618.00,55.80375354,37.42665762,148.28
2619.00,55.80375375,37.42664167,148.28
2620.00,55.80375394,37.42662573,148.28
2621.00,55.80375416,37.42660979,148.27
2622.00,55.80375442,37.42659385,148.27
2623.00,55.80375470,37.42657791,148.27
2624.00,55.80375506,37.42656198,148.27
2625.00,55.80375538,37.42654604,148.27
2626.00,55.80375570,37.42653011,148.27
2627.00,55.80375600,37.42651417,148.27
2628.00,55.80375626,37.42649823,148.27
2629.00,55.80375649,37.42648229,148.27
2630.00,55.80375672,37.42646635,148.27
2631.00,55.80375690,37.42645040,148.27
2632.00,55.80375712,37.42643446,148.27
2633.00,55.80375729,37.42641852,148.27
2634.00,55.80375749,37.42640257,148.27
2635.00,55.80375764,37.42638663,148.27
2636.00,55.80375778,37.42637069,148.27
2637.00,55.80375790,37.42635474,148.27
2638.00,55.80375802,37.42633880,148.27
2639.00,55.80375818,37.42632285,148.27
2640.00,55.80375837,37.42630691,148.27
2641.00,55.80375856,37.42629097,148.27
2642.00,55.80375883,37.42627503,148.26
2643.00,55.80375911,37.42625909,148.26
2644.00,55.80375944,37.42624315,148.26
2645.00,55.80375978,37.42622722,148.26
2646.00,55.80376016,37.42621129,148.26
2647.00,55.80376058,37.42619536,148.26
2648.00,55.80376094,37.42617942,148.25
2649.00,55.80376132,37.42616349,148.25
2650.00,55.80376169,37.42614756,148.25
2651.00,55.80376203,37.42613162,148.25
2652.00,55.80376233,37.42611569,148.25
2653.00,55.80376255,37.42609974,148.25
2654.00,55.80376272,37.42608380,148.25
2655.00,55.80376294,37.42606786,148.25
2656.00,55.80376312,37.42605192,148.25
2657.00,55.80376333,37.42603597,148.25
2658.00,55.80376359,37.42602003,148.25
2659.00,55.80376389,37.42600410,148.25
2660.00,55.80376425,37.42598816,148.24
2661.00,55.80376469,37.42597223,148.24
2662.00,55.80376507,37.42595630,148.24
2663.00,55.80376545,37.42594037,148.24
2664.00,55.80376580,37.42592444,148.24
2665.00,55.80376611,37.42590850,148.24
2666.00,55.80376637,37.42589256,148.24
2667.00,55.80376666,37.42587662,148.24
2668.00,55.80376693,37.42586068,148.24
2669.00,55.80376721,37.42584474,148.24
2670.00,55.80376755,37.42582881,148.24
2671.00,55.80376792,37.42581288,148.24
2672.00,55.80376826,37.42579694,148.24
2673.00,55.80376861,37.42578101,148.24
2674.00,55.80376893,37.42576507,148.24
2675.00,55.80376922,37.42574913,148.24
2676.00,55.80376945,37.42573319,148.24
2677.00,55.80376972,37.42571725,148.24
2678.00,55.80377001,37.42570131,148.23
2679.00,55.80377032,37.42568538,148.23
2680.00,55.80377069,37.42566944,148.23
2681.00,55.80377119,37.42565352,148.23
2682.00,55.80377167,37.42563760,148.23
2683.00,55.80377216,37.42562168,148.23
2684.00,55.80377272,37.42560576,148.23
2685.00,55.80377324,37.42558984,148.23
2686.00,55.80377380,37.42557393,148.24
2687.00,55.80377436,37.42555801,148.24
2688.00,55.80377493,37.42554210,148.24
2689.00,55.80377554,37.42552619,148.24
2690.00,55.80377613,37.42551027,148.24
2691.00,55.80377675,37.42549437,148.24
2692.00,55.80377737,37.42547846,148.24
2693.00,55.80377796,37.42546255,148.24
2694.00,55.80377857,37.42544664,148.24
2695.00,55.80377917,37.42543073,148.24
2696.00,55.80377976,37.42541481,148.24
2697.00,55.80378035,37.42539890,148.24
2698.00,55.80378095,37.42538299,148.24
2699.00,55.80378156,37.42536708,148.23
2700.00,55.80378218,37.42535117,148.23
2701.00,55.80378280,37.42533526,148.23
2702.00,55.80378343,37.42531936,148.23
2703.00,55.80378406,37.42530345,148.23
2704.00,55.80378471,37.42528754,148.23
2705.00,55.80378537,37.42527164,148.23
2706.00,55.80378601,37.42525574,148.22
2707.00,55.80378668,37.42523983,148.22
2708.00,55.80378734,37.42522393,148.22
2709.00,55.80378799,37.42520803,148.22
2710.00,55.80378865,37.42519212,148.22
2711.00,55.80378929,37.42517622,148.21
2712.00,55.80378992,37.42516031,148.21
2713.00,55.80379056,37.42514440,148.21
2714.00,55.80379120,37.42512850,148.21
2715.00,55.80379186,37.42511259,148.20
2716.00,55.80379252,37.42509669,148.20
2717.00,55.80379322,37.42508079,148.20
2718.00,55.80379395,37.42506490,148.19
2719.00,55.80379470,37.42504901,148.19
2720.00,55.80379547,37.42503312,148.18
2721.00,55.80379619,37.42501723,148.18
2722.00,55.80379686,37.42500132,148.17
2723.00,55.80379751,37.42498542,148.17
2724.00,55.80379813,37.42496951,148.16
2725.00,55.80379871,37.42495360,148.16
2726.00,55.80379936,37.42493769,148.16
2727.00,55.80380004,37.42492179,148.15
2728.00,55.80380077,37.42490590,148.15
2729.00,55.80380158,37.42489002,148.14
2730.00,55.80380241,37.42487414,148.14
2731.00,55.80380319,37.42485825,148.14
2732.00,55.80380394,37.42484236,148.14
2733.00,55.80380467,37.42482647,148.13
2734.00,55.80380537,37.42481057,148.13
2735.00,55.80380609,37.42479467,148.13
2736.00,55.80380691,37.42477880,148.13
2737.00,55.80380786,37.42476294,148.12
2738.00,55.80380886,37.42474709,148.12
2739.00,55.80380995,37.42473126,148.12
2740.00,55.80381106,37.42471544,148.12
2741.00,55.80381216,37.42469961,148.11
2742.00,55.80381331,37.42468380,148.11
2743.00,55.80381440,37.42466797,148.11
2744.00,55.80381551,37.42465214,148.11
2745.00,55.80381662,37.42463632,148.11
2746.00,55.80381775,37.42462050,148.10
2747.00,55.80381892,37.42460469,148.10
2748.00,55.80382015,37.42458889,148.10
2749.00,55.80382147,37.42457312,148.10
2750.00,55.80382277,37.42455734,148.10
2751.00,55.80382410,37.42454157,148.10
2752.00,55.80382548,37.42452581,148.09
2753.00,55.80382684,37.42451005,148.09
2754.00,55.80382830,37.42449432,148.09
2755.00,55.80382975,37.42447858,148.08
2756.00,55.80383124,37.42446285,148.08
2757.00,55.80383278,37.42444714,148.08
2758.00,55.80383429,37.42443142,148.07
2759.00,55.80383589,37.42441573,148.07
2760.00,55.80383751,37.42440005,148.07
2761.00,55.80383916,37.42438437,148.07
2762.00,55.80384087,37.42436872,148.06
2763.00,55.80384256,37.42435306,148.06
2764.00,55.80384430,37.42433741,148.06
2765.00,55.80384602,37.42432176,148.06
2766.00,55.80384774,37.42430611,148.05
2767.00,55.80384949,37.42429047,148.05
2768.00,55.80385119,37.42427481,148.05
2769.00,55.80385286,37.42425914,148.05
2770.00,55.80385451,37.42424347,148.05
2771.00,55.80385612,37.42422778,148.05
2772.00,55.80385768,37.42421208,148.05
2773.00,55.80385930,37.42419639,148.05
2774.00,55.80386093,37.42418071,148.05
2775.00,55.80386257,37.42416503,148.05
2776.00,55.80386422,37.42414936,148.05
2777.00,55.80386594,37.42413370,148.05
2778.00,55.80386767,37.42411806,148.06
2779.00,55.80386944,37.42410242,148.06
2780.00,55.80387127,37.42408681,148.06
2781.00,55.80387307,37.42407119,148.06
2782.00,55.80387488,37.42405557,148.06
2783.00,55.80387668,37.42403994,148.06
2784.00,55.80387843,37.42402431,148.07
2785.00,55.80388013,37.42400865,148.07
2786.00,55.80388180,37.42399298,148.07
2787.00,55.80388344,37.42397730,148.07
2788.00,55.80388502,37.42396160,148.07
2789.00,55.80388669,37.42394594,148.08
2790.00,55.80388838,37.42393027,148.08
2791.00,55.80389010,37.42391462,148.08
2792.00,55.80389187,37.42389899,148.08
2793.00,55.80389379,37.42388341,148.08
2794.00,55.80389571,37.42386783,148.08
2795.00,55.80389764,37.42385226,148.09
2796.00,55.80389964,37.42383671,148.09
2797.00,55.80390152,37.42382112,148.09
2798.00,55.80390337,37.42380551,148.09
2799.00,55.80390519,37.42378990,148.10
2800.00,55.80390700,37.42377428,148.10
2801.00,55.80390878,37.42375865,148.10
2802.00,55.80391059,37.42374303,148.11
2803.00,55.80391245,37.42372743,148.11
2804.00,55.80391443,37.42371188,148.11
2805.00,55.80391645,37.42369634,148.12
2806.00,55.80391851,37.42368081,148.12
2807.00,55.80392063,37.42366532,148.13
2808.00,55.80392265,37.42364978,148.14
2809.00,55.80392464,37.42363423,148.14
2810.00,55.80392659,37.42361867,148.15
2811.00,55.80392849,37.42360308,148.15
2812.00,55.80393032,37.42358747,148.16
2813.00,55.80393214,37.42357185,148.17
2814.00,55.80393399,37.42355625,148.18
2815.00,55.80393580,37.42354063,148.18
2816.00,55.80393765,37.42352502,148.19
2817.00,55.80393955,37.42350944,148.20
2818.00,55.80394153,37.42349388,148.21
2819.00,55.80394353,37.42347834,148.22
2820.00,55.80394557,37.42346281,148.23
2821.00,55.80394763,37.42344729,148.24
2822.00,55.80394963,37.42343174,148.25
2823.00,55.80395163,37.42341620,148.25
2824.00,55.80395361,37.42340064,148.26
2825.00,55.80395555,37.42338507,148.27
2826.00,55.80395745,37.42336949,148.28
2827.00,55.80395937,37.42335391,148.29
2828.00,55.80396129,37.42333833,148.30
2829.00,55.80396319,37.42332275,148.31
2830.00,55.80396513,37.42330717,148.32
2831.00,55.80396710,37.42329162,148.33
2832.00,55.80396909,37.42327607,148.34
2833.00,55.80397110,37.42326053,148.35
2834.00,55.80397316,37.42324500,148.36
2835.00,55.80397521,37.42322948,148.36
2836.00,55.80397721,37.42321393,148.37
2837.00,55.80397920,37.42319838,148.38
2838.00,55.80398116,37.42318282,148.39
2839.00,55.80398308,37.42316724,148.40
2840.00,55.80398494,37.42315164,148.41
2841.00,55.80398681,37.42313604,148.41
2842.00,55.80398867,37.42312044,148.42
2843.00,55.80399051,37.42310483,148.43
2844.00,55.80399243,37.42308926,148.44
2845.00,55.80399440,37.42307370,148.45
2846.00,55.80399642,37.42305816,148.46
2847.00,55.80399846,37.42304263,148.47
2848.00,55.80400054,37.42302712,148.48
2849.00,55.80400257,37.42301159,148.49
2850.00,55.80400453,37.42299602,148.50
2851.00,55.80400640,37.42298042,148.51
2852.00,55.80400825,37.42296482,148.52
2853.00,55.80401009,37.42294921,148.53
2854.00,55.80401188,37.42293359,148.54
2855.00,55.80401372,37.42291798,148.55
2856.00,55.80401557,37.42290238,148.56
2857.00,55.80401743,37.42288677,148.57
2858.00,55.80401935,37.42287120,148.59
2859.00,55.80402132,37.42285564,148.60
2860.00,55.80402330,37.42284008,148.62
2861.00,55.80402531,37.42282454,148.63
2862.00,55.80402738,37.42280902,148.65
2863.00,55.80402946,37.42279351,148.66
2864.00,55.80403158,37.42277801,148.68
2865.00,55.80403372,37.42276253,148.70
2866.00,55.80403583,37.42274703,148.71
2867.00,55.80403789,37.42273151,148.73
2868.00,55.80403992,37.42271597,148.75
2869.00,55.80404189,37.42270042,148.76
2870.00,55.80404380,37.42268483,148.78
2871.00,55.80404566,37.42266923,148.79
2872.00,55.80404744,37.42265360,148.81
2873.00,55.80404922,37.42263797,148.82
2874.00,55.80405108,37.42262237,148.84
2875.00,55.80405297,37.42260678,148.85
2876.00,55.80405485,37.42259119,148.87
2877.00,55.80405679,37.42257562,148.89
2878.00,55.80405876,37.42256006,148.90
2879.00,55.80406074,37.42254451,148.92
2880.00,55.80406280,37.42252899,148.93
2881.00,55.80406484,37.42251346,148.95
2882.00,55.80406690,37.42249794,148.96
2883.00,55.80406895,37.42248241,148.98
2884.00,55.80407097,37.42246687,148.99
2885.00,55.80407296,37.42245132,149.00
2886.00,55.80407493,37.42243576,149.02
2887.00,55.80407684,37.42242018,149.03
2888.00,55.80407876,37.42240460,149.04
2889.00,55.80408064,37.42238901,149.05
2890.00,55.80408252,37.42237342,149.07
2891.00,55.80408444,37.42235784,149.08
2892.00,55.80408639,37.42234227,149.09
2893.00,55.80408834,37.42232671,149.10
2894.00,55.80409035,37.42231117,149.11
2895.00,55.80409234,37.42229561,149.12
2896.00,55.80409427,37.42228004,149.13
2897.00,55.80409620,37.42226447,149.14
2898.00,55.80409817,37.42224891,149.15
2899.00,55.80410012,37.42223334,149.17
2900.00,55.80410208,37.42221778,149.18
2901.00,55.80410403,37.42220221,149.19
2902.00,55.80410597,37.42218664,149.20
2903.00,55.80410790,37.42217107,149.21
2904.00,55.80410982,37.42215549,149.23
2905.00,55.80411172,37.42213991,149.24
2906.00,55.80411367,37.42212434,149.25
2907.00,55.80411567,37.42210879,149.26
2908.00,55.80411767,37.42209325,149.27
2909.00,55.80411966,37.42207770,149.28
2910.00,55.80412165,37.42206215,149.29
2911.00,55.80412362,37.42204659,149.30
2912.00,55.80412558,37.42203103,149.31
2913.00,55.80412753,37.42201546,149.32
2914.00,55.80412946,37.42199989,149.34
2915.00,55.80413138,37.42198431,149.35
2916.00,55.80413331,37.42196874,149.36
2917.00,55.80413528,37.42195318,149.37
2918.00,55.80413727,37.42193763,149.39
2919.00,55.80413926,37.42192208,149.40
2920.00,55.80414125,37.42190653,149.42
2921.00,55.80414322,37.42189097,149.43
2922.00,55.80414518,37.42187541,149.44
2923.00,55.80414713,37.42185984,149.45
2924.00,55.80414908,37.42184428,149.47
2925.00,55.80415103,37.42182871,149.48
2926.00,55.80415298,37.42181314,149.49
2927.00,55.80415491,37.42179757,149.50
2928.00,55.80415684,37.42178199,149.52
2929.00,55.80415872,37.42176640,149.53
2930.00,55.80416068,37.42175084,149.54
2931.00,55.80416270,37.42173530,149.56
2932.00,55.80416467,37.42171974,149.57
2933.00,55.80416657,37.42170416,149.58
2934.00,55.80416850,37.42168859,149.60
2935.00,55.80417045,37.42167302,149.61
2936.00,55.80417245,37.42165747,149.63
2937.00,55.80417446,37.42164193,149.64
2938.00,55.80417654,37.42162642,149.66
2939.00,55.80417857,37.42161088,149.67
2940.00,55.80418059,37.42159535,149.68
2941.00,55.80418257,37.42157979,149.70
2942.00,55.80418452,37.42156423,149.71
2943.00,55.80418646,37.42154866,149.72
2944.00,55.80418843,37.42153310,149.74
2945.00,55.80419046,37.42151756,149.75
2946.00,55.80419240,37.42150199,149.76
2947.00,55.80419435,37.42148643,149.78
2948.00,55.80419628,37.42147085,149.79
2949.00,55.80419823,37.42145529,149.81
2950.00,55.80420018,37.42143972,149.82
2951.00,55.80420215,37.42142416,149.84
2952.00,55.80420413,37.42140861,149.85
2953.00,55.80420616,37.42139308,149.87
2954.00,55.80420816,37.42137753,149.89
2955.00,55.80421017,37.42136199,149.90
2956.00,55.80421218,37.42134644,149.92
2957.00,55.80421418,37.42133090,149.93
2958.00,55.80421616,37.42131534,149.95
2959.00,55.80421805,37.42129976,149.96
2960.00,55.80421994,37.42128417,149.98
2961.00,55.80422196,37.42126863,149.99
2962.00,55.80422392,37.42125307,150.01
2963.00,55.80422592,37.42123752,150.03
2964.00,55.80422789,37.42122196,150.04
2965.00,55.80422988,37.42120641,150.06
2966.00,55.80423183,37.42119085,150.08
2967.00,55.80423375,37.42117527,150.09
2968.00,55.80423564,37.42115968,150.11
2969.00,55.80423745,37.42114406,150.13
2970.00,55.80423935,37.42112847,150.15
2971.00,55.80424128,37.42111290,150.17
2972.00,55.80424336,37.42109738,150.19
2973.00,55.80424528,37.42108181,150.21
2974.00,55.80424732,37.42106628,150.23
2975.00,55.80424932,37.42105073,150.25
2976.00,55.80425138,37.42103521,150.27
2977.00,55.80425336,37.42101966,150.30
2978.00,55.80425539,37.42100412,150.32
2979.00,55.80425738,37.42098857,150.34
2980.00,55.80425932,37.42097300,150.37
2981.00,55.80426126,37.42095743,150.39
2982.00,55.80426331,37.42094191,150.42
2983.00,55.80426526,37.42092634,150.45
2984.00,55.80426724,37.42091079,150.48
2985.00,55.80426915,37.42089521,150.51
2986.00,55.80427096,37.42087959,150.54
2987.00,55.80427282,37.42086399,150.57
2988.00,55.80427467,37.42084838,150.61
2989.00,55.80427656,37.42083279,150.64
2990.00,55.80427846,37.42081720,150.68
2991.00,55.80428024,37.42080158,150.71
2992.00,55.80428194,37.42078592,150.75
2993.00,55.80428369,37.42077028,150.79
2994.00,55.80428541,37.42075463,150.83
2995.00,55.80428720,37.42073900,150.87
2996.00,55.80428906,37.42072340,150.86
2997.00,55.80429085,37.42070777,150.86
2998.00,55.80429259,37.42069213,150.87
2999.00,55.80429439,37.42067651,150.88
3000.00,55.80429619,37.42066088,150.89
3001.00,55.80429795,37.42064525,150.90
3002.00,55.80429977,37.42062963,150.90
3003.00,55.80430150,37.42061398,150.91
3004.00,55.80430322,37.42059833,150.92
3005.00,55.80430489,37.42058266,150.92
3006.00,55.80430661,37.42056701,150.93
3007.00,55.80430832,37.42055136,150.93
3007.86,55.80431391,37.42054183,150.93
3008.86,55.80431581,37.42052624,150.93
3009.86,55.80431770,37.42051065,150.93
3010.86,55.80431958,37.42049506,150.93
3011.86,55.80432149,37.42047947,150.92
3012.86,55.80432348,37.42046392,150.92
3013.86,55.80432545,37.42044837,150.91
3014.86,55.80432739,37.42043280,150.90
3015.86,55.80432934,37.42041723,150.90
3016.86,55.80433133,37.42040168,150.89
3017.86,55.80433331,37.42038613,150.87
3018.86,55.80433531,37.42037058,150.86
3019.86,55.80433732,37.42035504,150.84
3020.86,55.80433925,37.42033946,150.88
3021.86,55.80434107,37.42032385,150.90
3022.86,55.80434287,37.42030823,150.92
3023.86,55.80434472,37.42029262,150.93
3024.86,55.80434667,37.42027705,150.94
3025.86,55.80434870,37.42026152,150.95
3026.86,55.80435080,37.42024602,150.96
3027.86,55.80435287,37.42023050,150.98
3028.86,55.80435484,37.42021494,150.99
3029.86,55.80435667,37.42019933,151.00
3030.86,55.80435845,37.42018370,151.01
3031.86,55.80436031,37.42016810,151.03
3032.86,55.80436232,37.42015256,151.04
3033.86,55.80436443,37.42013706,151.05
3034.86,55.80436662,37.42012159,151.06
3035.86,55.80436877,37.42010611,151.08
3036.86,55.80437079,37.42009057,151.09
3037.86,55.80437268,37.42007499,151.10
3038.86,55.80437454,37.42005938,151.11
3039.86,55.80437635,37.42004376,151.13
3040.86,55.80437812,37.42002813,151.14
3041.86,55.80437992,37.42001251,151.15
3042.86,55.80438179,37.41999691,151.17
3043.86,55.80438376,37.41998135,151.18
3044.86,55.80438583,37.41996584,151.20
3045.86,55.80438792,37.41995033,151.21
3046.86,55.80439001,37.41993482,151.23
3047.86,55.80439204,37.41991928,151.24
3048.86,55.80439403,37.41990373,151.26
3049.86,55.80439598,37.41988817,151.27
3050.86,55.80439792,37.41987260,151.29
3051.86,55.80439985,37.41985702,151.30
3052.86,55.80440180,37.41984146,151.32
3053.86,55.80440378,37.41982590,151.34
3054.86,55.80440578,37.41981035,151.35
3055.86,55.80440778,37.41979481,151.37
3056.86,55.80440978,37.41977926,151.38
3057.86,55.80441177,37.41976371,151.40
3058.86,55.80441375,37.41974816,151.41
3059.86,55.80441571,37.41973260,151.43
3060.86,55.80441762,37.41971702,151.45
3061.86,55.80441950,37.41970142,151.46
3062.86,55.80442135,37.41968582,151.48
3063.86,55.80442320,37.41967021,151.49
3064.86,55.80442510,37.41965463,151.51
3065.86,55.80442702,37.41963905,151.52
3066.86,55.80442897,37.41962348,151.54
3067.86,55.80443093,37.41960792,151.55
3068.86,55.80443289,37.41959236,151.57
3069.86,55.80443486,37.41957680,151.58
3070.86,55.80443685,37.41956125,151.60
3071.86,55.80443886,37.41954571,151.61
3072.86,55.80444090,37.41953018,151.63
3073.86,55.80444293,37.41951464,151.64
3074.86,55.80444494,37.41949910,151.66
3075.86,55.80444693,37.41948355,151.67
3076.86,55.80444891,37.41946800,151.69
3077.86,55.80445087,37.41945244,151.70
3078.86,55.80445283,37.41943687,151.71
3079.86,55.80445480,37.41942131,151.73
3080.86,55.80445679,37.41940577,151.74
3081.86,55.80445879,37.41939022,151.76
3082.86,55.80446079,37.41937467,151.77
3083.86,55.80446279,37.41935913,151.79
3084.86,55.80446477,37.41934357,151.80
3085.86,55.80446673,37.41932801,151.82
3086.86,55.80446865,37.41931243,151.83
3087.86,55.80447054,37.41929684,151.84
3088.86,55.80447242,37.41928125,151.86
3089.86,55.80447429,37.41926565,151.87
3090.86,55.80447617,37.41925006,151.88
3091.86,55.80447808,37.41923448,151.90
3092.86,55.80448002,37.41921891,151.91
3093.86,55.80448199,37.41920335,151.93
3094.86,55.80448400,37.41918781,151.94
3095.86,55.80448607,37.41917229,151.95
3096.86,55.80448819,37.41915679,151.97
3097.86,55.80449028,37.41914129,151.98
3098.86,55.80449238,37.41912578,151.99
3099.86,55.80449443,37.41911026,152.01
3100.86,55.80449645,37.41909472,152.02
3101.86,55.80449845,37.41907917,152.03
3102.86,55.80450045,37.41906362,152.04
3103.86,55.80450242,37.41904806,152.05
3104.86,55.80450434,37.41903249,152.07
3105.86,55.80450622,37.41901690,152.08
3106.86,55.80450809,37.41900130,152.09
3107.86,55.80450993,37.41898569,152.10
3108.86,55.80451179,37.41897009,152.11
3109.86,55.80451367,37.41895449,152.13
3110.86,55.80451559,37.41893892,152.14
3111.86,55.80451759,37.41892337,152.15
3112.86,55.80451961,37.41890783,152.16
3113.86,55.80452161,37.41889229,152.18
3114.86,55.80452361,37.41887674,152.19
3115.86,55.80452559,37.41886118,152.20
3116.86,55.80452753,37.41884561,152.22
3117.86,55.80452946,37.41883004,152.23
3118.86,55.80453140,37.41881447,152.24
3119.86,55.80453334,37.41879890,152.26
3120.86,55.80453529,37.41878334,152.27
3121.86,55.80453726,37.41876778,152.28
3122.86,55.80453924,37.41875222,152.29
3123.86,55.80454124,37.41873668,152.31
3124.86,55.80454328,37.41872115,152.32
3125.86,55.80454531,37.41870561,152.34
3126.86,55.80454736,37.41869009,152.35
3127.86,55.80454938,37.41867455,152.37
3128.86,55.80455138,37.41865900,152.38
3129.86,55.80455336,37.41864345,152.39
3130.86,55.80455529,37.41862788,152.41
3131.86,55.80455720,37.41861229,152.42
3132.86,55.80455912,37.41859671,152.44
3133.86,55.80456103,37.41858113,152.45
3134.86,55.80456298,37.41856557,152.46
3135.86,55.80456495,37.41855001,152.48
3136.86,55.80456694,37.41853446,152.49
3137.86,55.80456892,37.41851890,152.51
3138.86,55.80457092,37.41850336,152.52
3139.86,55.80457293,37.41848782,152.53
3140.86,55.80457497,37.41847228,152.55
3141.86,55.80457702,37.41845676,152.56
3142.86,55.80457908,37.41844124,152.57
3143.86,55.80458113,37.41842571,152.59
3144.86,55.80458314,37.41841017,152.60
3145.86,55.80458513,37.41839462,152.61
3146.86,55.80458709,37.41837906,152.63
3147.86,55.80458900,37.41836348,152.64
3148.86,55.80459092,37.41834790,152.65
3149.86,55.80459283,37.41833232,152.66
3150.86,55.80459474,37.41831674,152.68
3151.86,55.80459667,37.41830116,152.69
3152.86,55.80459861,37.41828559,152.70
3153.86,55.80460058,37.41827003,152.72
3154.86,55.80460255,37.41825447,152.73
3155.86,55.80460451,37.41823891,152.74
3156.86,55.80460646,37.41822335,152.76
3157.86,55.80460840,37.41820777,152.77
3158.86,55.80461032,37.41819220,152.78
3159.86,55.80461223,37.41817661,152.80
3160.86,55.80461417,37.41816105,152.81
3161.86,55.80461618,37.41814550,152.82
3162.86,55.80461824,37.41812998,152.84
3163.86,55.80462034,37.41811448,152.85
3164.86,55.80462245,37.41809897,152.87
3165.86,55.80462453,37.41808346,152.88
3166.86,55.80462659,37.41806794,152.90
3167.86,55.80462864,37.41805241,152.91
3168.86,55.80463064,37.41803687,152.92
3169.86,55.80463263,37.41802132,152.94
3170.86,55.80463460,37.41800576,152.95
3171.86,55.80463656,37.41799020,152.97
3172.86,55.80463850,37.41797463,152.98
3173.86,55.80464046,37.41795906,152.99
3174.86,55.80464243,37.41794351,153.01
3175.86,55.80464442,37.41792796,153.02
3176.86,55.80464641,37.41791241,153.04
3177.86,55.80464843,37.41789687,153.05
3178.86,55.80465047,37.41788134,153.07
3179.86,55.80465248,37.41786580,153.08
3180.86,55.80465447,37.41785025,153.09
3181.86,55.80465646,37.41783469,153.11
3182.86,55.80465842,37.41781913,153.12
3183.86,55.80466038,37.41780357,153.14
3184.86,55.80466233,37.41778801,153.15
3185.86,55.80466430,37.41777245,153.16
3186.86,55.80466628,37.41775689,153.18
3187.86,55.80466827,37.41774134,153.19
3188.86,55.80467030,37.41772581,153.21
3189.86,55.80467234,37.41771028,153.22
3190.86,55.80467436,37.41769474,153.23
3191.86,55.80467634,37.41767919,153.25
3192.86,55.80467827,37.41766361,153.26
3193.86,55.80468021,37.41764804,153.27
3194.86,55.80468216,37.41763248,153.28
3195.86,55.80468414,37.41761692,153.30
3196.86,55.80468614,37.41760138,153.31
3197.86,55.80468818,37.41758585,153.32
3198.86,55.80469024,37.41757032,153.33
3199.86,55.80469228,37.41755479,153.35
3200.86,55.80469431,37.41753926,153.36
3201.86,55.80469632,37.41752372,153.37
3202.86,55.80469834,37.41750818,153.38
3203.86,55.80470036,37.41749264,153.39
3204.86,55.80470235,37.41747709,153.40
3205.86,55.80470435,37.41746154,153.41
3206.86,55.80470636,37.41744600,153.42
3207.86,55.80470836,37.41743046,153.43
3208.86,55.80471039,37.41741492,153.45
3209.86,55.80471242,37.41739939,153.46
3210.86,55.80471440,37.41738383,153.47
3211.86,55.80471635,37.41736827,153.48
3212.86,55.80471830,37.41735270,153.49
3213.86,55.80472027,37.41733714,153.50
3214.86,55.80472234,37.41732162,153.51
3215.86,55.80472447,37.41730613,153.52
3216.86,55.80472658,37.41729063,153.53
3217.86,55.80472864,37.41727511,153.54
3218.86,55.80473065,37.41725957,153.55
3219.86,55.80473267,37.41724403,153.56
3220.86,55.80473474,37.41722851,153.57
3221.86,55.80473683,37.41721301,153.58
3222.86,55.80473890,37.41719749,153.59
3223.86,55.80474092,37.41718195,153.60
3224.86,55.80474294,37.41716641,153.61
3225.86,55.80474500,37.41715089,153.62
3226.86,55.80474707,37.41713537,153.63
3227.86,55.80474910,37.41711984,153.64
3228.86,55.80475111,37.41710430,153.65
3229.86,55.80475313,37.41708876,153.66
3230.86,55.80475519,37.41707324,153.66
3231.86,55.80475721,37.41705770,153.67
3232.86,55.80475923,37.41704216,153.68
3233.86,55.80476129,37.41702664,153.69
3234.86,55.80476335,37.41701112,153.70
3235.86,55.80476542,37.41699560,153.71
3236.86,55.80476749,37.41698008,153.72
3237.86,55.80476957,37.41696457,153.73
3238.86,55.80477168,37.41694907,153.73
3239.86,55.80477379,37.41693357,153.74
3240.86,55.80477586,37.41691805,153.75
3241.86,55.80477795,37.41690254,153.76
3242.86,55.80478005,37.41688703,153.77
3243.86,55.80478213,37.41687152,153.78
3244.86,55.80478420,37.41685601,153.79
3245.86,55.80478629,37.41684049,153.79
3246.86,55.80478837,37.41682498,153.80
3247.86,55.80479049,37.41680949,153.81
3248.86,55.80479264,37.41679400,153.82
3249.86,55.80479477,37.41677851,153.83
3250.86,55.80479690,37.41676302,153.84
3251.86,55.80479902,37.41674753,153.84
3252.86,55.80480116,37.41673204,153.85
3253.86,55.80480332,37.41671656,153.86
3254.86,55.80480550,37.41670109,153.87
3255.86,55.80480770,37.41668563,153.88
3256.86,55.80480988,37.41667016,153.89
3257.86,55.80481207,37.41665469,153.90
3258.86,55.80481428,37.41663924,153.91
3259.86,55.80481649,37.41662378,153.92
3260.86,55.80481865,37.41660830,153.93
3261.86,55.80482082,37.41659283,153.94
3262.86,55.80482295,37.41657733,153.95
3263.86,55.80482502,37.41656182,153.96
3264.86,55.80482712,37.41654631,153.97
3265.86,55.80482926,37.41653083,153.98
3266.86,55.80483139,37.41651533,153.99
3267.86,55.80483348,37.41649982,154.00
3268.86,55.80483555,37.41648431,154.01
3269.86,55.80483767,37.41646881,154.02
3270.86,55.80483985,37.41645334,154.03
3271.86,55.80484206,37.41643788,154.04
3272.86,55.80484427,37.41642243,154.05
3273.86,55.80484650,37.41640698,154.06
3274.86,55.80484875,37.41639154,154.07
3275.86,55.80485097,37.41637609,154.08
3276.86,55.80485317,37.41636063,154.10
3277.86,55.80485537,37.41634517,154.11
3278.86,55.80485755,37.41632970,154.12
3279.86,55.80485974,37.41631423,154.14
3280.86,55.80486192,37.41629877,154.15
3281.86,55.80486411,37.41628330,154.16
3282.86,55.80486624,37.41626781,154.17
3283.86,55.80486829,37.41625228,154.19
3284.86,55.80487031,37.41623674,154.20
3285.86,55.80487233,37.41622120,154.21
3286.86,55.80487438,37.41620568,154.22
3287.86,55.80487645,37.41619016,154.24
3288.86,55.80487855,37.41617465,154.25
3289.86,55.80488063,37.41615914,154.26
3290.86,55.80488268,37.41614362,154.27
3291.86,55.80488472,37.41612809,154.28
3292.86,55.80488678,37.41611257,154.30
3293.86,55.80488888,37.41609706,154.31
3294.86,55.80489102,37.41608157,154.32
3295.86,55.80489321,37.41606611,154.33
3296.86,55.80489544,37.41605066,154.35
3297.86,55.80489771,37.41603523,154.36
3298.86,55.80489996,37.41601979,154.37
3299.86,55.80490221,37.41600436,154.39
3300.86,55.80490445,37.41598891,154.40
3301.86,55.80490669,37.41597347,154.42
3302.86,55.80490895,37.41595804,154.43
3303.86,55.80491123,37.41594261,154.44
3304.86,55.80491350,37.41592718,154.45
3305.86,55.80491574,37.41591174,154.47
3306.86,55.80491797,37.41589629,154.48
3307.86,55.80492017,37.41588083,154.50
3308.86,55.80492234,37.41586536,154.51
3309.86,55.80492448,37.41584987,154.53
3310.86,55.80492659,37.41583437,154.54
3311.86,55.80492870,37.41581887,154.56
3312.86,55.80493080,37.41580336,154.58
3313.86,55.80493292,37.41578787,154.60
3314.86,55.80493507,37.41577239,154.61
3315.86,55.80493721,37.41575690,154.63
3316.86,55.80493936,37.41574141,154.65
3317.86,55.80494152,37.41572594,154.66
3318.86,55.80494371,37.41571047,154.68
3319.86,55.80494591,37.41569501,154.70
3320.86,55.80494808,37.41567954,154.72
3321.86,55.80495024,37.41566406,154.74
3322.86,55.80495240,37.41564858,154.76
3323.86,55.80495456,37.41563310,154.78
3324.86,55.80495670,37.41561761,154.80
3325.86,55.80495885,37.41560213,154.82
3326.86,55.80496099,37.41558664,154.84
3327.86,55.80496316,37.41557117,154.86
3328.86,55.80496533,37.41555569,154.88
3329.86,55.80496748,37.41554021,154.90
3330.86,55.80496962,37.41552472,154.92
3331.86,55.80497177,37.41550924,154.93
3332.86,55.80497391,37.41549375,154.95
3333.86,55.80497602,37.41547825,154.97
3334.86,55.80497808,37.41546273,154.98
3335.86,55.80498013,37.41544720,155.00
3336.86,55.80498220,37.41543169,155.02
3337.86,55.80498427,37.41541617,155.03
3338.86,55.80498636,37.41540066,155.05
3339.86,55.80498846,37.41538515,155.07
3340.86,55.80499061,37.41536967,155.08
3341.86,55.80499280,37.41535421,155.10
3342.86,55.80499503,37.41533876,155.12
3343.86,55.80499726,37.41532331,155.13
3344.86,55.80499951,37.41530787,155.15
3345.86,55.80500173,37.41529242,155.16
3346.86,55.80500395,37.41527697,155.18
3347.86,55.80500612,37.41526149,155.19
3348.86,55.80500827,37.41524601,155.20
3349.86,55.80501041,37.41523053,155.22
3350.86,55.80501256,37.41521504,155.23
3351.86,55.80501470,37.41519955,155.24
3352.86,55.80501680,37.41518405,155.25
3353.86,55.80501890,37.41516854,155.27
3354.86,55.80502104,37.41515306,155.28
3355.86,55.80502319,37.41513758,155.29
3356.86,55.80502535,37.41512209,155.30
3357.86,55.80502751,37.41510661,155.32
3358.86,55.80502966,37.41509113,155.33
3359.86,55.80503182,37.41507565,155.34
3360.86,55.80503398,37.41506017,155.35
3361.86,55.80503614,37.41504470,155.37
3362.86,55.80503829,37.41502921,155.38
3363.86,55.80504042,37.41501372,155.39
3364.86,55.80504254,37.41499823,155.40
3365.86,55.80504467,37.41498274,155.41
3366.86,55.80504681,37.41496725,155.42
3367.86,55.80504896,37.41495176,155.43
3368.86,55.80505111,37.41493628,155.44
3369.86,55.80505324,37.41492079,155.45
3370.86,55.80505535,37.41490529,155.46
3371.86,55.80505742,37.41488977,155.47
3372.86,55.80505948,37.41487425,155.48
3373.86,55.80506155,37.41485873,155.49
3374.86,55.80506363,37.41484322,155.50
3375.86,55.80506575,37.41482772,155.51
3376.86,55.80506792,37.41481225,155.53
3377.86,55.80507013,37.41479679,155.54
3378.86,55.80507233,37.41478133,155.55
3379.86,55.80507448,37.41476584,155.56
3380.86,55.80507660,37.41475035,155.57
3381.86,55.80507871,37.41473485,155.58
3382.86,55.80508080,37.41471934,155.59
3383.86,55.80508290,37.41470384,155.60
3384.86,55.80508505,37.41468835,155.61
3385.86,55.80508723,37.41467288,155.62
3386.86,55.80508941,37.41465741,155.63
3387.86,55.80509157,37.41464193,155.65
3388.86,55.80509370,37.41462644,155.66
3389.86,55.80509582,37.41461095,155.67
3390.86,55.80509795,37.41459545,155.68
3391.86,55.80510009,37.41457996,155.69
3392.86,55.80510224,37.41456448,155.71
3393.86,55.80510441,37.41454901,155.72
3394.86,55.80510660,37.41453354,155.73
3395.86,55.80510878,37.41451807,155.75
3396.86,55.80511095,37.41450260,155.76
3397.86,55.80511312,37.41448712,155.77
3398.86,55.80511527,37.41447164,155.78
3399.86,55.80511742,37.41445616,155.79
3400.86,55.80511957,37.41444067,155.81
3401.86,55.80512171,37.41442519,155.82
3402.86,55.80512383,37.41440969,155.83
3403.86,55.80512595,37.41439419,155.84
3404.86,55.80512806,37.41437870,155.85
3405.86,55.80513017,37.41436319,155.87
3406.86,55.80513227,37.41434769,155.88
3407.86,55.80513440,37.41433220,155.89
3408.86,55.80513659,37.41431673,155.90
3409.86,55.80513880,37.41430128,155.91
3410.86,55.80514096,37.41428579,155.92
3411.86,55.80514307,37.41427029,155.93
3412.86,55.80514517,37.41425479,155.94
3413.86,55.80514734,37.41423932,155.96
3414.86,55.80514952,37.41422385,155.97
3415.86,55.80515168,37.41420837,155.98
3416.86,55.80515386,37.41419290,155.99
3417.86,55.80515602,37.41417742,156.00
3418.86,55.80515816,37.41416193,156.01
3419.86,55.80516030,37.41414644,156.02
3420.86,55.80516249,37.41413098,156.03
3421.86,55.80516469,37.41411552,156.04
3422.86,55.80516685,37.41410004,156.06
3423.86,55.80516898,37.41408454,156.07
3424.86,55.80517110,37.41406905,156.08
3425.86,55.80517326,37.41405357,156.09
3426.86,55.80517546,37.41403811,156.10
3427.86,55.80517766,37.41402265,156.11
3428.86,55.80517979,37.41400716,156.12
3429.86,55.80518187,37.41399165,156.13
3430.86,55.80518396,37.41397614,156.14
3431.86,55.80518611,37.41396065,156.15
3432.86,55.80518824,37.41394516,156.16
3433.86,55.80519035,37.41392966,156.17
3434.86,55.80519262,37.41391423,156.19
3435.86,55.80519488,37.41389881,156.20
3436.86,55.80519684,37.41388325,156.21
3437.86,55.80519885,37.41386770,156.22
3438.86,55.80520087,37.41385216,156.23
3439.86,55.80520295,37.41383665,156.24
3440.86,55.80520508,37.41382116,156.25
3441.86,55.80520720,37.41380566,156.26
3442.86,55.80520934,37.41379017,156.27
3443.86,55.80521146,37.41377468,156.28
3444.86,55.80521362,37.41375920,156.29
3445.86,55.80521573,37.41374370,156.30
3446.86,55.80521791,37.41372823,156.31
3447.86,55.80522003,37.41371273,156.31
3448.86,55.80522211,37.41369722,156.32
3449.86,55.80522424,37.41368173,156.33
3450.86,55.80522636,37.41366623,156.34
3451.86,55.80522849,37.41365074,156.35
3452.86,55.80523062,37.41363525,156.36
3453.86,55.80523283,37.41361979,156.37
3454.86,55.80523505,37.41360434,156.38
3455.86,55.80523721,37.41358886,156.39
3456.86,55.80523939,37.41357339,156.40
3457.86,55.80524153,37.41355791,156.41
3458.86,55.80524367,37.41354242,156.42
3459.86,55.80524582,37.41352694,156.43
3460.86,55.80524796,37.41351145,156.44
3461.86,55.80525004,37.41349593,156.45
3462.86,55.80525219,37.41348045,156.46
3463.86,55.80525445,37.41346502,156.47
3464.86,55.80525657,37.41344953,156.49
3465.86,55.80525872,37.41343404,156.50
3466.86,55.80526085,37.41341855,156.51
3467.86,55.80526290,37.41340303,156.52
3468.86,55.80526502,37.41338753,156.53
3469.86,55.80526712,37.41337203,156.55
3470.86,55.80526917,37.41335650,156.56
3471.86,55.80527130,37.41334101,156.57
3472.86,55.80527360,37.41332559,156.58
3473.86,55.80527586,37.41331016,156.60
3474.86,55.80527803,37.41329469,156.61
3475.86,55.80528018,37.41327920,156.62
3476.86,55.80528228,37.41326370,156.64
3477.86,55.80528434,37.41324818,156.65
3478.86,55.80528642,37.41323266,156.66
3479.86,55.80528853,37.41321716,156.68
3480.86,55.80529073,37.41320170,156.69
3481.86,55.80529291,37.41318623,156.70
3482.86,55.80529501,37.41317073,156.72
3483.86,55.80529721,37.41315527,156.73
3484.86,55.80529942,37.41313981,156.74
3485.86,55.80530167,37.41312437,156.75
3486.86,55.80530387,37.41310891,156.77
3487.86,55.80530600,37.41309342,156.78
3488.86,55.80530812,37.41307792,156.79
3489.86,55.80531021,37.41306241,156.80
3490.86,55.80531227,37.41304689,156.82
3491.86,55.80531440,37.41303140,156.83
3492.86,55.80531659,37.41301593,156.84
3493.86,55.80531877,37.41300047,156.85
3494.86,55.80532100,37.41298502,156.87
3495.86,55.80532321,37.41296956,156.88
3496.86,55.80532540,37.41295410,156.89
3497.86,55.80532758,37.41293863,156.90
3498.86,55.80532975,37.41292315,156.91
3499.86,55.80533192,37.41290768,156.93
3500.86,55.80533409,37.41289220,156.94
3501.86,55.80533625,37.41287672,156.95
3502.86,55.80533838,37.41286123,156.96
3503.86,55.80534053,37.41284575,156.97
3504.86,55.80534269,37.41283027,156.98
3505.86,55.80534480,37.41281477,157.00
3506.86,55.80534689,37.41279926,157.01
3507.86,55.80534902,37.41278377,157.02
3508.86,55.80535115,37.41276828,157.03
3509.86,55.80535328,37.41275278,157.04
3510.86,55.80535543,37.41273730,157.06
3511.86,55.80535760,37.41272183,157.07
3512.86,55.80535976,37.41270635,157.08
3513.86,55.80536191,37.41269086,157.10
3514.86,55.80536406,37.41267538,157.11
3515.86,55.80536624,37.41265991,157.12
3516.86,55.80536841,37.41264443,157.14
3517.86,55.80537055,37.41262895,157.15
3518.86,55.80537267,37.41261345,157.16
3519.86,55.80537476,37.41259794,157.18
3520.86,55.80537688,37.41258245,157.19
3521.86,55.80537901,37.41256695,157.21
3522.86,55.80538111,37.41255145,157.23
3523.86,55.80538323,37.41253595,157.24
3524.86,55.80538538,37.41252047,157.26
3525.86,55.80538753,37.41250499,157.27
3526.86,55.80538968,37.41248950,157.29
3527.86,55.80539183,37.41247402,157.30
3528.86,55.80539400,37.41245854,157.32
3529.86,55.80539619,37.41244308,157.33
3530.86,55.80539838,37.41242761,157.35
3531.86,55.80540053,37.41241213,157.36
3532.86,55.80540263,37.41239663,157.37
3533.86,55.80540474,37.41238112,157.39
3534.86,55.80540686,37.41236563,157.40
3535.86,55.80540903,37.41235015,157.41
3536.86,55.80541123,37.41233470,157.43
3537.86,55.80541345,37.41231924,157.44
3538.86,55.80541563,37.41230377,157.45
3539.86,55.80541778,37.41228829,157.47
3540.86,55.80541992,37.41227280,157.48
3541.86,55.80542207,37.41225732,157.49
3542.86,55.80542417,37.41224181,157.51
3543.86,55.80542623,37.41222629,157.52
3544.86,55.80542833,37.41221079,157.53
3545.86,55.80543049,37.41219531,157.54
3546.86,55.80543268,37.41217984,157.55
3547.86,55.80543486,37.41216437,157.56
3548.86,55.80543698,37.41214887,157.57
3549.86,55.80543903,37.41213335,157.58
3550.86,55.80544108,37.41211782,157.59
3551.86,55.80544319,37.41210232,157.61
3552.86,55.80544533,37.41208684,157.62
3553.86,55.80544747,37.41207135,157.63
3554.86,55.80544961,37.41205586,157.64
3555.86,55.80545175,37.41204037,157.65
3556.86,55.80545388,37.41202488,157.66
3557.86,55.80545602,37.41200939,157.67
3558.86,55.80545819,37.41199392,157.68
3559.86,55.80546037,37.41197845,157.69
3560.86,55.80546254,37.41196297,157.71
3561.86,55.80546472,37.41194750,157.72
3562.86,55.80546691,37.41193204,157.72
3563.86,55.80546910,37.41191657,157.73
3564.86,55.80547132,37.41190112,157.74
3565.86,55.80547349,37.41188564,157.75
3566.86,55.80547562,37.41187015,157.76
3567.86,55.80547771,37.41185464,157.77
3568.86,55.80547979,37.41183913,157.78
3569.86,55.80548188,37.41182362,157.79
3570.86,55.80548399,37.41180812,157.80
3571.86,55.80548611,37.41179262,157.81
3572.86,55.80548824,37.41177713,157.82
3573.86,55.80549038,37.41176165,157.83
3574.86,55.80549251,37.41174615,157.84
3575.86,55.80549464,37.41173066,157.85
3576.86,55.80549679,37.41171518,157.86
3577.86,55.80549891,37.41169968,157.87
3578.86,55.80550104,37.41168419,157.88
3579.86,55.80550317,37.41166870,157.89
3580.86,55.80550532,37.41165321,157.90
3581.86,55.80550749,37.41163774,157.91
3582.86,55.80550960,37.41162224,157.92
3583.86,55.80551172,37.41160674,157.93
3584.86,55.80551387,37.41159126,157.94
3585.86,55.80551600,37.41157577,157.95
3586.86,55.80551812,37.41156027,157.96
3587.86,55.80552025,37.41154478,157.97
3588.86,55.80552227,37.41152924,157.98
3589.86,55.80552425,37.41151369,157.99
3590.86,55.80552643,37.41149822,158.00
3591.86,55.80552858,37.41148273,158.01
3592.86,55.80553072,37.41146725,158.02
3593.86,55.80553284,37.41145175,158.04
3594.86,55.80553499,37.41143627,158.06
3595.86,55.80553714,37.41142079,158.07
3596.86,55.80553935,37.41140533,158.09
3597.86,55.80554161,37.41138990,158.11
3598.86,55.80554384,37.41137445,158.13
3599.86,55.80554616,37.41135904,158.15
3600.86,55.80554855,37.41134367,158.17
3601.86,55.80555096,37.41132831,158.18
3602.86,55.80555337,37.41131295,158.20
3603.86,55.80555581,37.41129760,158.22
3604.86,55.80555812,37.41128219,158.24
3605.86,55.80556019,37.41126667,158.26
3606.86,55.80556213,37.41125110,158.28
3607.86,55.80556386,37.41123546,158.30
3608.86,55.80556553,37.41121979,158.32
3609.85,55.80556698,37.41120406,158.35
3610.85,55.80556806,37.41118823,158.37
3611.85,55.80556906,37.41117238,158.39
3612.85,55.80556999,37.41115652,158.41
3613.85,55.80557073,37.41114063,158.44
3614.85,55.80557130,37.41112471,158.46
3615.85,55.80557167,37.41110878,158.48
3616.85,55.80557183,37.41109284,158.50
3617.85,55.80557183,37.41107689,158.53
3618.85,55.80557164,37.41106095,158.55
3619.85,55.80557116,37.41104503,158.57
3620.85,55.80557051,37.41102912,158.58
3621.85,55.80556979,37.41101323,158.60
3622.85,55.80556890,37.41099736,158.62
3623.85,55.80556798,37.41098150,158.64
3624.85,55.80556702,37.41096564,158.65
3625.85,55.80556605,37.41094979,158.67
3626.85,55.80556504,37.41093394,158.69
3627.85,55.80556389,37.41091813,158.70
3628.85,55.80556258,37.41090235,158.72
3629.85,55.80556099,37.41088666,158.74
3630.85,55.80555922,37.41087103,158.76
3631.85,55.80555723,37.41085548,158.78
3632.85,55.80555497,37.41084005,158.80
3633.85,55.80555239,37.41082477,158.82
3634.85,55.80554944,37.41080972,158.83
3635.85,55.80554599,37.41079500,158.85
3636.85,55.80554209,37.41078064,158.87
3637.85,55.80553784,37.41076661,158.89
3638.85,55.80553327,37.41075287,158.90
3639.85,55.80552856,37.41073929,158.92
3640.85,55.80552368,37.41072591,158.93
3641.85,55.80551868,37.41071266,158.95
3642.85,55.80551362,37.41069949,158.96
3643.85,55.80550856,37.41068631,158.97
3644.85,55.80550351,37.41067312,158.99
3645.85,55.80549852,37.41065986,159.00
3646.85,55.80549362,37.41064651,159.01
3647.85,55.80548875,37.41063310,159.03
3648.85,55.80548388,37.41061971,159.04
3649.85,55.80547888,37.41060645,159.06
3650.85,55.80547371,37.41059343,159.07
3651.85,55.80546828,37.41058071,159.09
3652.85,55.80546265,37.41056829,159.10
3653.85,55.80545686,37.41055611,159.11
3654.85,55.80545094,37.41054411,159.12
3655.85,55.80544490,37.41053231,159.13
3656.85,55.80543875,37.41052069,159.14
3657.85,55.80543245,37.41050933,159.15
3658.85,55.80542602,37.41049820,159.16
3659.85,55.80541952,37.41048719,159.17
3660.85,55.80541289,37.41047643,159.18
3661.85,55.80540612,37.41046597,159.20
3662.85,55.80539924,37.41045570,159.21
3663.85,55.80539232,37.41044554,159.22
3664.85,55.80538533,37.41043553,159.23
3665.85,55.80537823,37.41042578,159.24
3666.85,55.80537100,37.41041632,159.25
3667.85,55.80536369,37.41040705,159.26
3668.85,55.80535625,37.41039811,159.27
3669.85,55.80534875,37.41038933,159.27
3670.85,55.80534119,37.41038073,159.28
3671.85,55.80533349,37.41037253,159.29
3672.85,55.80532571,37.41036457,159.30
3673.85,55.80531781,37.41035697,159.31
3674.85,55.80530979,37.41034982,159.31
3675.85,55.80530164,37.41034312,159.32
3676.85,55.80529339,37.41033680,159.33
3677.85,55.80528507,37.41033082,159.34
3678.85,55.80527670,37.41032500,159.35
3679.85,55.80526834,37.41031917,159.37
3680.85,55.80525997,37.41031339,159.38
3681.85,55.80525159,37.41030765,159.39
3682.85,55.80524322,37.41030189,159.41
3683.85,55.80523485,37.41029611,159.42
3684.85,55.80522647,37.41029034,159.44
3685.85,55.80521811,37.41028453,159.46
3686.85,55.80520977,37.41027864,159.48
3687.85,55.80520142,37.41027274,159.50
3688.85,55.80519308,37.41026683,159.52
3689.85,55.80518474,37.41026091,159.54
3690.85,55.80517639,37.41025503,159.56
3691.85,55.80516804,37.41024917,159.59
3692.85,55.80515969,37.41024330,159.62
3693.85,55.80515132,37.41023751,159.65
3694.85,55.80514294,37.41023178,159.67
3695.85,55.80513457,37.41022600,159.71
3696.85,55.80512619,37.41022024,159.74
3697.85,55.80511781,37.41021451,159.77
3698.85,55.80510943,37.41020878,159.80
3699.85,55.80510104,37.41020309,159.83
3700.85,55.80509267,37.41019729,159.86
3701.85,55.80508433,37.41019139,159.89
3702.85,55.80507598,37.41018553,159.92
3703.85,55.80506763,37.41017965,159.96
3704.85,55.80505928,37.41017375,159.99
3705.85,55.80505094,37.41016785,160.03
3706.85,55.80504259,37.41016198,160.06
3707.85,55.80503422,37.41015620,160.10
3708.85,55.80502583,37.41015049,160.14
3709.85,55.80501744,37.41014482,160.17
3710.85,55.80500904,37.41013916,160.21
3711.85,55.80500063,37.41013355,160.25
3712.85,55.80499222,37.41012798,160.28
3713.85,55.80498380,37.41012243,160.32
3714.85,55.80497538,37.41011687,160.35
3715.85,55.80496697,37.41011129,160.39
3716.85,55.80495856,37.41010568,160.42
3717.85,55.80495016,37.41010005,160.46
3718.85,55.80494177,37.41009435,160.49
3719.85,55.80493340,37.41008858,160.53
3720.85,55.80492503,37.41008277,160.56
3721.85,55.80491667,37.41007696,160.60
3722.85,55.80490829,37.41007122,160.63
3723.85,55.80489991,37.41006550,160.67
3724.85,55.80489152,37.41005978,160.70
3725.85,55.80488315,37.41005401,160.74
3726.85,55.80487478,37.41004820,160.78
3727.85,55.80486641,37.41004244,160.81
3728.85,55.80485803,37.41003670,160.84
3729.85,55.80484964,37.41003100,160.88
3730.85,55.80484124,37.41002537,160.91
3731.85,55.80483283,37.41001979,160.94
3732.85,55.80482441,37.41001423,160.97
3733.85,55.80481600,37.41000864,161.01
3734.85,55.80480759,37.41000302,161.04
3735.85,55.80479919,37.40999738,161.07
3736.85,55.80479080,37.40999172,161.10
3737.85,55.80478240,37.40998606,161.13
3738.85,55.80477400,37.40998039,161.16
3739.85,55.80476561,37.40997472,161.20
3740.85,55.80475722,37.40996905,161.23
3741.85,55.80474882,37.40996338,161.27
3742.85,55.80474043,37.40995771,161.30
3743.85,55.80473204,37.40995202,161.33
3744.85,55.80472365,37.40994631,161.37
3745.85,55.80471527,37.40994059,161.40
3746.85,55.80470688,37.40993488,161.43
3747.85,55.80469850,37.40992916,161.47
3748.85,55.80469011,37.40992344,161.50
3749.85,55.80468174,37.40991769,161.54
3750.85,55.80467335,37.40991198,161.57
3751.85,55.80466496,37.40990630,161.61
3752.85,55.80465656,37.40990063,161.64
3753.85,55.80464816,37.40989502,161.67
3754.85,55.80463974,37.40988945,161.71
3755.85,55.80463132,37.40988391,161.74
3756.85,55.80462290,37.40987836,161.78
3757.85,55.80461448,37.40987281,161.81
3758.85,55.80460606,37.40986724,161.85
3759.85,55.80459766,37.40986161,161.88
3760.85,55.80458927,37.40985592,161.92
3761.85,55.80458089,37.40985018,161.95
3762.85,55.80457252,37.40984441,161.99
3763.85,55.80456415,37.40983863,162.02
3764.85,55.80455578,37.40983285,162.06
3765.85,55.80454741,37.40982708,162.09
3766.85,55.80453903,37.40982132,162.13
3767.85,55.80453064,37.40981561,162.16
3768.85,55.80452225,37.40980993,162.20
3769.85,55.80451386,37.40980424,162.23
3770.85,55.80450547,37.40979857,162.27
3771.85,55.80449706,37.40979296,162.30
3772.85,55.80448864,37.40978742,162.34
3773.85,55.80448022,37.40978188,162.37
3774.85,55.80447179,37.40977637,162.41
3775.85,55.80446336,37.40977085,162.44
3776.85,55.80445494,37.40976534,162.48
3777.85,55.80444651,37.40975979,162.51
3778.85,55.80443811,37.40975419,162.55
3779.85,55.80442972,37.40974848,162.59
3780.85,55.80442136,37.40974266,162.62
3781.85,55.80441300,37.40973684,162.66
3782.85,55.80440463,37.40973105,162.69
3783.85,55.80439625,37.40972530,162.73
3784.85,55.80438787,37.40971958,162.76
3785.85,55.80437949,37.40971385,162.80
3786.85,55.80437111,37.40970809,162.84
3787.85,55.80436273,37.40970236,162.87
3788.85,55.80435433,37.40969671,162.91
3789.85,55.80434592,37.40969110,162.95
3790.85,55.80433751,37.40968552,162.98
3791.85,55.80432909,37.40967998,163.02
3792.85,55.80432067,37.40967443,163.06
3793.85,55.80431225,37.40966890,163.10
3794.85,55.80430383,37.40966332,163.13
3795.85,55.80429543,37.40965769,163.17
3796.85,55.80428704,37.40965200,163.21
3797.85,55.80427866,37.40964625,163.25
3798.85,55.80427029,37.40964048,163.28
3799.85,55.80426191,37.40963473,163.32
3800.85,55.80425353,37.40962898,163.36
3801.85,55.80424515,37.40962327,163.40
3802.85,55.80423675,37.40961760,163.44
3803.85,55.80422836,37.40961195,163.48
3804.85,55.80421995,37.40960634,163.51
3805.85,55.80421153,37.40960077,163.55
3806.85,55.80420311,37.40959524,163.59
3807.85,55.80419469,37.40958970,163.63
3808.85,55.80418627,37.40958413,163.67
3809.85,55.80417786,37.40957853,163.71
3810.85,55.80416947,37.40957283,163.75
3811.85,55.80416110,37.40956706,163.79
3812.85,55.80415273,37.40956130,163.83
3813.85,55.80414436,37.40955552,163.87
3814.85,55.80413598,37.40954977,163.91
3815.85,55.80412760,37.40954404,163.95
3816.85,55.80411921,37.40953832,163.99
3817.85,55.80411083,37.40953261,164.03
3818.85,55.80410244,37.40952693,164.06
3819.85,55.80409404,37.40952127,164.10
3820.85,55.80408563,37.40951566,164.14
3821.85,55.80407722,37.40951008,164.19
3822.85,55.80406880,37.40950454,164.23
3823.85,55.80406038,37.40949899,164.27
3824.85,55.80405196,37.40949342,164.31
3825.85,55.80404355,37.40948783,164.35
3826.85,55.80403514,37.40948222,164.39
3827.85,55.80402674,37.40947659,164.43
3828.85,55.80401835,37.40947090,164.47
3829.85,55.80400997,37.40946518,164.51
3830.85,55.80400158,37.40945947,164.55
3831.85,55.80399320,37.40945375,164.59
3832.85,55.80398481,37.40944804,164.63
3833.85,55.80397642,37.40944236,164.67
3834.85,55.80396803,37.40943669,164.71
3835.85,55.80395963,37.40943103,164.75
3836.85,55.80395123,37.40942536,164.79
3837.85,55.80394285,37.40941966,164.83
3838.85,55.80393446,37.40941395,164.87
3839.85,55.80392606,37.40940828,164.92
3840.85,55.80391767,37.40940263,164.96
3841.85,55.80390927,37.40939695,165.00
3842.85,55.80390088,37.40939129,165.04
3843.85,55.80389248,37.40938565,165.08
3844.85,55.80388407,37.40938005,165.12
3845.85,55.80387566,37.40937446,165.16
3846.85,55.80386724,37.40936890,165.20
3847.85,55.80385882,37.40936334,165.24
3848.85,55.80385041,37.40935776,165.28
3849.85,55.80384200,37.40935215,165.32
3850.85,55.80383361,37.40934648,165.36
3851.85,55.80382522,37.40934077,165.40
3852.85,55.80381684,37.40933502,165.44
3853.85,55.80380847,37.40932927,165.48
3854.85,55.80380008,37.40932358,165.52
3855.85,55.80379168,37.40931790,165.56
3856.85,55.80378329,37.40931223,165.60
3857.85,55.80377489,37.40930658,165.64
3858.85,55.80376649,37.40930095,165.68
3859.85,55.80375808,37.40929532,165.72
3860.85,55.80374969,37.40928966,165.76
3861.85,55.80374130,37.40928398,165.80
3862.85,55.80373291,37.40927826,165.84
3863.85,55.80372453,37.40927252,165.88
3864.85,55.80371616,37.40926675,165.92
3865.85,55.80370778,37.40926102,165.96
3866.85,55.80369939,37.40925533,166.00
3867.85,55.80369100,37.40924966,166.04
3868.85,55.80368260,37.40924401,166.08
3869.85,55.80367419,37.40923838,166.12
3870.85,55.80366579,37.40923277,166.16
3871.85,55.80365738,37.40922715,166.20
3872.85,55.80364898,37.40922152,166.24
3873.85,55.80364059,37.40921584,166.28
3874.85,55.80363220,37.40921011,166.32
3875.85,55.80362384,37.40920432,166.36
3876.85,55.80361547,37.40919852,166.40
3877.85,55.80360711,37.40919271,166.43
3878.85,55.80359874,37.40918692,166.47
3879.85,55.80359036,37.40918116,166.51
3880.85,55.80358198,37.40917544,166.55
3881.85,55.80357360,37.40916971,166.59
3882.85,55.80356521,37.40916399,166.63
3883.85,55.80355682,37.40915833,166.67
3884.85,55.80354841,37.40915271,166.70
3885.85,55.80354001,37.40914708,166.74
3886.85,55.80353160,37.40914149,166.78
3887.85,55.80352318,37.40913592,166.82
3888.85,55.80351477,37.40913035,166.86
3889.85,55.80350635,37.40912477,166.89
3890.85,55.80349795,37.40911915,166.93
3891.85,55.80348956,37.40911344,166.97
3892.85,55.80348119,37.40910767,167.00
3893.85,55.80347281,37.40910192,167.04
3894.85,55.80346443,37.40909621,167.08
3895.85,55.80345604,37.40909051,167.11
3896.85,55.80344764,37.40908486,167.15
3897.85,55.80343924,37.40907925,167.18
3898.85,55.80343084,37.40907360,167.22
3899.85,55.80342244,37.40906793,167.25
3900.85,55.80341405,37.40906224,167.29
3901.85,55.80340567,37.40905651,167.33
3902.85,55.80339729,37.40905077,167.36
3903.85,55.80338890,37.40904506,167.39
3904.85,55.80338052,37.40903935,167.43
3905.85,55.80337214,37.40903362,167.46
3906.85,55.80336375,37.40902790,167.50
3907.85,55.80335538,37.40902214,167.53
3908.85,55.80334702,37.40901631,167.56
3909.85,55.80333867,37.40901046,167.59
3910.85,55.80333031,37.40900463,167.63
3911.85,55.80332194,37.40899881,167.66
3912.85,55.80331356,37.40899309,167.69
3913.85,55.80330517,37.40898741,167.72
3914.85,55.80329678,37.40898169,167.76
3915.85,55.80328841,37.40897593,167.79
3916.85,55.80328003,37.40897018,167.82
3917.85,55.80327164,37.40896448,167.85
3918.85,55.80326324,37.40895884,167.88
3919.85,55.80325484,37.40895324,167.91
3920.85,55.80324643,37.40894763,167.94
3921.85,55.80323803,37.40894197,167.98
3922.85,55.80322964,37.40893626,168.01
3923.85,55.80322126,37.40893054,168.04
3924.85,55.80321288,37.40892480,168.07
3925.85,55.80320450,37.40891907,168.10
3926.85,55.80319612,37.40891332,168.13
3927.85,55.80318774,37.40890758,168.17
3928.85,55.80317936,37.40890188,168.20
3929.85,55.80317096,37.40889620,168.23
3930.85,55.80316257,37.40889051,168.26
3931.85,55.80315419,37.40888477,168.29
3932.85,55.80314582,37.40887900,168.33
3933.85,55.80313744,37.40887325,168.36
3934.85,55.80312906,37.40886751,168.39
3935.85,55.80312068,37.40886181,168.42
3936.85,55.80311228,37.40885615,168.46
3937.85,55.80310389,37.40885047,168.49
3938.85,55.80309550,37.40884476,168.52
3939.85,55.80308712,37.40883906,168.55
3940.85,55.80307873,37.40883335,168.58
3941.85,55.80307036,37.40882757,168.61
3942.85,55.80306200,37.40882173,168.65
3943.85,55.80305364,37.40881592,168.68
3944.85,55.80304525,37.40881021,168.71
3945.85,55.80303686,37.40880453,168.74
3946.85,55.80302846,37.40879886,168.76
3947.85,55.80302006,37.40879324,168.79
3948.85,55.80301165,37.40878767,168.82
3949.85,55.80300324,37.40878207,168.85
3950.85,55.80299484,37.40877641,168.87
3951.85,55.80298646,37.40877067,168.90
3952.85,55.80297809,37.40876490,168.93
3953.85,55.80296971,37.40875914,168.95
3954.85,55.80296134,37.40875337,168.98
3955.85,55.80295297,37.40874757,169.01
3956.85,55.80294462,37.40874172,169.03
3957.85,55.80293626,37.40873588,169.05
3958.85,55.80292790,37.40873006,169.08
3959.85,55.80291952,37.40872431,169.10
3960.85,55.80291112,37.40871867,169.13
3961.85,55.80290272,37.40871304,169.15
3962.85,55.80289431,37.40870744,169.18
3963.85,55.80288591,37.40870177,169.20
3964.85,55.80287752,37.40869611,169.22
3965.85,55.80286912,37.40869045,169.25
3966.85,55.80286073,37.40868478,169.27
3967.85,55.80285235,37.40867906,169.30
3968.85,55.80284398,37.40867324,169.33
3969.85,55.80283562,37.40866741,169.35
3970.85,55.80282727,37.40866153,169.38
3971.85,55.80281892,37.40865568,169.41
3972.85,55.80281055,37.40864989,169.43
3973.85,55.80280217,37.40864415,169.46
3974.85,55.80279378,37.40863846,169.48
3975.85,55.80278539,37.40863277,169.51
3976.85,55.80277701,37.40862704,169.54
3977.85,55.80276863,37.40862132,169.56
3978.85,55.80276024,37.40861561,169.59
3979.85,55.80275186,37.40860989,169.61
3980.85,55.80274348,37.40860416,169.64
3981.85,55.80273509,37.40859843,169.67
3982.85,55.80272671,37.40859270,169.69
3983.85,55.80271833,37.40858699,169.72
3984.85,55.80270994,37.40858130,169.74
3985.85,55.80270155,37.40857561,169.77
3986.85,55.80269316,37.40856990,169.79
3987.85,55.80268478,37.40856417,169.82
3988.85,55.80267640,37.40855843,169.84
3989.85,55.80266802,37.40855268,169.87
3990.85,55.80265965,37.40854690,169.89
3991.85,55.80265129,37.40854110,169.91
3992.85,55.80264292,37.40853530,169.94
3993.85,55.80263456,37.40852950,169.96
3994.85,55.80262619,37.40852371,169.98
3995.85,55.80261781,37.40851794,170.00
3996.85,55.80260943,37.40851221,170.02
3997.85,55.80260105,37.40850650,170.05
3998.85,55.80259266,37.40850077,170.07
3999.85,55.80258428,37.40849506,170.09
4000.85,55.80257589,37.40848936,170.12
4001.85,55.80256751,37.40848365,170.14
4002.85,55.80255912,37.40847792,170.16
4003.85,55.80255075,37.40847217,170.19
4004.85,55.80254237,37.40846640,170.21
4005.85,55.80253400,37.40846062,170.23
4006.85,55.80252564,37.40845483,170.25
4007.85,55.80251727,37.40844904,170.28
4008.85,55.80250889,37.40844327,170.30
4009.85,55.80250052,37.40843749,170.32
4010.85,55.80249216,37.40843168,170.34
4011.85,55.80248380,37.40842585,170.36
4012.85,55.80247544,37.40842002,170.38
4013.85,55.80246708,37.40841419,170.41
4014.85,55.80245871,37.40840841,170.43
4015.85,55.80245033,37.40840267,170.45
4016.85,55.80244195,37.40839695,170.47
4017.85,55.80243356,37.40839126,170.49
4018.85,55.80242516,37.40838561,170.51
4019.85,55.80241675,37.40837999,170.53
4020.85,55.80240835,37.40837436,170.55
4021.85,55.80239996,37.40836869,170.57
4022.85,55.80239157,37.40836297,170.59
4023.85,55.80238319,37.40835723,170.61
4024.85,55.80237483,37.40835143,170.63
4025.85,55.80236648,37.40834556,170.65
4026.85,55.80235813,37.40833969,170.67
4027.85,55.80234977,37.40833385,170.69
4028.85,55.80234141,37.40832803,170.71
4029.85,55.80233304,37.40832222,170.72
4030.85,55.80232467,37.40831644,170.74
4031.85,55.80231630,37.40831067,170.76
4032.85,55.80230794,37.40830486,170.77
4033.85,55.80229957,37.40829904,170.79
4034.85,55.80229121,37.40829325,170.81
4035.85,55.80228283,37.40828750,170.83
4036.85,55.80227445,37.40828176,170.84
4037.85,55.80226607,37.40827603,170.86
4038.85,55.80225769,37.40827030,170.88
4039.85,55.80224930,37.40826458,170.90
4040.85,55.80224092,37.40825887,170.92
4041.85,55.80223254,37.40825311,170.93
4042.85,55.80222417,37.40824733,170.95
4043.85,55.80221581,37.40824153,170.97
4044.85,55.80220745,37.40823570,170.98
4045.85,55.80219909,37.40822987,170.99
4046.85,55.80219073,37.40822404,171.01
4047.85,55.80218237,37.40821821,171.02
4048.85,55.80217400,37.40821240,171.03
4049.85,55.80216564,37.40820660,171.05
4050.85,55.80215727,37.40820081,171.06
4051.85,55.80214890,37.40819502,171.07
4052.85,55.80214054,37.40818922,171.08
4053.85,55.80213218,37.40818339,171.09
4054.85,55.80212383,37.40817752,171.11
4055.85,55.80211547,37.40817166,171.12
4056.85,55.80210712,37.40816582,171.13
4057.85,55.80209875,37.40816004,171.14
4058.85,55.80209037,37.40815428,171.15
4059.85,55.80208201,37.40814847,171.16
4060.85,55.80207363,37.40814270,171.17
4061.85,55.80206525,37.40813698,171.18
4062.85,55.80205685,37.40813133,171.18
4063.85,55.80204845,37.40812568,171.19
4064.85,55.80204007,37.40811996,171.20
4065.85,55.80203168,37.40811426,171.20
4066.85,55.80202328,37.40810862,171.21
4067.85,55.80201489,37.40810295,171.22
4068.85,55.80200651,37.40809719,171.23
4069.85,55.80199816,37.40809133,171.23
4070.85,55.80198981,37.40808544,171.24
4071.85,55.80198144,37.40807967,171.25
4072.85,55.80197307,37.40807386,171.26
4073.85,55.80196471,37.40806804,171.26
4074.85,55.80195635,37.40806224,171.27
4075.85,55.80194797,37.40805649,171.28
4076.85,55.80193959,37.40805077,171.29
4077.85,55.80193121,37.40804503,171.30
4078.85,55.80192283,37.40803930,171.30
4079.85,55.80191444,37.40803359,171.31
4080.85,55.80190606,37.40802787,171.32
4081.85,55.80189767,37.40802215,171.33
4082.85,55.80188930,37.40801640,171.34
4083.85,55.80188093,37.40801058,171.34
4084.85,55.80187258,37.40800473,171.35
4085.85,55.80186422,37.40799892,171.36
4086.85,55.80185585,37.40799313,171.37
4087.85,55.80184748,37.40798734,171.37
4088.85,55.80183912,37.40798152,171.38
4089.85,55.80183075,37.40797571,171.39
4090.85,55.80182240,37.40796986,171.39
4091.85,55.80181405,37.40796399,171.40
4092.85,55.80180568,37.40795820,171.40
4093.85,55.80179731,37.40795241,171.41
4094.85,55.80178894,37.40794661,171.41
4095.85,55.80178057,37.40794083,171.42
4096.85,55.80177220,37.40793508,171.42
4097.85,55.80176381,37.40792936,171.43
4098.85,55.80175543,37.40792366,171.43
4099.85,55.80174702,37.40791803,171.43
4100.85,55.80173861,37.40791244,171.44
4101.85,55.80173021,37.40790679,171.44
4102.85,55.80172182,37.40790109,171.44
4103.85,55.80171346,37.40789526,171.44
4104.85,55.80170512,37.40788937,171.45
4105.85,55.80169677,37.40788351,171.45
4106.85,55.80168839,37.40787773,171.45
4107.85,55.80168002,37.40787196,171.45
4108.85,55.80167167,37.40786610,171.45
4109.85,55.80166332,37.40786024,171.46
4110.85,55.80165495,37.40785445,171.46
4111.85,55.80164658,37.40784865,171.46
4112.85,55.80163823,37.40784280,171.46
4113.85,55.80162987,37.40783697,171.46
4114.85,55.80162150,37.40783118,171.47
4115.85,55.80161313,37.40782539,171.47
4116.85,55.80160476,37.40781960,171.47
4117.85,55.80159640,37.40781380,171.47
4118.85,55.80158803,37.40780801,171.47
4119.85,55.80157966,37.40780221,171.48
4120.85,55.80157130,37.40779637,171.48
4121.85,55.80156294,37.40779055,171.48
4122.85,55.80155458,37.40778474,171.48
4123.85,55.80154622,37.40777890,171.48
4124.85,55.80153787,37.40777305,171.49
4125.85,55.80152950,37.40776723,171.49
4126.85,55.80152114,37.40776143,171.49
4127.85,55.80151277,37.40775562,171.50
4128.85,55.80150440,37.40774985,171.50
4129.85,55.80149602,37.40774411,171.51
4130.85,55.80148765,37.40773835,171.51
4131.85,55.80147927,37.40773259,171.51
4132.85,55.80147089,37.40772685,171.52
4133.85,55.80146251,37.40772112,171.52
4134.85,55.80145413,37.40771539,171.52
4135.85,55.80144575,37.40770965,171.53
4136.85,55.80143737,37.40770392,171.53
4137.85,55.80142897,37.40769826,171.53
4138.85,55.80142058,37.40769256,171.54
4139.85,55.80141222,37.40768676,171.54
4140.85,55.80140385,37.40768099,171.55
4141.85,55.80139548,37.40767520,171.55
4142.85,55.80138711,37.40766940,171.56
4143.85,55.80137875,37.40766356,171.56
4144.85,55.80137040,37.40765773,171.57
4145.85,55.80136204,37.40765190,171.57
4146.85,55.80135367,37.40764609,171.58
4147.85,55.80134531,37.40764027,171.58
4148.85,55.80133695,37.40763443,171.59
4149.85,55.80132860,37.40762858,171.59
4150.85,55.80132024,37.40762275,171.60
4151.85,55.80131188,37.40761692,171.60
4152.85,55.80130352,37.40761110,171.61
4153.85,55.80129515,37.40760530,171.61
4154.85,55.80128678,37.40759951,171.62
4155.85,55.80127841,37.40759374,171.62
4156.85,55.80127004,37.40758796,171.63
4157.85,55.80126167,37.40758217,171.63
4158.85,55.80125331,37.40757634,171.63
4159.85,55.80124495,37.40757052,171.64
4160.85,55.80123658,37.40756474,171.64
4161.85,55.80122820,37.40755898,171.65
4162.85,55.80121982,37.40755325,171.65
4163.85,55.80121144,37.40754750,171.66
4164.85,55.80120308,37.40754172,171.66
4165.85,55.80119471,37.40753589,171.67
4166.85,55.80118635,37.40753007,171.67
4167.85,55.80117798,37.40752428,171.67
4168.85,55.80116962,37.40751849,171.68
4169.85,55.80116125,37.40751268,171.68
4170.85,55.80115289,37.40750686,171.69
4171.85,55.80114452,37.40750107,171.69
4172.85,55.80113615,37.40749530,171.70
4173.85,55.80112778,37.40748954,171.70
4174.85,55.80111940,37.40748380,171.71
4175.85,55.80111101,37.40747807,171.71
4176.85,55.80110263,37.40747234,171.72
4177.85,55.80109426,37.40746657,171.72
4178.85,55.80108589,37.40746077,171.73
4179.85,55.80107754,37.40745492,171.73
4180.85,55.80106919,37.40744903,171.74
4181.85,55.80106084,37.40744316,171.74
4182.85,55.80105248,37.40743733,171.75
4183.85,55.80104412,37.40743151,171.76
4184.85,55.80103576,37.40742571,171.76
4185.85,55.80102739,37.40741991,171.77
4186.85,55.80101901,37.40741415,171.77
4187.85,55.80101063,37.40740842,171.78
4188.85,55.80100225,37.40740267,171.78
4189.85,55.80099387,37.40739694,171.78
4190.85,55.80098549,37.40739122,171.79
4191.85,55.80097710,37.40738551,171.79
4192.85,55.80096873,37.40737976,171.80
4193.85,55.80096036,37.40737395,171.80
4194.85,55.80095201,37.40736811,171.80
4195.85,55.80094366,37.40736223,171.81
4196.85,55.80093532,37.40735631,171.81
4197.85,55.80092697,37.40735041,171.82
4198.85,55.80091862,37.40734455,171.82
4199.85,55.80091026,37.40733873,171.82
4200.85,55.80090189,37.40733295,171.83
4201.85,55.80089352,37.40732717,171.83
4202.85,55.80088514,37.40732141,171.84
4203.85,55.80087677,37.40731565,171.84
4204.85,55.80086839,37.40730989,171.84
4205.85,55.80086001,37.40730415,171.85
4206.85,55.80085164,37.40729840,171.85
4207.85,55.80084327,37.40729262,171.86
4208.85,55.80083490,37.40728682,171.86
4209.85,55.80082654,37.40728101,171.87
4210.85,55.80081817,37.40727519,171.87
4211.85,55.80080981,37.40726937,171.88
4212.85,55.80080145,37.40726355,171.88
4213.85,55.80079308,37.40725777,171.89
4214.85,55.80078471,37.40725198,171.90
4215.85,55.80077635,37.40724615,171.90
4216.85,55.80076800,37.40724029,171.91
4217.85,55.80075964,37.40723447,171.91
4218.85,55.80075127,37.40722866,171.92
4219.85,55.80074291,37.40722287,171.93
4220.85,55.80073454,37.40721708,171.93
4221.85,55.80072617,37.40721128,171.94
4222.85,55.80071780,37.40720549,171.94
4223.85,55.80070943,37.40719973,171.95
4224.85,55.80070106,37.40719396,171.96
4225.85,55.80069268,37.40718819,171.96
4226.85,55.80068432,37.40718238,171.97
4227.85,55.80067597,37.40717652,171.98
4228.85,55.80066761,37.40717070,171.98
4229.85,55.80065924,37.40716488,171.99
4230.85,55.80065087,37.40715909,172.00
4231.85,55.80064250,37.40715333,172.00
4232.85,55.80063412,37.40714758,172.01
4233.85,55.80062574,37.40714186,172.02
4234.85,55.80061735,37.40713615,172.02
4235.85,55.80060896,37.40713046,172.03
4236.85,55.80060058,37.40712474,172.03
4237.85,55.80059221,37.40711897,172.04
4238.85,55.80058385,37.40711313,172.04
4239.85,55.80057550,37.40710724,172.05
4240.85,55.80056716,37.40710132,172.05
4241.85,55.80055883,37.40709539,172.06
4242.85,55.80055047,37.40708955,172.06
4243.85,55.80054210,37.40708375,172.07
4244.85,55.80053373,37.40707799,172.07
4245.85,55.80052535,37.40707225,172.07
4246.85,55.80051698,37.40706648,172.08
4247.85,55.80050861,37.40706070,172.08
4248.85,55.80050024,37.40705489,172.09
4249.85,55.80049189,37.40704905,172.09
4250.85,55.80048353,37.40704319,172.10
4251.85,55.80047517,37.40703736,172.10
4252.85,55.80046680,37.40703157,172.10
4253.85,55.80045844,37.40702577,172.10
4254.85,55.80045007,37.40701998,172.10
4255.85,55.80044168,37.40701430,172.11
4256.85,55.80043328,37.40700865,172.11
4257.85,55.80042489,37.40700295,172.11
4258.85,55.80041650,37.40699725,172.11
4259.85,55.80040811,37.40699158,172.11
4260.85,55.80039970,37.40698596,172.12
4261.85,55.80039130,37.40698035,172.12
4262.85,55.80038289,37.40697473,172.12
4263.85,55.80037449,37.40696910,172.12
4264.85,55.80036608,37.40696349,172.12
4265.85,55.80035768,37.40695787,172.13
4266.85,55.80034928,37.40695219,172.13
4267.85,55.80034090,37.40694647,172.13
4268.85,55.80033252,37.40694073,172.13
4269.85,55.80032416,37.40693490,172.13
4270.85,55.80031584,37.40692890,172.13
4271.85,55.80030758,37.40692267,172.13
4272.85,55.80029935,37.40691628,172.13
4273.85,55.80029111,37.40690991,172.14
4274.85,55.80028290,37.40690347,172.14
4275.85,55.80027471,37.40689691,172.14
4276.85,55.80026655,37.40689025,172.14
4277.85,55.80025843,37.40688343,172.14
4278.85,55.80025033,37.40687654,172.14
4279.85,55.80024222,37.40686969,172.15
4280.85,55.80023417,37.40686262,172.15
4281.85,55.80022619,37.40685533,172.15
4282.85,55.80021821,37.40684799,172.15
4283.85,55.80021027,37.40684056,172.16
4284.85,55.80020233,37.40683308,172.16
4285.85,55.80019441,37.40682558,172.16
4286.85,55.80018652,37.40681796,172.16
4287.85,55.80017869,37.40681016,172.17
4288.85,55.80017088,37.40680229,172.17
4289.85,55.80016310,37.40679431,172.17
4290.85,55.80015538,37.40678617,172.18
4291.85,55.80014770,37.40677790,172.18
4292.85,55.80014006,37.40676951,172.18
4293.85,55.80013248,37.40676096,172.19
4294.85,55.80012493,37.40675233,172.19
4295.85,55.80011742,37.40674357,172.19
4296.85,55.80010998,37.40673465,172.19
4297.85,55.80010257,37.40672564,172.20
4298.85,55.80009516,37.40671663,172.20
4299.85,55.80008778,37.40670755,172.20
4300.85,55.80008048,37.40669826,172.20
4301.85,55.80007325,37.40668879,172.21
4302.85,55.80006605,37.40667925,172.21
4303.85,55.80005890,37.40666962,172.21
4304.85,55.80005179,37.40665987,172.21
4305.85,55.80004473,37.40665001,172.21
4306.85,55.80003771,37.40664008,172.21
4307.85,55.80003071,37.40663008,172.22
4308.85,55.80002373,37.40662005,172.22
4309.85,55.80001674,37.40661004,172.22
4310.85,55.80000978,37.40659996,172.22
4311.85,55.80000288,37.40658976,172.22
4312.85,55.79999605,37.40657941,172.22
4313.85,55.79998928,37.40656891,172.22
4314.85,55.79998257,37.40655831,172.22
4315.85,55.79997587,37.40654771,172.23
4316.85,55.79996914,37.40653714,172.23
4317.85,55.79996243,37.40652655,172.23
4318.85,55.79995576,37.40651588,172.23
4319.85,55.79994914,37.40650509,172.23
4320.85,55.79994255,37.40649426,172.23
4321.85,55.79993594,37.40648346,172.23
4322.85,55.79992935,37.40647264,172.23
4323.85,55.79992282,37.40646169,172.24
4324.85,55.79991634,37.40645064,172.24
4325.85,55.79990991,37.40643952,172.24
4326.85,55.79990352,37.40642831,172.24
4327.85,55.79989713,37.40641710,172.24
4328.85,55.79989078,37.40640583,172.25
4329.85,55.79988447,37.40639447,172.25
4330.85,55.79987820,37.40638306,172.25
4331.85,55.79987199,37.40637154,172.25
4332.85,55.79986581,37.40635997,172.25
4333.85,55.79985969,37.40634830,172.26
4334.85,55.79985359,37.40633660,172.26
4335.85,55.79984751,37.40632487,172.26
4336.85,55.79984146,37.40631307,172.26
4337.85,55.79983546,37.40630122,172.26
4338.85,55.79982948,37.40628933,172.26
4339.85,55.79982354,37.40627737,172.27
4340.85,55.79981762,37.40626537,172.27
4341.85,55.79981170,37.40625339,172.27
4342.85,55.79980578,37.40624139,172.27
4343.85,55.79979989,37.40622935,172.27
4344.85,55.79979402,37.40621728,172.27
4345.85,55.79978817,37.40620519,172.28
4346.85,55.79978235,37.40619305,172.28
4347.85,55.79977657,37.40618084,172.28
4348.85,55.79977083,37.40616857,172.29
4349.85,55.79976514,37.40615624,172.29
4350.85,55.79975953,37.40614379,172.29
4351.85,55.79975398,37.40613125,172.30
4352.85,55.79974850,37.40611861,172.30
4353.85,55.79974309,37.40610589,172.30
4354.85,55.79973770,37.40609313,172.31
4355.85,55.79973231,37.40608038,172.31
4356.85,55.79972697,37.40606756,172.32
4357.85,55.79972170,37.40605466,172.32
4358.85,55.79971644,37.40604172,172.33
4359.85,55.79971117,37.40602882,172.34
4360.85,55.79970588,37.40601593,172.34
4361.85,55.79970059,37.40600305,172.35
4362.85,55.79969534,37.40599011,172.35
4363.85,55.79969016,37.40597709,172.35
4364.85,55.79968509,37.40596393,172.36
4365.85,55.79968009,37.40595068,172.36
4366.85,55.79967512,37.40593739,172.37
4367.85,55.79967018,37.40592409,172.37
4368.85,55.79966522,37.40591079,172.37
4369.85,55.79966026,37.40589749,172.38
4370.85,55.79965536,37.40588414,172.38
4371.85,55.79965053,37.40587069,172.38
4372.85,55.79964576,37.40585718,172.39
4373.85,55.79964103,37.40584363,172.39
4374.85,55.79963638,37.40582999,172.39
4375.85,55.79963183,37.40581624,172.40
4376.85,55.79962734,37.40580243,172.40
4377.85,55.79962292,37.40578855,172.40
4378.85,55.79961854,37.40577463,172.40
4379.85,55.79961417,37.40576070,172.40
4380.85,55.79960981,37.40574676,172.41
4381.85,55.79960543,37.40573284,172.41
4382.85,55.79960111,37.40571886,172.41
4383.85,55.79959687,37.40570481,172.41
4384.85,55.79959272,37.40569067,172.41
4385.85,55.79958862,37.40567648,172.42
4386.85,55.79958448,37.40566233,172.42
4387.85,55.79958042,37.40564811,172.42
4388.85,55.79957644,37.40563381,172.43
4389.85,55.79957255,37.40561944,172.43
4390.85,55.79956874,37.40560500,172.43
4391.85,55.79956493,37.40559056,172.44
4392.85,55.79956119,37.40557607,172.44
4393.85,55.79955751,37.40556152,172.45
4394.85,55.79955391,37.40554692,172.45
4395.85,55.79955036,37.40553227,172.46
4396.85,55.79954681,37.40551762,172.46
4397.85,55.79954330,37.40550295,172.46
4398.85,55.79953980,37.40548827,172.47
4399.85,55.79953635,37.40547354,172.47
4400.85,55.79953294,37.40545879,172.48
4401.85,55.79952958,37.40544401,172.48
4402.85,55.79952628,37.40542918,172.49
4403.85,55.79952300,37.40541433,172.49
4404.85,55.79951975,37.40539947,172.50
4405.85,55.79951652,37.40538459,172.50
4406.85,55.79951334,37.40536968,172.50
4407.85,55.79951023,37.40535472,172.51
4408.85,55.79950714,37.40533975,172.51
4409.85,55.79950413,37.40532473,172.52
4410.85,55.79950117,37.40530968,172.52
4411.85,55.79949823,37.40529461,172.52
4412.85,55.79949542,37.40527947,172.53
4413.85,55.79949273,37.40526425,172.53
4414.85,55.79949017,37.40524897,172.53
4415.85,55.79948767,37.40523366,172.54
4416.85,55.79948516,37.40521835,172.54
4417.85,55.79948275,37.40520299,172.54
4418.85,55.79948040,37.40518760,172.55
4419.85,55.79947806,37.40517221,172.55
4420.85,55.79947578,37.40515678,172.56
4421.85,55.79947352,37.40514135,172.56
4422.85,55.79947130,37.40512590,172.56
4423.85,55.79946911,37.40511044,172.57
4424.85,55.79946697,37.40509495,172.57
4425.85,55.79946491,37.40507943,172.58
4426.85,55.79946289,37.40506390,172.58
4427.85,55.79946099,37.40504832,172.59
4428.85,55.79945917,37.40503270,172.59
4429.85,55.79945744,37.40501706,172.60
4430.85,55.79945577,37.40500139,172.60
4431.85,55.79945409,37.40498573,172.61
4432.85,55.79945254,37.40497002,172.61
4433.85,55.79945110,37.40495428,172.62
4434.85,55.79944965,37.40493855,172.62
4435.85,55.79944823,37.40492281,172.63
4436.85,55.79944681,37.40490706,172.63
4437.85,55.79944541,37.40489131,172.64
4438.85,55.79944412,37.40487553,172.65
4439.85,55.79944292,37.40485973,172.65
4440.85,55.79944170,37.40484394,172.66
4441.85,55.79944044,37.40482815,172.66
4442.85,55.79943919,37.40481236,172.67
4443.85,55.79943795,37.40479657,172.67
4444.85,55.79943670,37.40478078,172.68
4445.85,55.79943543,37.40476499,172.68
4446.85,55.79943413,37.40474922,172.69
4447.85,55.79943285,37.40473344,172.69
4448.85,55.79943153,37.40471766,172.70
4449.85,55.79943019,37.40470190,172.70
4450.85,55.79942886,37.40468613,172.71
4451.85,55.79942755,37.40467035,172.71
4452.85,55.79942624,37.40465458,172.72
4453.85,55.79942490,37.40463881,172.72
4454.85,55.79942359,37.40462304,172.72
4455.85,55.79942229,37.40460726,172.73
4456.85,55.79942099,37.40459149,172.73
4457.85,55.79941967,37.40457572,172.73
4458.85,55.79941833,37.40455995,172.74
4459.85,55.79941701,37.40454418,172.74
4460.85,55.79941572,37.40452840,172.75
4461.85,55.79941443,37.40451262,172.75
4462.85,55.79941314,37.40449684,172.75
4463.85,55.79941184,37.40448106,172.76
4464.85,55.79941056,37.40446528,172.76
4465.85,55.79940928,37.40444950,172.77
4466.85,55.79940800,37.40443372,172.77
4467.85,55.79940673,37.40441794,172.78
4468.85,55.79940544,37.40440216,172.78
4469.85,55.79940415,37.40438638,172.78
4470.85,55.79940287,37.40437059,172.79
4471.85,55.79940157,37.40435482,172.79
4472.85,55.79940027,37.40433904,172.79
4473.85,55.79939898,37.40432326,172.80
4474.85,55.79939769,37.40430748,172.80
4475.85,55.79939639,37.40429171,172.80
4476.85,55.79939510,37.40427593,172.81
4477.85,55.79939382,37.40426015,172.81
4478.85,55.79939253,37.40424437,172.82
4479.85,55.79939124,37.40422859,172.82
4480.85,55.79938996,37.40421281,172.82
4481.85,55.79938866,37.40419703,172.83
4482.85,55.79938735,37.40418125,172.83
4483.85,55.79938606,37.40416548,172.83
4484.85,55.79938476,37.40414970,172.84
4485.85,55.79938345,37.40413392,172.84
4486.85,55.79938214,37.40411815,172.84
4487.85,55.79938083,37.40410238,172.85
4488.85,55.79937952,37.40408660,172.85
4489.85,55.79937818,37.40407084,172.86
4490.85,55.79937685,37.40405507,172.86
4491.85,55.79937554,37.40403929,172.86
4492.85,55.79937426,37.40402351,172.87
4493.85,55.79937297,37.40400773,172.87
4494.85,55.79937169,37.40399195,172.88
4495.85,55.79937037,37.40397618,172.88
4496.85,55.79936903,37.40396041,172.89
4497.85,55.79936773,37.40394464,172.89
4498.85,55.79936643,37.40392886,172.90
4499.85,55.79936513,37.40391308,172.91
4500.85,55.79936382,37.40389731,172.91
4501.85,55.79936253,37.40388153,172.92
4502.85,55.79936124,37.40386575,172.92
4503.85,55.79935999,37.40384996,172.93
4504.85,55.79935876,37.40383417,172.93
4505.85,55.79935750,37.40381838,172.94
4506.85,55.79935621,37.40380260,172.94
4507.85,55.79935493,37.40378682,172.95
4508.85,55.79935367,37.40377103,172.95
4509.85,55.79935240,37.40375525,172.96
4510.85,55.79935109,37.40373948,172.97
4511.85,55.79934975,37.40372371,172.97
4512.85,55.79934843,37.40370794,172.98
4513.85,55.79934711,37.40369217,172.99
4514.85,55.79934581,37.40367639,172.99
4515.85,55.79934451,37.40366061,173.00
4516.85,55.79934322,37.40364483,173.01
4517.85,55.79934194,37.40362905,173.01
4518.85,55.79934066,37.40361327,173.02
4519.85,55.79933938,37.40359749,173.03
4520.85,55.79933810,37.40358171,173.03
4521.85,55.79933681,37.40356593,173.04
4522.85,55.79933551,37.40355015,173.05
4523.85,55.79933421,37.40353438,173.06
4524.85,55.79933290,37.40351860,173.06
4525.85,55.79933159,37.40350283,173.07
4526.85,55.79933029,37.40348705,173.08
4527.85,55.79932899,37.40347127,173.09
4528.85,55.79932768,37.40345550,173.10
4529.85,55.79932637,37.40343973,173.11
4530.85,55.79932507,37.40342395,173.11
4531.85,55.79932378,37.40340817,173.12
4532.85,55.79932249,37.40339239,173.13
4533.85,55.79932121,37.40337661,173.14
4534.85,55.79931995,37.40336082,173.15
4535.85,55.79931870,37.40334503,173.15
4536.85,55.79931746,37.40332924,173.16
4537.85,55.79931624,37.40331345,173.17
4538.85,55.79931501,37.40329765,173.18
4539.85,55.79931374,37.40328187,173.18
4540.85,55.79931245,37.40326609,173.19
4541.85,55.79931113,37.40325032,173.20
4542.85,55.79930984,37.40323454,173.21
4543.85,55.79930857,37.40321875,173.21
4544.85,55.79930730,37.40320297,173.22
4545.85,55.79930603,37.40318718,173.22
4546.85,55.79930479,37.40317139,173.23
4547.85,55.79930358,37.40315559,173.24
4548.85,55.79930230,37.40313981,173.24
4549.85,55.79930096,37.40312405,173.25
4550.85,55.79929966,37.40310827,173.25
4551.85,55.79929835,37.40309250,173.26
4552.85,55.79929703,37.40307672,173.26
4553.85,55.79929569,37.40306096,173.27
4554.85,55.79929433,37.40304520,173.27
4555.85,55.79929300,37.40302943,173.28
4556.85,55.79929175,37.40301364,173.28
4557.85,55.79929056,37.40299784,173.29
4558.85,55.79928934,37.40298204,173.30
4559.85,55.79928812,37.40296624,173.30
4560.85,55.79928687,37.40295045,173.31
4561.85,55.79928560,37.40293467,173.31
4562.85,55.79928432,37.40291889,173.32
4563.85,55.79928306,37.40290310,173.33
4564.85,55.79928180,37.40288731,173.33
4565.85,55.79928052,37.40287153,173.34
4566.85,55.79927923,37.40285575,173.35
4567.85,55.79927790,37.40283998,173.35
4568.85,55.79927660,37.40282421,173.36
4569.85,55.79927531,37.40280843,173.36
4570.85,55.79927404,37.40279265,173.37
4571.85,55.79927274,37.40277687,173.38
4572.85,55.79927143,37.40276109,173.38
4573.85,55.79927011,37.40274532,173.39
4574.85,55.79926877,37.40272956,173.39
4575.85,55.79926744,37.40271379,173.40
4576.85,55.79926616,37.40269801,173.41
4577.85,55.79926489,37.40268222,173.41
4578.85,55.79926362,37.40266644,173.42
4579.85,55.79926240,37.40265064,173.43
4580.85,55.79926120,37.40263484,173.43
4581.85,55.79925997,37.40261905,173.44
4582.85,55.79925871,37.40260326,173.45
4583.85,55.79925742,37.40258748,173.45
4584.85,55.79925613,37.40257170,173.46
4585.85,55.79925483,37.40255592,173.46
4586.85,55.79925349,37.40254016,173.47
4587.85,55.79925217,37.40252439,173.47
4588.85,55.79925087,37.40250861,173.48
4589.85,55.79924954,37.40249284,173.48
4590.85,55.79924823,37.40247707,173.49
4591.85,55.79924694,37.40246129,173.50
4592.85,55.79924564,37.40244551,173.50
4593.85,55.79924433,37.40242974,173.51
4594.85,55.79924306,37.40241395,173.51
4595.85,55.79924180,37.40239817,173.52
4596.85,55.79924052,37.40238239,173.53
4597.85,55.79923922,37.40236661,173.53
4598.85,55.79923793,37.40235083,173.54
4599.85,55.79923662,37.40233506,173.54
4600.85,55.79923530,37.40231929,173.55
4601.85,55.79923400,37.40230351,173.56
4602.85,55.79923268,37.40228774,173.56
4603.85,55.79923135,37.40227197,173.57
4604.85,55.79923004,37.40225620,173.57
4605.85,55.79922876,37.40224041,173.58
4606.85,55.79922754,37.40222462,173.58
4607.85,55.79922635,37.40220881,173.59
4608.85,55.79922511,37.40219302,173.60
4609.85,55.79922385,37.40217723,173.60
4610.85,55.79922255,37.40216146,173.61
4611.85,55.79922126,37.40214568,173.62
4612.85,55.79922001,37.40212989,173.62
4613.85,55.79921877,37.40211410,173.63
4614.85,55.79921752,37.40209831,173.64
4615.85,55.79921624,37.40208253,173.65
4616.85,55.79921494,37.40206675,173.65
4617.85,55.79921363,37.40205098,173.66
4618.85,55.79921231,37.40203520,173.67
4619.85,55.79921097,37.40201944,173.67
4620.85,55.79920965,37.40200367,173.68
4621.85,55.79920836,37.40198789,173.69
4622.85,55.79920709,37.40197210,173.69
4623.85,55.79920583,37.40195632,173.70
4624.85,55.79920457,37.40194053,173.71
4625.85,55.79920332,37.40192474,173.71
4626.85,55.79920208,37.40190895,173.72
4627.85,55.79920085,37.40189316,173.72
4628.85,55.79919962,37.40187736,173.73
4629.85,55.79919840,37.40186156,173.74
4630.85,55.79919715,37.40184578,173.74
4631.85,55.79919589,37.40182999,173.75
4632.85,55.79919461,37.40181421,173.76
4633.85,55.79919323,37.40179845,173.76
4634.85,55.79919180,37.40178271,173.77
4635.85,55.79919043,37.40176695,173.78
4636.85,55.79918909,37.40175119,173.78
4637.85,55.79918779,37.40173541,173.79
4638.85,55.79918652,37.40171963,173.80
4639.85,55.79918529,37.40170383,173.80
4640.85,55.79918411,37.40168803,173.81
4641.85,55.79918292,37.40167222,173.81
4642.85,55.79918172,37.40165642,173.82
4643.85,55.79918046,37.40164064,173.83
4644.85,55.79917920,37.40162485,173.83
4645.85,55.79917793,37.40160907,173.84
4646.85,55.79917664,37.40159328,173.85
4647.85,55.79917535,37.40157751,173.85
4648.85,55.79917405,37.40156173,173.86
4649.85,55.79917274,37.40154596,173.87
4650.85,55.79917142,37.40153018,173.88
4651.85,55.79917011,37.40151441,173.88
4652.85,55.79916879,37.40149864,173.89
4653.85,55.79916748,37.40148286,173.90
4654.85,55.79916617,37.40146709,173.91
4655.85,55.79916487,37.40145132,173.92
4656.85,55.79916359,37.40143553,173.93
4657.85,55.79916233,37.40141975,173.93
4658.85,55.79916110,37.40140395,173.94
4659.85,55.79915987,37.40138816,173.95
4660.85,55.79915865,37.40137236,173.96
4661.85,55.79915740,37.40135657,173.97
4662.85,55.79915613,37.40134079,173.98
4663.85,55.79915486,37.40132500,173.99
4664.85,55.79915357,37.40130923,173.99
4665.85,55.79915227,37.40129345,174.00
4666.85,55.79915094,37.40127768,174.01
4667.85,55.79914962,37.40126191,174.01
4668.85,55.79914831,37.40124614,174.02
4669.85,55.79914700,37.40123036,174.03
4670.85,55.79914569,37.40121459,174.04
4671.85,55.79914439,37.40119881,174.05
4672.85,55.79914313,37.40118302,174.05
4673.85,55.79914192,37.40116722,174.06
4674.85,55.79914075,37.40115142,174.07
4675.85,55.79913959,37.40113561,174.08
4676.85,55.79913843,37.40111980,174.08
4677.85,55.79913718,37.40110401,174.09
4678.85,55.79913589,37.40108823,174.10
4679.85,55.79913463,37.40107244,174.10
4680.85,55.79913336,37.40105666,174.11
4681.85,55.79913206,37.40104088,174.12
4682.85,55.79913071,37.40102512,174.13
4683.85,55.79912932,37.40100936,174.13
4684.85,55.79912795,37.40099361,174.14
4685.85,55.79912656,37.40097785,174.15
4686.85,55.79912521,37.40096209,174.16
4687.85,55.79912388,37.40094632,174.17
4688.85,55.79912257,37.40093055,174.18
4689.85,55.79912136,37.40091475,174.18
4690.85,55.79912020,37.40089894,174.19
4691.85,55.79911900,37.40088314,174.20
4692.85,55.79911783,37.40086733,174.21
4693.85,55.79911664,37.40085153,174.22
4694.85,55.79911543,37.40083573,174.23
4695.85,55.79911421,37.40081993,174.24
4696.85,55.79911295,37.40080414,174.24
4697.85,55.79911167,37.40078836,174.25
4698.85,55.79911038,37.40077258,174.26
4699.85,55.79910909,37.40075681,174.27
4700.85,55.79910776,37.40074103,174.28
4701.85,55.79910641,37.40072527,174.29
4702.85,55.79910502,37.40070952,174.30
4703.85,55.79910363,37.40069377,174.31
4704.85,55.79910223,37.40067802,174.31
4705.85,55.79910084,37.40066227,174.32
4706.85,55.79909951,37.40064650,174.33
4707.85,55.79909823,37.40063072,174.34
4708.85,55.79909698,37.40061493,174.35
4709.85,55.79909576,37.40059913,174.35
4710.85,55.79909455,37.40058333,174.36
4711.85,55.79909333,37.40056753,174.37
4712.85,55.79909212,37.40055174,174.37
4713.85,55.79909089,37.40053594,174.38
4714.85,55.79908966,37.40052015,174.39
4715.85,55.79908843,37.40050435,174.40
4716.85,55.79908718,37.40048856,174.40
4717.85,55.79908592,37.40047278,174.41
4718.85,55.79908465,37.40045699,174.42
4719.85,55.79908334,37.40044122,174.42
4720.85,55.79908202,37.40042545,174.43
4721.85,55.79908071,37.40040968,174.44
4722.85,55.79907937,37.40039391,174.45
4723.85,55.79907805,37.40037814,174.45
4724.85,55.79907674,37.40036236,174.46
4725.85,55.79907543,37.40034659,174.47
4726.85,55.79907413,37.40033081,174.48
4727.85,55.79907285,37.40031503,174.48
4728.85,55.79907156,37.40029925,174.49
4729.85,55.79907024,37.40028348,174.50
4730.85,55.79906892,37.40026771,174.51
4731.85,55.79906762,37.40025193,174.51
4732.85,55.79906634,37.40023615,174.52
4733.85,55.79906506,37.40022037,174.53
4734.85,55.79906380,37.40020458,174.54
4735.85,55.79906256,37.40018879,174.54
4736.85,55.79906130,37.40017300,174.55
4737.85,55.79906002,37.40015722,174.56
4738.85,55.79905875,37.40014144,174.57
4739.85,55.79905746,37.40012566,174.58
4740.85,55.79905615,37.40010989,174.59
4741.85,55.79905486,37.40009411,174.60
4742.85,55.79905358,37.40007833,174.61
4743.85,55.79905229,37.40006255,174.62
4744.85,55.79905100,37.40004677,174.63
4745.85,55.79904971,37.40003099,174.64
4746.85,55.79904841,37.40001521,174.65
4747.85,55.79904713,37.39999943,174.65
4748.85,55.79904585,37.39998365,174.66
4749.85,55.79904459,37.39996786,174.67
4750.85,55.79904336,37.39995207,174.68
4751.85,55.79904212,37.39993628,174.69
4752.85,55.79904084,37.39992050,174.70
4753.85,55.79903956,37.39990471,174.71
4754.85,55.79903827,37.39988894,174.72
4755.85,55.79903698,37.39987316,174.74
4756.85,55.79903568,37.39985738,174.75
4757.85,55.79903437,37.39984161,174.76
4758.85,55.79903305,37.39982583,174.77
4759.85,55.79903175,37.39981006,174.78
4760.85,55.79903046,37.39979428,174.79
4761.85,55.79902918,37.39977850,174.80
4762.85,55.79902790,37.39976272,174.81
4763.85,55.79902662,37.39974693,174.82
4764.85,55.79902536,37.39973115,174.84
4765.85,55.79902411,37.39971536,174.85
4766.85,55.79902286,37.39969957,174.86
4767.85,55.79902159,37.39968379,174.87
4768.85,55.79902031,37.39966800,174.88
4769.85,55.79901902,37.39965223,174.89
4770.85,55.79901773,37.39963645,174.90
4771.85,55.79901643,37.39962067,174.91
4772.85,55.79901512,37.39960490,174.93
4773.85,55.79901380,37.39958913,174.94
4774.85,55.79901247,37.39957336,174.95
4775.85,55.79901115,37.39955759,174.96
4776.85,55.79900988,37.39954180,174.97
4777.85,55.79900865,37.39952601,174.98
4778.85,55.79900742,37.39951021,174.99
4779.85,55.79900620,37.39949442,175.00
4780.85,55.79900497,37.39947862,175.01
4781.85,55.79900374,37.39946283,175.02
4782.85,55.79900248,37.39944704,175.03
4783.85,55.79900119,37.39943126,175.04
4784.85,55.79899988,37.39941549,175.05
4785.85,55.79899857,37.39939972,175.06
4786.85,55.79899726,37.39938394,175.07
4787.85,55.79899594,37.39936817,175.08
4788.85,55.79899462,37.39935240,175.09
4789.85,55.79899328,37.39933664,175.10
4790.85,55.79899193,37.39932087,175.11
4791.85,55.79899063,37.39930510,175.12
4792.85,55.79898936,37.39928931,175.13
4793.85,55.79898812,37.39927352,175.14
4794.85,55.79898688,37.39925773,175.15
4795.85,55.79898565,37.39924193,175.16
4796.85,55.79898442,37.39922614,175.17
4797.85,55.79898321,37.39921034,175.17
4798.85,55.79898202,37.39919454,175.18
4799.85,55.79898084,37.39917873,175.19
4800.85,55.79897967,37.39916292,175.20
4801.85,55.79897850,37.39914711,175.21
4802.85,55.79897734,37.39913130,175.22
4803.85,55.79897616,37.39911550,175.23
4804.85,55.79897496,37.39909970,175.24
4805.85,55.79897381,37.39908388,175.25
4806.85,55.79897270,37.39906806,175.26
4807.85,55.79897161,37.39905223,175.27
4808.85,55.79897056,37.39903640,175.28
4809.85,55.79896954,37.39902056,175.29
4810.85,55.79896857,37.39900471,175.30
4811.85,55.79896762,37.39898885,175.31
4812.85,55.79896670,37.39897299,175.31
4813.85,55.79896578,37.39895713,175.32
4814.85,55.79896488,37.39894127,175.33
4815.85,55.79896400,37.39892540,175.34
4816.85,55.79896317,37.39890952,175.34
4817.85,55.79896240,37.39889364,175.35
4818.85,55.79896164,37.39887775,175.36
4819.85,55.79896092,37.39886186,175.37
4820.85,55.79896027,37.39884596,175.37
4821.85,55.79895971,37.39883004,175.38
4822.85,55.79895923,37.39881412,175.39
4823.85,55.79895873,37.39879820,175.40
4824.85,55.79895825,37.39878228,175.41
4825.85,55.79895777,37.39876636,175.41
4826.85,55.79895734,37.39875043,175.42
4827.85,55.79895696,37.39873450,175.43
4828.85,55.79895662,37.39871857,175.43
4829.85,55.79895634,37.39870263,175.44
4830.85,55.79895606,37.39868670,175.44
4831.85,55.79895578,37.39867076,175.45
4832.85,55.79895550,37.39865482,175.46
4833.85,55.79895527,37.39863889,175.46
4834.85,55.79895511,37.39862294,175.47
4835.85,55.79895492,37.39860700,175.48
4836.85,55.79895475,37.39859106,175.48
4837.85,55.79895455,37.39857512,175.49
4838.85,55.79895437,37.39855918,175.50
4839.85,55.79895421,37.39854324,175.51
4840.85,55.79895407,37.39852730,175.52
4841.85,55.79895394,37.39851135,175.53
4842.85,55.79895376,37.39849541,175.54
4843.85,55.79895359,37.39847947,175.55
4844.85,55.79895344,37.39846353,175.56
4845.85,55.79895335,37.39844759,175.57
4846.85,55.79895332,37.39843164,175.58
4847.85,55.79895334,37.39841570,175.59
4848.85,55.79895340,37.39839975,175.60
4849.85,55.79895345,37.39838381,175.61
4850.85,55.79895350,37.39836787,175.62
4851.85,55.79895355,37.39835192,175.63
4852.85,55.79895366,37.39833598,175.64
4853.85,55.79895386,37.39832004,175.65
4854.85,55.79895407,37.39830410,175.66
4855.85,55.79895433,37.39828816,175.67
4856.85,55.79895459,37.39827223,175.68
4857.85,55.79895484,37.39825629,175.69
4858.85,55.79895514,37.39824035,175.70
4859.85,55.79895553,37.39822442,175.71
4860.85,55.79895601,37.39820850,175.72
4861.85,55.79895651,37.39819258,175.73
4862.85,55.79895700,37.39817666,175.74
4863.85,55.79895748,37.39816074,175.75
4864.85,55.79895797,37.39814482,175.76
4865.85,55.79895851,37.39812890,175.77
4866.85,55.79895906,37.39811299,175.77
4867.85,55.79895959,37.39809707,175.78
4868.85,55.79896010,37.39808116,175.79
4869.85,55.79896064,37.39806524,175.80
4870.85,55.79896126,37.39804933,175.81
4871.85,55.79896200,37.39803344,175.81
4872.85,55.79896280,37.39801756,175.82
4873.85,55.79896360,37.39800168,175.83
4874.85,55.79896447,37.39798581,175.83
4875.85,55.79896539,37.39796995,175.84
4876.85,55.79896631,37.39795409,175.84
4877.85,55.79896725,37.39793824,175.85
4878.85,55.79896817,37.39792238,175.86
4879.85,55.79896910,37.39790652,175.86
4880.85,55.79897001,37.39789065,175.87
4881.85,55.79897093,37.39787479,175.87
4882.85,55.79897191,37.39785894,175.88
4883.85,55.79897304,37.39784313,175.88
4884.85,55.79897428,37.39782734,175.89
4885.85,55.79897554,37.39781155,175.89
4886.85,55.79897683,37.39779577,175.90
4887.85,55.79897813,37.39777999,175.90
4888.85,55.79897942,37.39776422,175.91
4889.85,55.79898073,37.39774844,175.91
4890.85,55.79898205,37.39773267,175.91
4891.85,55.79898342,37.39771691,175.92
4892.85,55.79898483,37.39770117,175.92
4893.85,55.79898626,37.39768543,175.93
4894.85,55.79898769,37.39766968,175.93
4895.85,55.79898911,37.39765394,175.93
4896.85,55.79899062,37.39763822,175.94
4897.85,55.79899223,37.39762254,175.94
4898.85,55.79899384,37.39760685,175.95
4899.85,55.79899542,37.39759115,175.95
4900.85,55.79899702,37.39757547,175.96
4901.85,55.79899869,37.39755980,175.97
4902.85,55.79900042,37.39754416,175.98
4903.85,55.79900222,37.39752853,175.98
4904.85,55.79900404,37.39751292,175.99
4905.85,55.79900589,37.39749732,176.00
4906.85,55.79900781,37.39748174,176.01
4907.85,55.79900974,37.39746617,176.01
4908.85,55.79901175,37.39745063,176.02
4909.85,55.79901381,37.39743511,176.03
4910.85,55.79901588,37.39741960,176.04
4911.85,55.79901795,37.39740408,176.05
4912.85,55.79902001,37.39738856,176.05
4913.85,55.79902212,37.39737306,176.06
4914.85,55.79902426,37.39735758,176.07
4915.85,55.79902649,37.39734214,176.08
4916.85,55.79902880,37.39732673,176.10
4917.85,55.79903110,37.39731132,176.11
4918.85,55.79903343,37.39729592,176.12
4919.85,55.79903576,37.39728052,176.13
4920.85,55.79903813,37.39726514,176.14
4921.85,55.79904050,37.39724976,176.15
4922.85,55.79904296,37.39723443,176.16
4923.85,55.79904545,37.39721911,176.18
4924.85,55.79904788,37.39720376,176.19
4925.85,55.79905034,37.39718842,176.20
4926.85,55.79905284,37.39717311,176.21
4927.85,55.79905542,37.39715783,176.22
4928.85,55.79905804,37.39714259,176.23
4929.85,55.79906066,37.39712733,176.24
4930.85,55.79906327,37.39711208,176.25
4931.85,55.79906590,37.39709683,176.26
4932.85,55.79906856,37.39708160,176.27
4933.85,55.79907126,37.39706640,176.28
4934.85,55.79907401,37.39705122,176.29
4935.85,55.79907681,37.39703607,176.29
4936.85,55.79907961,37.39702092,176.30
4937.85,55.79908243,37.39700578,176.31
4938.85,55.79908531,37.39699068,176.32
4939.85,55.79908827,37.39697563,176.32
4940.85,55.79909125,37.39696058,176.33
4941.85,55.79909423,37.39694555,176.34
4942.85,55.79909721,37.39693050,176.35
4943.85,55.79910021,37.39691547,176.35
4944.85,55.79910326,37.39690048,176.36
4945.85,55.79910634,37.39688550,176.36
4946.85,55.79910944,37.39687054,176.37
4947.85,55.79911251,37.39685555,176.37
4948.85,55.79911552,37.39684053,176.38
4949.85,55.79911856,37.39682553,176.39
4950.85,55.79912173,37.39681061,176.39
4951.85,55.79912497,37.39679574,176.40
4952.85,55.79912819,37.39678086,176.40
4953.85,55.79913141,37.39676597,176.41
4954.85,55.79913460,37.39675107,176.42
4955.85,55.79913782,37.39673618,176.42
4956.85,55.79914106,37.39672131,176.43
4957.85,55.79914430,37.39670644,176.44
4958.85,55.79914751,37.39669155,176.44
4959.85,55.79915069,37.39667664,176.45
4960.85,55.79915387,37.39666173,176.46
4961.85,55.79915703,37.39664680,176.46
4962.85,55.79916016,37.39663185,176.47
4963.85,55.79916327,37.39661689,176.48
4964.85,55.79916637,37.39660193,176.48
4965.85,55.79916953,37.39658701,176.49
4966.85,55.79917273,37.39657211,176.49
4967.85,55.79917596,37.39655724,176.50
4968.85,55.79917916,37.39654233,176.50
4969.85,55.79918233,37.39652742,176.51
4970.85,55.79918550,37.39651250,176.51
4971.85,55.79918866,37.39649757,176.52
4972.85,55.79919183,37.39648265,176.52
4973.85,55.79919500,37.39646774,176.53
4974.85,55.79919819,37.39645283,176.53
4975.85,55.79920138,37.39643792,176.54
4976.85,55.79920457,37.39642302,176.54
4977.85,55.79920777,37.39640812,176.55
4978.85,55.79921095,37.39639321,176.55
4979.85,55.79921411,37.39637829,176.55
4980.85,55.79921728,37.39636337,176.56
4981.85,55.79922047,37.39634846,176.56
4982.85,55.79922369,37.39633358,176.57
4983.85,55.79922693,37.39631871,176.57
4984.85,55.79923016,37.39630383,176.58
4985.85,55.79923337,37.39628894,176.58
4986.85,55.79923656,37.39627404,176.58
4987.85,55.79923970,37.39625910,176.59
4988.85,55.79924280,37.39624413,176.59
4989.85,55.79924594,37.39622920,176.60
4990.85,55.79924918,37.39621432,176.60
4991.85,55.79925243,37.39619946,176.60
4992.85,55.79925566,37.39618458,176.61
4993.85,55.79925887,37.39616969,176.61
4994.85,55.79926207,37.39615479,176.62
4995.85,55.79926524,37.39613988,176.62
4996.85,55.79926839,37.39612494,176.62
4997.85,55.79927153,37.39611000,176.63
4998.85,55.79927467,37.39609506,176.63
4999.85,55.79927784,37.39608014,176.63
5000.85,55.79928104,37.39606525,176.64
5001.85,55.79928420,37.39605032,176.64
5002.85,55.79928731,37.39603537,176.64
5003.85,55.79929047,37.39602044,176.65
5004.85,55.79929363,37.39600551,176.65
5005.85,55.79929677,37.39599058,176.66
5006.85,55.79929992,37.39597564,176.66
5007.85,55.79930306,37.39596071,176.66
5008.85,55.79930626,37.39594581,176.67
5009.85,55.79930947,37.39593092,176.67
5010.85,55.79931266,37.39591601,176.68
5011.85,55.79931584,37.39590110,176.68
5012.85,55.79931902,37.39588619,176.68
5013.85,55.79932221,37.39587129,176.69
5014.85,55.79932540,37.39585638,176.69
5015.85,55.79932860,37.39584149,176.69
5016.85,55.79933179,37.39582658,176.70
5017.85,55.79933498,37.39581167,176.70
5018.85,55.79933817,37.39579677,176.70
5019.85,55.79934133,37.39578184,176.71
5020.85,55.79934448,37.39576691,176.71
5021.85,55.79934763,37.39575198,176.71
5022.85,55.79935077,37.39573704,176.71
5023.85,55.79935392,37.39572211,176.71
5024.85,55.79935708,37.39570719,176.71
5025.85,55.79936027,37.39569228,176.71
5026.85,55.79936346,37.39567738,176.72
5027.85,55.79936662,37.39566245,176.72
5028.85,55.79936980,37.39564754,176.72
5029.85,55.79937297,37.39563262,176.72
5030.85,55.79937613,37.39561770,176.72
5031.85,55.79937927,37.39560276,176.72
5032.85,55.79938241,37.39558782,176.72
5033.85,55.79938556,37.39557289,176.72
5034.85,55.79938872,37.39555796,176.72
5035.85,55.79939188,37.39554304,176.72
5036.85,55.79939506,37.39552813,176.72
5037.85,55.79939824,37.39551321,176.72
5038.85,55.79940142,37.39549830,176.72
5039.85,55.79940462,37.39548340,176.72
5040.85,55.79940782,37.39546851,176.71
5041.85,55.79941101,37.39545360,176.71
5042.85,55.79941417,37.39543868,176.71
5043.85,55.79941731,37.39542374,176.71
5044.85,55.79942045,37.39540880,176.71
5045.85,55.79942357,37.39539385,176.71
5046.85,55.79942669,37.39537890,176.71
5047.85,55.79942985,37.39536397,176.71
5048.85,55.79943305,37.39534907,176.71
5049.85,55.79943626,37.39533418,176.70
5050.85,55.79943946,37.39531928,176.70
5051.85,55.79944263,37.39530437,176.70
5052.85,55.79944582,37.39528946,176.70
5053.85,55.79944901,37.39527455,176.70
5054.85,55.79945219,37.39525964,176.70
5055.85,55.79945535,37.39524472,176.70
5056.85,55.79945849,37.39522978,176.70
5057.85,55.79946165,37.39521485,176.69
5058.85,55.79946484,37.39519995,176.69
5059.85,55.79946805,37.39518506,176.69
5060.85,55.79947125,37.39517016,176.69
5061.85,55.79947445,37.39515526,176.69
5062.85,55.79947765,37.39514036,176.69
5063.85,55.79948084,37.39512546,176.69
5064.85,55.79948402,37.39511055,176.68
5065.85,55.79948720,37.39509563,176.68
5066.85,55.79949036,37.39508071,176.68
5067.85,55.79949353,37.39506579,176.68
5068.85,55.79949671,37.39505088,176.68
5069.85,55.79949987,37.39503596,176.68
5070.85,55.79950304,37.39502103,176.68
5071.85,55.79950621,37.39500612,176.68
5072.85,55.79950938,37.39499120,176.68
5073.85,55.79951254,37.39497628,176.67
5074.85,55.79951570,37.39496135,176.67
5075.85,55.79951884,37.39494641,176.67
5076.85,55.79952202,37.39493150,176.67
5077.85,55.79952519,37.39491658,176.67
5078.85,55.79952836,37.39490166,176.67
5079.85,55.79953152,37.39488674,176.66
5080.85,55.79953469,37.39487182,176.66
5081.85,55.79953785,37.39485689,176.66
5082.85,55.79954102,37.39484197,176.66
5083.85,55.79954420,37.39482706,176.66
5084.85,55.79954738,37.39481215,176.66
5085.85,55.79955055,37.39479724,176.66
5086.85,55.79955373,37.39478232,176.65
5087.85,55.79955690,37.39476740,176.65
5088.85,55.79956009,37.39475249,176.65
5089.85,55.79956326,37.39473758,176.65
5090.85,55.79956644,37.39472267,176.65
5091.85,55.79956963,37.39470776,176.65
5092.85,55.79957285,37.39469288,176.64
5093.85,55.79957607,37.39467799,176.64
5094.85,55.79957926,37.39466309,176.64
5095.85,55.79958244,37.39464817,176.64
5096.85,55.79958561,37.39463326,176.64
5097.85,55.79958877,37.39461833,176.63
5098.85,55.79959192,37.39460340,176.63
5099.85,55.79959506,37.39458846,176.63
5100.85,55.79959821,37.39457353,176.63
5101.85,55.79960137,37.39455860,176.63
5102.85,55.79960454,37.39454369,176.62
5103.85,55.79960773,37.39452878,176.62
5104.85,55.79961091,37.39451387,176.62
5105.85,55.79961410,37.39449896,176.62
5106.85,55.79961725,37.39448403,176.62
5107.85,55.79962039,37.39446909,176.61
5108.85,55.79962352,37.39445415,176.61
5109.85,55.79962663,37.39443919,176.61
5110.85,55.79962974,37.39442423,176.61
5111.85,55.79963287,37.39440929,176.60
5112.85,55.79963601,37.39439435,176.60
5113.85,55.79963920,37.39437944,176.60
5114.85,55.79964245,37.39436458,176.59
5115.85,55.79964571,37.39434972,176.59
5116.85,55.79964895,37.39433485,176.59
5117.85,55.79965220,37.39431998,176.58
5118.85,55.79965538,37.39430508,176.58
5119.85,55.79965854,37.39429015,176.58
5120.85,55.79966171,37.39427523,176.57
5121.85,55.79966489,37.39426032,176.57
5122.85,55.79966808,37.39424541,176.57
5123.85,55.79967124,37.39423049,176.56
5124.85,55.79967440,37.39421556,176.56
5125.85,55.79967760,37.39420066,176.55
5126.85,55.79968083,37.39418579,176.55
5127.85,55.79968406,37.39417091,176.55
5128.85,55.79968727,37.39415602,176.54
5129.85,55.79969046,37.39414112,176.54
5130.85,55.79969363,37.39412619,176.53
5131.85,55.79969675,37.39411124,176.53
5132.85,55.79969988,37.39409630,176.52
5133.85,55.79970301,37.39408135,176.52
5134.85,55.79970616,37.39406642,176.51
5135.85,55.79970936,37.39405152,176.51
5136.85,55.79971258,37.39403664,176.50
5137.85,55.79971584,37.39402178,176.50
5138.85,55.79971910,37.39400692,176.50
5139.85,55.79972233,37.39399205,176.49
5140.85,55.79972553,37.39397714,176.49
5141.85,55.79972869,37.39396222,176.48
5142.85,55.79973182,37.39394728,176.48
5143.85,55.79973493,37.39393232,176.47
5144.85,55.79973801,37.39391734,176.47
5145.85,55.79974109,37.39390236,176.46
5146.85,55.79974418,37.39388739,176.46
5147.85,55.79974728,37.39387243,176.45
5148.85,55.79975045,37.39385751,176.45
5149.85,55.79975365,37.39384261,176.45
5150.85,55.79975690,37.39382774,176.44
5151.85,55.79976017,37.39381290,176.44
5152.85,55.79976342,37.39379803,176.43
5153.85,55.79976664,37.39378315,176.43
5154.85,55.79976984,37.39376825,176.42
5155.85,55.79977302,37.39375334,176.42
5156.85,55.79977622,37.39373844,176.41
5157.85,55.79977941,37.39372353,176.41
5158.85,55.79978258,37.39370861,176.40
5159.85,55.79978571,37.39369367,176.40
5160.85,55.79978885,37.39367873,176.39
5161.85,55.79979199,37.39366379,176.39
5162.85,55.79979512,37.39364885,176.38
5163.85,55.79979827,37.39363392,176.37
5164.85,55.79980146,37.39361901,176.37
5165.85,55.79980465,37.39360411,176.36
5166.85,55.79980786,37.39358921,176.36
5167.85,55.79981105,37.39357431,176.35
5168.85,55.79981425,37.39355941,176.35
5169.85,55.79981744,37.39354451,176.34
5170.85,55.79982063,37.39352960,176.34
5171.85,55.79982380,37.39351468,176.33
5172.85,55.79982695,37.39349975,176.33
5173.85,55.79983009,37.39348481,176.32
5174.85,55.79983323,37.39346987,176.32
5175.85,55.79983640,37.39345495,176.31
5176.85,55.79983957,37.39344004,176.31
5177.85,55.79984274,37.39342512,176.31
5178.85,55.79984590,37.39341019,176.30
5179.85,55.79984905,37.39339526,176.30
5180.85,55.79985221,37.39338033,176.29
5181.85,55.79985536,37.39336540,176.29
5182.85,55.79985851,37.39335047,176.28
5183.85,55.79986169,37.39333556,176.28
5184.85,55.79986491,37.39332067,176.27
5185.85,55.79986813,37.39330579,176.27
5186.85,55.79987133,37.39329089,176.27
5187.85,55.79987452,37.39327598,176.26
5188.85,55.79987769,37.39326106,176.26
5189.85,55.79988085,37.39324614,176.25
5190.85,55.79988404,37.39323123,176.25
5191.85,55.79988721,37.39321632,176.24
5192.85,55.79989039,37.39320141,176.24
5193.85,55.79989359,37.39318651,176.23
5194.85,55.79989678,37.39317160,176.23
5195.85,55.79989996,37.39315669,176.22
5196.85,55.79990313,37.39314177,176.22
5197.84,55.79990625,37.39312682,176.21
5198.84,55.79990937,37.39311187,176.20
5199.84,55.79991253,37.39309694,176.20
5200.84,55.79991570,37.39308202,176.19
5201.84,55.79991889,37.39306712,176.19
5202.84,55.79992208,37.39305221,176.18
5203.84,55.79992525,37.39303729,176.17
5204.84,55.79992841,37.39302237,176.17
5205.84,55.79993154,37.39300742,176.16
5206.84,55.79993466,37.39299247,176.16
5207.84,55.79993777,37.39297751,176.15
5208.84,55.79994090,37.39296257,176.15
5209.84,55.79994408,37.39294765,176.14
5210.84,55.79994729,37.39293277,176.14
5211.84,55.79995053,37.39291790,176.13
5212.84,55.79995373,37.39290300,176.13
5213.84,55.79995688,37.39288806,176.12
5214.84,55.79996000,37.39287311,176.11
5215.84,55.79996311,37.39285816,176.11
5216.84,55.79996624,37.39284321,176.10
5217.84,55.79996939,37.39282828,176.10
5218.84,55.79997253,37.39281334,176.09
5219.84,55.79997567,37.39279840,176.09
5220.84,55.79997885,37.39278349,176.08
5221.84,55.79998207,37.39276860,176.07
5222.84,55.79998528,37.39275371,176.07
5223.84,55.79998846,37.39273880,176.06
5224.84,55.79999164,37.39272389,176.06
5225.84,55.79999481,37.39270897,176.05
5226.84,55.79999798,37.39269405,176.05
5227.84,55.80000113,37.39267912,176.04
5228.84,55.80000429,37.39266419,176.03
5229.84,55.80000746,37.39264927,176.03
5230.84,55.80001063,37.39263435,176.02
5231.84,55.80001379,37.39261943,176.01
5232.84,55.80001696,37.39260451,176.01
5233.84,55.80002016,37.39258961,176.00
5234.84,55.80002336,37.39257471,175.99
5235.84,55.80002658,37.39255983,175.99
5236.84,55.80002981,37.39254495,175.98
5237.84,55.80003302,37.39253006,175.98
5238.84,55.80003620,37.39251514,175.97
5239.84,55.80003932,37.39250020,175.97
5240.84,55.80004242,37.39248523,175.96
5241.84,55.80004554,37.39247028,175.96
5242.84,55.80004867,37.39245533,175.95
5243.84,55.80005181,37.39244039,175.95
5244.84,55.80005493,37.39242544,175.94
5245.84,55.80005808,37.39241051,175.94
5246.84,55.80006124,37.39239558,175.93
5247.84,55.80006441,37.39238067,175.93
5248.84,55.80006760,37.39236576,175.92
5249.84,55.80007078,37.39235085,175.92
5250.84,55.80007395,37.39233593,175.92
5251.84,55.80007716,37.39232104,175.91
5252.84,55.80008039,37.39230616,175.91
5253.84,55.80008360,37.39229127,175.91
5254.84,55.80008681,37.39227637,175.90
5255.84,55.80009000,37.39226147,175.90
5256.84,55.80009319,37.39224656,175.90
5257.84,55.80009636,37.39223165,175.89
5258.84,55.80009953,37.39221673,175.89
5259.84,55.80010270,37.39220181,175.88
5260.84,55.80010586,37.39218688,175.88
5261.84,55.80010901,37.39217195,175.87
5262.84,55.80011216,37.39215702,175.87
5263.84,55.80011532,37.39214209,175.86
5264.84,55.80011848,37.39212717,175.86
5265.84,55.80012169,37.39211228,175.85
5266.84,55.80012491,37.39209739,175.85
5267.84,55.80012814,37.39208252,175.84
5268.84,55.80013137,37.39206764,175.84
5269.84,55.80013458,37.39205275,175.83
5270.84,55.80013776,37.39203783,175.82
5271.84,55.80014089,37.39202289,175.82
5272.84,55.80014402,37.39200794,175.81
5273.84,55.80014719,37.39199302,175.80
5274.84,55.80015039,37.39197813,175.80
5275.84,55.80015362,37.39196325,175.79
5276.84,55.80015685,37.39194837,175.78
5277.84,55.80016008,37.39193349,175.77
5278.84,55.80016331,37.39191862,175.76
5279.84,55.80016654,37.39190373,175.75
5280.84,55.80016973,37.39188883,175.74
5281.84,55.80017288,37.39187389,175.72
5282.84,55.80017598,37.39185893,175.71
5283.84,55.80017909,37.39184397,175.70
5284.84,55.80018221,37.39182902,175.69
5285.84,55.80018533,37.39181407,175.68
5286.84,55.80018843,37.39179911,175.67
5287.84,55.80019155,37.39178415,175.65
5288.84,55.80019469,37.39176922,175.64
5289.84,55.80019785,37.39175429,175.63
5290.84,55.80020107,37.39173940,175.61
5291.84,55.80020428,37.39172451,175.60
5292.84,55.80020747,37.39170961,175.58
5293.84,55.80021064,37.39169469,175.57
5294.84,55.80021378,37.39167975,175.55
5295.84,55.80021690,37.39166480,175.54
5296.84,55.80022006,37.39164987,175.53
5297.84,55.80022326,37.39163497,175.51
5298.84,55.80022647,37.39162008,175.50
5299.84,55.80022964,37.39160516,175.48
5300.84,55.80023280,37.39159024,175.47
5301.84,55.80023597,37.39157532,175.46
5302.84,55.80023913,37.39156039,175.44
5303.84,55.80024229,37.39154546,175.43
5304.84,55.80024544,37.39153053,175.42
5305.84,55.80024861,37.39151562,175.40
5306.84,55.80025179,37.39150070,175.39
5307.84,55.80025495,37.39148578,175.38
5308.84,55.80025813,37.39147087,175.37
5309.84,55.80026134,37.39145597,175.36
5310.84,55.80026456,37.39144109,175.34
5311.84,55.80026776,37.39142619,175.33
5312.84,55.80027096,37.39141129,175.32
5313.84,55.80027416,37.39139639,175.31
5314.84,55.80027737,37.39138150,175.29
5315.84,55.80028058,37.39136661,175.28
5316.84,55.80028376,37.39135170,175.27
5317.84,55.80028691,37.39133676,175.26
5318.84,55.80029007,37.39132184,175.24
5319.84,55.80029322,37.39130691,175.23
5320.84,55.80029639,37.39129199,175.22
5321.84,55.80029958,37.39127708,175.21
5322.84,55.80030277,37.39126218,175.20
5323.84,55.80030595,37.39124727,175.18
5324.84,55.80030914,37.39123236,175.17
5325.84,55.80031231,37.39121744,175.15
5326.84,55.80031546,37.39120251,175.14
5327.84,55.80031865,37.39118760,175.12
5328.84,55.80032179,37.39117266,175.11
5329.84,55.80032486,37.39115768,175.09
5330.84,55.80032792,37.39114269,175.08
5331.84,55.80033102,37.39112772,175.06
5332.84,55.80033415,37.39111278,175.04
5333.84,55.80033729,37.39109784,175.03
5334.84,55.80034046,37.39108292,175.01
5335.84,55.80034378,37.39106810,174.99
5336.84,55.80034717,37.39105334,174.98
5337.84,55.80035055,37.39103857,174.96
5338.84,55.80035391,37.39102378,174.95
5339.84,55.80035727,37.39100899,174.94
5340.84,55.80036060,37.39099418,174.92
5341.84,55.80036388,37.39097934,174.91
5342.84,55.80036702,37.39096440,174.90
5343.84,55.80037000,37.39094936,174.89
5344.84,55.80037292,37.39093428,174.88
5345.84,55.80037574,37.39091915,174.87
5346.84,55.80037843,37.39090393,174.86
5347.84,55.80038093,37.39088862,174.85
5348.84,55.80038326,37.39087322,174.85
5349.84,55.80038544,37.39085775,174.84
5350.84,55.80038749,37.39084223,174.83
5351.84,55.80038939,37.39082664,174.82
5352.84,55.80039112,37.39081100,174.81
5353.84,55.80039270,37.39079530,174.80
5354.84,55.80039411,37.39077956,174.80
5355.84,55.80039536,37.39076377,174.79
5356.84,55.80039643,37.39074794,174.79
5357.84,55.80039732,37.39073207,174.78
5358.84,55.80039808,37.39071618,174.77
5359.84,55.80039868,37.39070028,174.77
5360.84,55.80039911,37.39068435,174.76
5361.84,55.80039926,37.39066841,174.76
5362.84,55.80039919,37.39065246,174.75
5363.84,55.80039897,37.39063653,174.75
5364.84,55.80039850,37.39062060,174.74
5365.84,55.80039787,37.39060470,174.74
5366.84,55.80039721,37.39058880,174.73
5367.84,55.80039642,37.39057291,174.73
5368.84,55.80039556,37.39055704,174.72
5369.84,55.80039473,37.39054117,174.71
5370.84,55.80039379,37.39052531,174.70
5371.84,55.80039259,37.39050951,174.70
5372.84,55.80039116,37.39049377,174.69
5373.84,55.80038950,37.39047810,174.68
5374.84,55.80038757,37.39046253,174.68
5375.84,55.80038531,37.39044710,174.67
5376.84,55.80038272,37.39043183,174.67
5377.84,55.80037985,37.39041673,174.67
5378.84,55.80037664,37.39040185,174.66
5379.84,55.80037307,37.39038721,174.66
5380.84,55.80036919,37.39037284,174.65
5381.84,55.80036501,37.39035872,174.65
5382.84,55.80036061,37.39034483,174.65
5383.84,55.80035592,37.39033124,174.64
5384.84,55.80035096,37.39031795,174.64
5385.84,55.80034575,37.39030496,174.64
5386.84,55.80034034,37.39029223,174.63
5387.84,55.80033470,37.39027982,174.63
5388.84,55.80032878,37.39026784,174.63
5389.84,55.80032266,37.39025617,174.62
5390.84,55.80031638,37.39024477,174.62
5391.84,55.80030997,37.39023361,174.61
5392.84,55.80030351,37.39022254,174.61
5393.84,55.80029708,37.39021139,174.60
5394.84,55.80029069,37.39020020,174.60
5395.84,55.80028423,37.39018911,174.59
5396.84,55.80027770,37.39017817,174.59
5397.84,55.80027116,37.39016724,174.58
5398.84,55.80026463,37.39015628,174.58
5399.84,55.80025814,37.39014528,174.57
5400.84,55.80025169,37.39013418,174.57
5401.84,55.80024525,37.39012307,174.56
5402.84,55.80023885,37.39011188,174.56
5403.84,55.80023242,37.39010073,174.55
5404.84,55.80022601,37.39008957,174.54
5405.84,55.80021963,37.39007836,174.53
5406.84,55.80021318,37.39006725,174.53
5407.84,55.80020671,37.39005619,174.52
5408.84,55.80020028,37.39004507,174.51
5409.84,55.80019387,37.39003390,174.51
5410.84,55.80018746,37.39002272,174.50
5411.84,55.80018104,37.39001158,174.50
5412.84,55.80017460,37.39000047,174.49
5413.84,55.80016816,37.38998935,174.49
5414.84,55.80016166,37.38997834,174.49
5415.84,55.80015518,37.38996731,174.48
5416.84,55.80014871,37.38995624,174.48
5417.84,55.80014223,37.38994520,174.47
5418.84,55.80013577,37.38993413,174.47
5419.84,55.80012937,37.38992294,174.47
5420.84,55.80012303,37.38991165,174.46
5421.84,55.80011671,37.38990031,174.46
5422.84,55.80011040,37.38988897,174.46
5423.84,55.80010406,37.38987768,174.46
5424.84,55.80009768,37.38986646,174.46
5425.84,55.80009129,37.38985525,174.46
5426.84,55.80008488,37.38984408,174.46
5427.84,55.80007847,37.38983291,174.46
5428.84,55.80007206,37.38982175,174.46
5429.84,55.80006566,37.38981055,174.46
5430.84,55.80005925,37.38979938,174.46
5431.84,55.80005281,37.38978828,174.46
5432.84,55.80004634,37.38977721,174.46
5433.84,55.80003988,37.38976614,174.46
5434.84,55.80003337,37.38975516,174.46
5435.84,55.80002681,37.38974426,174.46
5436.84,55.80002028,37.38973332,174.46
5437.84,55.80001372,37.38972243,174.46
5438.84,55.80000715,37.38971156,174.46
5439.84,55.80000056,37.38970073,174.46
5440.84,55.79999395,37.38968993,174.46
5441.84,55.79998727,37.38967927,174.46
5442.84,55.79998065,37.38966850,174.46
5443.84,55.79997417,37.38965746,174.46
5444.84,55.79996784,37.38964616,174.46
5445.84,55.79996168,37.38963454,174.46
5446.84,55.79995572,37.38962263,174.46
5447.84,55.79994989,37.38961049,174.46
5448.84,55.79994420,37.38959816,174.46
5449.84,55.79993869,37.38958556,174.47
5450.84,55.79993342,37.38957266,174.47
5451.84,55.79992841,37.38955942,174.47
5452.84,55.79992364,37.38954592,174.47
5453.84,55.79991909,37.38953217,174.47
5454.84,55.79991473,37.38951824,174.47
5455.84,55.79991058,37.38950409,174.47
5456.84,55.79990666,37.38948975,174.47
5457.84,55.79990297,37.38947522,174.47
5458.84,55.79989943,37.38946056,174.47
5459.84,55.79989585,37.38944594,174.47
5460.84,55.79989226,37.38943133,174.47
5461.84,55.79988866,37.38941671,174.47
5462.84,55.79988512,37.38940206,174.47
5463.84,55.79988167,37.38938734,174.47
5464.84,55.79987829,37.38937257,174.47
5465.84,55.79987497,37.38935775,174.47
5466.84,55.79987170,37.38934290,174.47
5467.84,55.79986848,37.38932802,174.47
5468.84,55.79986523,37.38931316,174.47
5469.84,55.79986196,37.38929830,174.47
5470.84,55.79985873,37.38928342,174.47
5471.84,55.79985558,37.38926849,174.47
5472.84,55.79985242,37.38925357,174.47
5473.84,55.79984920,37.38923869,174.46
5474.84,55.79984596,37.38922381,174.46
5475.84,55.79984271,37.38920895,174.46
5476.84,55.79983943,37.38919411,174.46
5477.84,55.79983616,37.38917926,174.46
5478.84,55.79983284,37.38916444,174.46
5479.84,55.79982954,37.38914961,174.45
5480.84,55.79982629,37.38913475,174.45
5481.84,55.79982309,37.38911985,174.45
5482.84,55.79981994,37.38910491,174.45
5483.84,55.79981673,37.38909003,174.44
5484.84,55.79981349,37.38907515,174.44
5485.73,55.79980798,37.38906489,174.44
5486.73,55.79979927,37.38906105,174.44
5487.73,55.79979055,37.38905720,174.43
5488.73,55.79978183,37.38905336,174.43
5489.73,55.79977312,37.38904951,174.43
5490.73,55.79976440,37.38904567,174.42
5491.73,55.79975568,37.38904182,174.42
5492.73,55.79974697,37.38903798,174.42
5493.73,55.79973825,37.38903413,174.41
5494.73,55.79972953,37.38903029,174.41
5495.73,55.79972082,37.38902644,174.40
5496.73,55.79971210,37.38902260,174.40
5497.73,55.79970339,37.38901875,174.40
5498.73,55.79969467,37.38901491,174.39
5499.73,55.79968595,37.38901106,174.39
5500.73,55.79967724,37.38900722,174.38
5501.73,55.79966852,37.38900337,174.38
5502.73,55.79965980,37.38899953,174.37
5503.73,55.79965109,37.38899568,174.37
5504.73,55.79964237,37.38899184,174.36
5505.73,55.79963365,37.38898799,174.36
5506.73,55.79962494,37.38898415,174.35
5507.73,55.79961622,37.38898030,174.35
5508.73,55.79960751,37.38897646,174.34
5509.73,55.79959879,37.38897261,174.34
5510.73,55.79959007,37.38896877,174.33
5511.73,55.79958136,37.38896492,174.33
5512.73,55.79957264,37.38896108,174.33
5513.73,55.79956392,37.38895723,174.32
5514.73,55.79955521,37.38895339,174.32
5515.73,55.79954649,37.38894954,174.31
5516.73,55.79953777,37.38894570,174.31
5517.73,55.79952906,37.38894185,174.30
5518.73,55.79952034,37.38893800,174.27
5519.73,55.79951163,37.38893416,174.22
5520.73,55.79950291,37.38893031,174.17
5521.73,55.79949419,37.38892647,174.13
5522.73,55.79948548,37.38892262,174.08
5523.73,55.79947676,37.38891878,174.03
5524.73,55.79946804,37.38891493,173.98
5525.73,55.79945933,37.38891109,173.94
5526.73,55.79945061,37.38890724,173.89
5527.73,55.79944189,37.38890340,173.85
5528.73,55.79943318,37.38889955,173.80
5529.73,55.79942446,37.38889570,173.76
5530.09,55.79942591,37.38890087,173.71
5531.09,55.79943257,37.38891156,173.67
5532.09,55.79943911,37.38892249,173.63
5533.09,55.79944561,37.38893348,173.59
5534.09,55.79945215,37.38894441,173.55
5535.09,55.79945865,37.38895542,173.50
5536.09,55.79946512,37.38896648,173.46
5537.09,55.79947157,37.38897758,173.42
5538.09,55.79947797,37.38898875,173.37
5539.09,55.79948433,37.38900001,173.33
5540.09,55.79949078,37.38901111,173.29
5541.09,55.79949719,37.38902227,173.25
5542.09,55.79950372,37.38903323,173.21
5543.09,55.79951036,37.38904396,173.21
5544.09,55.79951670,37.38905524,173.24
5545.09,55.79952305,37.38906650,173.29
5546.09,55.79952954,37.38907753,173.34
5547.09,55.79953601,37.38908858,173.38
5548.09,55.79954253,37.38909955,173.43
5549.09,55.79954906,37.38911050,173.48
5550.09,55.79955555,37.38912152,173.52
5551.09,55.79956203,37.38913256,173.57
5552.09,55.79956849,37.38914365,173.61
5553.09,55.79957495,37.38915472,173.66
5554.09,55.79958141,37.38916580,173.70
5555.09,55.79958773,37.38917713,173.74
5556.09,55.79959394,37.38918865,173.79
5557.09,55.79960031,37.38919988,173.83
5558.09,55.79960682,37.38921086,173.87
5559.09,55.79961333,37.38922186,173.92
5560.09,55.79961982,37.38923287,173.96
5561.09,55.79962632,37.38924388,174.01
5562.09,55.79963279,37.38925493,174.05
5563.09,55.79963925,37.38926602,174.10
5564.09,55.79964568,37.38927714,174.14
5565.09,55.79965213,37.38928824,174.19
5566.09,55.79965858,37.38929935,174.23
5567.09,55.79966508,37.38931035,174.28
5568.09,55.79967164,37.38932124,174.31
5569.09,55.79967819,37.38933215,174.32
5570.09,55.79968468,37.38934317,174.32
5571.09,55.79969114,37.38935424,174.32
5572.09,55.79969761,37.38936531,174.32
5573.09,55.79970411,37.38937631,174.32
5574.09,55.79971062,37.38938729,174.32
5575.09,55.79971713,37.38939828,174.33
5576.09,55.79972359,37.38940935,174.33
5577.09,55.79973002,37.38942049,174.33
5578.09,55.79973643,37.38943164,174.33
5579.09,55.79974287,37.38944277,174.33
5580.09,55.79974933,37.38945384,174.33
5581.09,55.79975581,37.38946489,174.33
5582.09,55.79976226,37.38947597,174.33
5583.09,55.79976869,37.38948712,174.33
5584.09,55.79977507,37.38949834,174.33
5585.09,55.79978145,37.38950956,174.33
5586.09,55.79978786,37.38952073,174.33
5587.09,55.79979431,37.38953182,174.34
5588.09,55.79980070,37.38954303,174.34
5589.09,55.79980712,37.38955418,174.34
5590.09,55.79981355,37.38956531,174.34
5591.09,55.79981993,37.38957653,174.34
5592.09,55.79982623,37.38958789,174.34
5593.09,55.79983250,37.38959932,174.35
5594.09,55.79983875,37.38961076,174.35
5595.09,55.79984496,37.38962227,174.35
5596.09,55.79985133,37.38963352,174.35
5597.09,55.79985792,37.38964434,174.36
5598.09,55.79986463,37.38965494,174.36
5599.09,55.79987142,37.38966538,174.36
5600.09,55.79987830,37.38967563,174.37
5601.09,55.79988527,37.38968569,174.37
5602.09,55.79989233,37.38969555,174.38
5603.09,55.79989950,37.38970514,174.38
5604.09,55.79990678,37.38971449,174.39
5605.09,55.79991420,37.38972345,174.39
5606.09,55.79992180,37.38973196,174.40
5607.09,55.79992956,37.38973997,174.40
5608.09,55.79993743,37.38974765,174.41
5609.09,55.79994535,37.38975519,174.41
5610.09,55.79995331,37.38976257,174.41
5611.09,55.79996132,37.38976975,174.41
5612.09,55.79996936,37.38977688,174.41
5613.09,55.79997741,37.38978396,174.41
5614.09,55.79998545,37.38979106,174.42
5615.09,55.79999333,37.38979868,174.42
5616.09,55.80000111,37.38980665,174.42
5617.09,55.80000876,37.38981501,174.42
5618.09,55.80001634,37.38982356,174.43
5619.09,55.80002379,37.38983246,174.43
5620.09,55.80003117,37.38984154,174.43
5621.09,55.80003842,37.38985095,174.44
5622.09,55.80004560,37.38986053,174.44
5623.08,55.80005268,37.38987035,174.44
5624.08,55.80005951,37.38988069,174.44
5625.08,55.80006617,37.38989138,174.44
5626.08,55.80007269,37.38990236,174.45
5627.08,55.80007903,37.38991364,174.45
5628.08,55.80008537,37.38992494,174.45
5629.08,55.80009177,37.38993613,174.45
5630.08,55.80009815,37.38994735,174.45
5631.08,55.80010461,37.38995842,174.45
5632.08,55.80011115,37.38996936,174.46
5633.08,55.80011771,37.38998024,174.46
5634.08,55.80012426,37.38999115,174.46
5635.08,55.80013079,37.39000209,174.47
5636.08,55.80013734,37.39001301,174.48
5637.08,55.80014379,37.39002411,174.48
5638.08,55.80015012,37.39003541,174.49
5639.08,55.80015654,37.39004657,174.50
5640.08,55.80016290,37.39005783,174.50
5641.08,55.80016922,37.39006915,174.51
5642.08,55.80017561,37.39008036,174.51
5643.08,55.80018205,37.39009146,174.52
5644.08,55.80018855,37.39010248,174.53
5645.08,55.80019505,37.39011347,174.53
5646.08,55.80020158,37.39012442,174.53
5647.08,55.80020809,37.39013541,174.54
5648.08,55.80021464,37.39014632,174.54
5649.08,55.80022122,37.39015717,174.55
5650.08,55.80022782,37.39016798,174.55
5651.08,55.80023447,37.39017871,174.56
5652.08,55.80024114,37.39018938,174.56
5653.08,55.80024786,37.39019995,174.57
5654.08,55.80025463,37.39021044,174.57
5655.08,55.80026136,37.39022099,174.58
5656.08,55.80026799,37.39023175,174.59
5657.08,55.80027458,37.39024257,174.59
5658.08,55.80028111,37.39025353,174.60
5659.08,55.80028735,37.39026499,174.61
5660.08,55.80029335,37.39027685,174.61
5661.08,55.80029908,37.39028912,174.62
5662.08,55.80030457,37.39030175,174.62
5663.08,55.80030982,37.39031468,174.63
5664.08,55.80031478,37.39032796,174.63
5665.08,55.80031940,37.39034164,174.64
5666.08,55.80032357,37.39035575,174.64
5667.08,55.80032739,37.39037018,174.65
5668.08,55.80033088,37.39038486,174.65
5669.08,55.80033427,37.39039964,174.66
5670.08,55.80033750,37.39041451,174.66
5671.08,55.80034064,37.39042945,174.67
5672.08,55.80034366,37.39044446,174.67
5673.08,55.80034649,37.39045960,174.68
5674.08,55.80034911,37.39047485,174.68
5675.08,55.80035147,37.39049023,174.69
5676.08,55.80035367,37.39050569,174.70
5677.08,55.80035572,37.39052121,174.70
5678.08,55.80035762,37.39053679,174.71
5679.08,55.80035926,37.39055247,174.71
5680.08,55.80036063,37.39056823,174.72
5681.08,55.80036171,37.39058405,174.73
5682.08,55.80036265,37.39059991,174.73
5683.08,55.80036356,37.39061577,174.74
5684.08,55.80036445,37.39063164,174.74
5685.08,55.80036514,37.39064754,174.75
5686.08,55.80036553,37.39066346,174.76
5687.08,55.80036566,37.39067941,174.77
5688.08,55.80036557,37.39069535,174.77
5689.08,55.80036532,37.39071129,174.78
5690.08,55.80036495,37.39072722,174.79
5691.08,55.80036447,37.39074314,174.79
5692.08,55.80036373,37.39075903,174.80
5693.08,55.80036270,37.39077487,174.81
5694.08,55.80036139,37.39079064,174.81
5695.08,55.80035978,37.39080632,174.82
5696.08,55.80035798,37.39082195,174.83
5697.08,55.80035605,37.39083752,174.84
5698.08,55.80035386,37.39085298,174.85
5699.08,55.80035139,37.39086831,174.86
5700.08,55.80034865,37.39088349,174.87
5701.08,55.80034569,37.39089855,174.88
5702.08,55.80034268,37.39091357,174.89
5703.08,55.80033964,37.39092857,174.90
5704.08,55.80033663,37.39094359,174.91
5705.08,55.80033356,37.39095858,174.92
5706.08,55.80033044,37.39097353,174.94
5707.08,55.80032730,37.39098847,174.95
5708.08,55.80032411,37.39100338,174.96
5709.08,55.80032088,37.39101825,174.97
5710.08,55.80031766,37.39103314,174.98
5711.08,55.80031446,37.39104803,174.99
5712.08,55.80031126,37.39106293,175.00
5713.08,55.80030803,37.39107782,175.01
5714.08,55.80030481,37.39109270,175.02
5715.08,55.80030161,37.39110759,175.03
5716.08,55.80029844,37.39112252,175.04
5717.08,55.80029531,37.39113746,175.05
5718.08,55.80029217,37.39115240,175.07
5719.08,55.80028905,37.39116735,175.08
5720.08,55.80028598,37.39118234,175.09
5721.08,55.80028289,37.39119731,175.10
5722.08,55.80027978,37.39121227,175.12
5723.08,55.80027669,37.39122724,175.13
5724.08,55.80027354,37.39124217,175.14
5725.08,55.80027037,37.39125709,175.15
5726.08,55.80026722,37.39127203,175.17
5727.08,55.80026406,37.39128695,175.18
5728.08,55.80026085,37.39130184,175.19
5729.08,55.80025761,37.39131671,175.20
5730.08,55.80025439,37.39133160,175.22
5731.08,55.80025119,37.39134650,175.23
5732.08,55.80024800,37.39136140,175.24
5733.08,55.80024484,37.39137632,175.26
5734.08,55.80024171,37.39139127,175.27
5735.08,55.80023856,37.39140621,175.28
5736.08,55.80023536,37.39142111,175.30
5737.08,55.80023214,37.39143599,175.31
5738.08,55.80022894,37.39145089,175.33
5739.08,55.80022576,37.39146580,175.34
5740.08,55.80022259,37.39148072,175.36
5741.08,55.80021946,37.39149566,175.37
5742.08,55.80021626,37.39151056,175.39
5743.08,55.80021303,37.39152544,175.40
5744.08,55.80020985,37.39154035,175.42
5745.08,55.80020667,37.39155527,175.43
5746.08,55.80020348,37.39157017,175.45
5747.08,55.80020031,37.39158509,175.46
5748.08,55.80019715,37.39160001,175.48
5749.08,55.80019397,37.39161492,175.50
5750.08,55.80019080,37.39162985,175.51
5751.08,55.80018762,37.39164476,175.53
5752.08,55.80018445,37.39165968,175.55
5753.08,55.80018132,37.39167462,175.56
5754.08,55.80017818,37.39168956,175.58
5755.08,55.80017504,37.39170449,175.59
5756.08,55.80017188,37.39171942,175.61
5757.08,55.80016872,37.39173435,175.62
5758.08,55.80016557,37.39174928,175.63
5759.08,55.80016251,37.39176427,175.65
5760.08,55.80015936,37.39177920,175.66
5761.08,55.80015621,37.39179414,175.67
5762.08,55.80015310,37.39180909,175.68
5763.08,55.80014992,37.39182400,175.70
5764.08,55.80014673,37.39183891,175.71
5765.08,55.80014355,37.39185382,175.72
5766.08,55.80014047,37.39186880,175.73
5767.08,55.80013735,37.39188375,175.74
5768.08,55.80013415,37.39189865,175.75
5769.08,55.80013095,37.39191355,175.76
5770.08,55.80012776,37.39192846,175.77
5771.08,55.80012456,37.39194335,175.77
5772.08,55.80012136,37.39195825,175.78
5773.08,55.80011814,37.39197313,175.79
5774.08,55.80011492,37.39198802,175.80
5775.08,55.80011170,37.39200290,175.80
5776.08,55.80010850,37.39201780,175.81
5777.08,55.80010530,37.39203270,175.81
5778.08,55.80010215,37.39204763,175.82
5779.08,55.80009898,37.39206256,175.82
5780.08,55.80009582,37.39207748,175.83
5781.08,55.80009263,37.39209238,175.83
5782.08,55.80008946,37.39210730,175.84
5783.08,55.80008631,37.39212223,175.84
5784.08,55.80008312,37.39213714,175.85
5785.08,55.80007994,37.39215205,175.85
5786.08,55.80007680,37.39216699,175.86
5787.08,55.80007369,37.39218195,175.87
5788.08,55.80007050,37.39219685,175.87
5789.08,55.80006730,37.39221175,175.88
5790.08,55.80006410,37.39222665,175.88
5791.08,55.80006088,37.39224153,175.89
5792.08,55.80005766,37.39225642,175.89
5793.08,55.80005447,37.39227132,175.89
5794.08,55.80005130,37.39228624,175.90
5795.08,55.80004813,37.39230116,175.90
5796.08,55.80004492,37.39231606,175.91
5797.08,55.80004175,37.39233098,175.91
5798.08,55.80003861,37.39234591,175.92
5799.08,55.80003544,37.39236083,175.92
5800.08,55.80003227,37.39237575,175.93
5801.08,55.80002909,37.39239066,175.93
5802.08,55.80002589,37.39240556,175.94
5803.08,55.80002272,37.39242047,175.94
5804.08,55.80001958,37.39243542,175.95
5805.08,55.80001645,37.39245036,175.95
5806.08,55.80001332,37.39246531,175.96
5807.08,55.80001019,37.39248025,175.96
5808.08,55.80000703,37.39249518,175.97
5809.08,55.80000384,37.39251008,175.97
5810.08,55.80000069,37.39252502,175.98
5811.08,55.79999755,37.39253995,175.98
5812.08,55.79999431,37.39255482,175.99
5813.08,55.79999109,37.39256971,176.00
5814.08,55.79998788,37.39258460,176.00
5815.08,55.79998470,37.39259951,176.01
5816.08,55.79998153,37.39261443,176.01
5817.08,55.79997835,37.39262934,176.02
5818.08,55.79997514,37.39264424,176.02
5819.08,55.79997196,37.39265914,176.03
5820.08,55.79996878,37.39267406,176.03
5821.08,55.79996564,37.39268900,176.04
5822.08,55.79996252,37.39270395,176.04
5823.08,55.79995939,37.39271889,176.05
5824.08,55.79995624,37.39273382,176.05
5825.08,55.79995306,37.39274873,176.06
5826.08,55.79994988,37.39276365,176.06
5827.08,55.79994669,37.39277855,176.07
5828.08,55.79994351,37.39279347,176.07
5829.08,55.79994034,37.39280838,176.08
5830.08,55.79993717,37.39282331,176.08
5831.08,55.79993403,37.39283824,176.09
5832.08,55.79993090,37.39285319,176.10
5833.08,55.79992777,37.39286814,176.10
5834.08,55.79992465,37.39288308,176.11
5835.08,55.79992152,37.39289803,176.11
5836.08,55.79991839,37.39291298,176.11
5837.08,55.79991522,37.39292790,176.12
5838.08,55.79991203,37.39294280,176.12
5839.08,55.79990882,37.39295769,176.13
5840.08,55.79990558,37.39297256,176.13
5841.08,55.79990239,37.39298746,176.14
5842.08,55.79989922,37.39300239,176.14
5843.08,55.79989605,37.39301730,176.15
5844.08,55.79989287,37.39303222,176.15
5845.08,55.79988971,37.39304714,176.16
5846.08,55.79988656,37.39306208,176.16
5847.08,55.79988343,37.39307702,176.17
5848.08,55.79988033,37.39309198,176.17
5849.08,55.79987723,37.39310695,176.18
5850.08,55.79987415,37.39312192,176.18
5851.08,55.79987106,37.39313690,176.19
5852.08,55.79986793,37.39315184,176.19
5853.08,55.79986473,37.39316674,176.20
5854.08,55.79986154,37.39318165,176.20
5855.08,55.79985834,37.39319654,176.21
5856.08,55.79985514,37.39321144,176.21
5857.08,55.79985190,37.39322632,176.22
5858.08,55.79984868,37.39324120,176.22
5859.08,55.79984545,37.39325608,176.23
5860.08,55.79984222,37.39327096,176.23
5861.08,55.79983900,37.39328584,176.24
5862.08,55.79983578,37.39330072,176.24
5863.08,55.79983257,37.39331562,176.25
5864.08,55.79982937,37.39333052,176.25
5865.08,55.79982619,37.39334543,176.26
5866.08,55.79982303,37.39336035,176.26
5867.08,55.79981989,37.39337529,176.27
5868.08,55.79981680,37.39339026,176.27
5869.08,55.79981368,37.39340522,176.28
5870.08,55.79981055,37.39342016,176.28
5871.08,55.79980740,37.39343509,176.29
5872.08,55.79980423,37.39345001,176.30
5873.08,55.79980105,37.39346492,176.30
5874.08,55.79979787,37.39347983,176.31
5875.08,55.79979467,37.39349473,176.31
5876.08,55.79979145,37.39350961,176.32
5877.08,55.79978821,37.39352449,176.32
5878.08,55.79978500,37.39353938,176.33
5879.08,55.79978179,37.39355427,176.33
5880.08,55.79977862,37.39356919,176.34
5881.08,55.79977551,37.39358414,176.34
5882.08,55.79977237,37.39359909,176.35
5883.08,55.79976924,37.39361403,176.36
5884.08,55.79976609,37.39362897,176.36
5885.08,55.79976292,37.39364388,176.37
5886.08,55.79975972,37.39365878,176.37
5887.08,55.79975652,37.39367368,176.38
5888.08,55.79975330,37.39368856,176.38
5889.08,55.79975009,37.39370345,176.39
5890.08,55.79974688,37.39371835,176.39
5891.08,55.79974369,37.39373325,176.40
5892.08,55.79974051,37.39374816,176.40
5893.08,55.79973733,37.39376307,176.41
5894.08,55.79973418,37.39377801,176.41
5895.08,55.79973103,37.39379294,176.42
5896.08,55.79972788,37.39380787,176.42
5897.08,55.79972473,37.39382280,176.43
5898.08,55.79972153,37.39383770,176.43
5899.08,55.79971831,37.39385259,176.44
5900.08,55.79971509,37.39386747,176.44
5901.08,55.79971187,37.39388236,176.45
5902.08,55.79970868,37.39389726,176.45
5903.08,55.79970556,37.39391221,176.45
5904.08,55.79970241,37.39392715,176.46
5905.08,55.79969927,37.39394208,176.46
5906.08,55.79969610,37.39395700,176.47
5907.08,55.79969298,37.39397195,176.47
5908.08,55.79968982,37.39398688,176.48
5909.08,55.79968664,37.39400179,176.48
5910.08,55.79968346,37.39401670,176.49
5911.08,55.79968024,37.39403159,176.49
5912.08,55.79967701,37.39404646,176.49
5913.08,55.79967378,37.39406134,176.50
5914.08,55.79967056,37.39407623,176.50
5915.08,55.79966734,37.39409111,176.51
5916.08,55.79966416,37.39410602,176.51
5917.08,55.79966106,37.39412099,176.52
5918.08,55.79965795,37.39413595,176.52
5919.08,55.79965486,37.39415091,176.52
5920.08,55.79965176,37.39416588,176.53
5921.08,55.79964864,37.39418083,176.53
5922.08,55.79964552,37.39419578,176.54
5923.08,55.79964237,37.39421072,176.54
5924.08,55.79963916,37.39422561,176.55
5925.08,55.79963592,37.39424048,176.55
5926.08,55.79963263,37.39425531,176.55
5927.08,55.79962939,37.39427018,176.56
5928.08,55.79962619,37.39428508,176.56
5929.08,55.79962301,37.39429999,176.57
5930.08,55.79961982,37.39431490,176.57
5931.08,55.79961662,37.39432980,176.57
5932.08,55.79961342,37.39434470,176.58
5933.08,55.79961025,37.39435962,176.58
5934.08,55.79960708,37.39437453,176.58
5935.08,55.79960387,37.39438943,176.58
5936.08,55.79960070,37.39440434,176.59
5937.08,55.79959756,37.39441928,176.59
5938.08,55.79959440,37.39443421,176.59
5939.08,55.79959125,37.39444914,176.60
5940.08,55.79958806,37.39446405,176.60
5941.08,55.79958486,37.39447895,176.60
5942.08,55.79958167,37.39449385,176.61
5943.08,55.79957847,37.39450875,176.61
5944.08,55.79957527,37.39452364,176.61
5945.08,55.79957211,37.39453857,176.61
5946.08,55.79956899,37.39455352,176.62
5947.08,55.79956585,37.39456846,176.62
5948.08,55.79956273,37.39458341,176.62
5949.08,55.79955956,37.39459833,176.62
5950.08,55.79955640,37.39461325,176.63
5951.08,55.79955323,37.39462817,176.63
5952.08,55.79955006,37.39464309,176.63
5953.08,55.79954688,37.39465800,176.63
5954.08,55.79954370,37.39467292,176.64
5955.08,55.79954051,37.39468782,176.64
5956.08,55.79953730,37.39470272,176.64
5957.08,55.79953411,37.39471762,176.64
5958.08,55.79953092,37.39473252,176.65
5959.08,55.79952778,37.39474746,176.65
5960.08,55.79952465,37.39476240,176.65
5961.08,55.79952148,37.39477732,176.65
5962.08,55.79951828,37.39479222,176.66
5963.08,55.79951511,37.39480714,176.66
5964.08,55.79951194,37.39482206,176.66
5965.08,55.79950878,37.39483699,176.66
5966.08,55.79950560,37.39485190,176.67
5967.08,55.79950241,37.39486680,176.67
5968.08,55.79949921,37.39488170,176.67
5969.08,55.79949606,37.39489663,176.67
5970.08,55.79949296,37.39491160,176.67
5971.08,55.79948976,37.39492649,176.67
5972.08,55.79948654,37.39494138,176.67
5973.08,55.79948344,37.39495634,176.68
5974.08,55.79948034,37.39497131,176.68
5975.08,55.79947716,37.39498622,176.68
5976.08,55.79947397,37.39500113,176.68
5977.08,55.79947082,37.39501606,176.68
5978.08,55.79946762,37.39503095,176.68
5979.08,55.79946459,37.39504596,176.68
5980.08,55.79946150,37.39506093,176.69
5981.08,55.79945837,37.39507588,176.69
5982.08,55.79945517,37.39509078,176.69
5983.08,55.79945207,37.39510574,176.69
5984.08,55.79944896,37.39512069,176.69
5985.08,55.79944572,37.39513557,176.69
5986.08,55.79944251,37.39515046,176.69
5987.08,55.79943932,37.39516536,176.69
5988.08,55.79943611,37.39518025,176.69
5989.08,55.79943286,37.39519512,176.69
5990.08,55.79942959,37.39520997,176.69
5991.08,55.79942635,37.39522484,176.70
5992.08,55.79942314,37.39523973,176.70
5993.08,55.79941998,37.39525466,176.70
5994.08,55.79941681,37.39526957,176.70
5995.08,55.79941360,37.39528446,176.70
5996.08,55.79941038,37.39529935,176.70
5997.08,55.79940718,37.39531425,176.70
5998.08,55.79940401,37.39532917,176.70
5999.08,55.79940082,37.39534407,176.70
6000.08,55.79939764,37.39535898,176.70
6001.08,55.79939447,37.39537390,176.70
6002.08,55.79939133,37.39538884,176.70
6003.08,55.79938819,37.39540378,176.71
6004.08,55.79938503,37.39541870,176.71
6005.08,55.79938184,37.39543361,176.71
6006.08,55.79937867,37.39544853,176.71
6007.08,55.79937551,37.39546345,176.71
6008.08,55.79937236,37.39547838,176.71
6009.08,55.79936918,37.39549329,176.71
6010.08,55.79936599,37.39550820,176.71
6011.08,55.79936278,37.39552309,176.71
6012.08,55.79935962,37.39553802,176.71
6013.08,55.79935651,37.39555297,176.71
6014.08,55.79935334,37.39556789,176.71
6015.08,55.79935017,37.39558281,176.72
6016.08,55.79934698,37.39559771,176.72
6017.08,55.79934371,37.39561256,176.72
6018.08,55.79934046,37.39562743,176.72
6019.08,55.79933726,37.39564233,176.72
6020.08,55.79933408,37.39565724,176.72
6021.08,55.79933093,37.39567217,176.72
6022.08,55.79932780,37.39568711,176.71
6023.08,55.79932470,37.39570208,176.71
6024.08,55.79932162,37.39571705,176.71
6025.08,55.79931852,37.39573202,176.71
6026.08,55.79931538,37.39574696,176.71
6027.08,55.79931220,37.39576187,176.71
6028.08,55.79930898,37.39577675,176.71
6029.08,55.79930571,37.39579161,176.71
6030.08,55.79930244,37.39580646,176.70
6031.08,55.79929920,37.39582133,176.70
6032.08,55.79929600,37.39583622,176.70
6033.08,55.79929283,37.39585114,176.70
6034.08,55.79928968,37.39586607,176.70
6035.08,55.79928650,37.39588098,176.70
6036.08,55.79928332,37.39589590,176.69
6037.08,55.79928015,37.39591082,176.69
6038.08,55.79927699,37.39592574,176.69
6039.08,55.79927382,37.39594066,176.69
6040.08,55.79927067,37.39595559,176.68
6041.08,55.79926754,37.39597053,176.68
6042.08,55.79926440,37.39598548,176.68
6043.08,55.79926125,37.39600041,176.68
6044.08,55.79925810,37.39601534,176.67
6045.08,55.79925491,37.39603024,176.67
6046.08,55.79925173,37.39604515,176.67
6047.08,55.79924854,37.39606006,176.66
6048.08,55.79924536,37.39607497,176.66
6049.08,55.79924221,37.39608990,176.66
6050.08,55.79923908,37.39610485,176.66
6051.08,55.79923593,37.39611978,176.65
6052.08,55.79923279,37.39613471,176.65
6053.08,55.79922964,37.39614965,176.65
6054.08,55.79922650,37.39616459,176.64
6055.08,55.79922334,37.39617951,176.64
6056.08,55.79922015,37.39619441,176.64
6057.08,55.79921696,37.39620932,176.64
6058.08,55.79921376,37.39622422,176.63
6059.08,55.79921056,37.39623912,176.63
6060.08,55.79920737,37.39625402,176.62
6061.08,55.79920421,37.39626895,176.62
6062.08,55.79920112,37.39628392,176.62
6063.08,55.79919806,37.39629891,176.61
6064.08,55.79919504,37.39631392,176.61
6065.08,55.79919202,37.39632894,176.60
6066.08,55.79918898,37.39634394,176.60
6067.08,55.79918590,37.39635892,176.60
6068.08,55.79918276,37.39637386,176.59
6069.08,55.79917959,37.39638878,176.59
6070.08,55.79917639,37.39640367,176.58
6071.08,55.79917314,37.39641854,176.58
6072.08,55.79916992,37.39643342,176.58
6073.08,55.79916672,37.39644832,176.57
6074.08,55.79916352,37.39646322,176.57
6075.08,55.79916032,37.39647812,176.57
6076.08,55.79915712,37.39649302,176.56
6077.08,55.79915397,37.39650795,176.56
6078.08,55.79915080,37.39652287,176.55
6079.08,55.79914763,37.39653778,176.55
6080.08,55.79914446,37.39655270,176.54
6081.08,55.79914129,37.39656762,176.54
6082.08,55.79913812,37.39658254,176.53
6083.08,55.79913496,37.39659747,176.52
6084.08,55.79913179,37.39661239,176.52
6085.08,55.79912862,37.39662730,176.51
6086.08,55.79912543,37.39664221,176.50
6087.08,55.79912221,37.39665709,176.50
6088.08,55.79911897,37.39667196,176.49
6089.08,55.79911566,37.39668679,176.48
6090.08,55.79911235,37.39670161,176.48
6091.08,55.79910901,37.39671640,176.47
6092.08,55.79910566,37.39673120,176.47
6093.08,55.79910233,37.39674601,176.46
6094.08,55.79909903,37.39676084,176.46
6095.08,55.79909577,37.39677570,176.45
6096.08,55.79909254,37.39679057,176.45
6097.08,55.79908933,37.39680546,176.44
6098.08,55.79908618,37.39682040,176.43
6099.08,55.79908305,37.39683534,176.43
6100.08,55.79908005,37.39685036,176.42
6101.08,55.79907703,37.39686538,176.42
6102.08,55.79907398,37.39688038,176.41
6103.08,55.79907096,37.39689539,176.41
6104.08,55.79906796,37.39691042,176.40
6105.08,55.79906502,37.39692549,176.40
6106.08,55.79906209,37.39694056,176.39
6107.08,55.79905919,37.39695565,176.38
6108.08,55.79905630,37.39697075,176.38
6109.08,55.79905342,37.39698585,176.37
6110.08,55.79905056,37.39700097,176.37
6111.08,55.79904772,37.39701609,176.36
6112.08,55.79904493,37.39703124,176.36
6113.08,55.79904214,37.39704640,176.35
6114.08,55.79903937,37.39706157,176.35
6115.08,55.79903660,37.39707674,176.34
6116.08,55.79903384,37.39709191,176.33
6117.08,55.79903114,37.39710711,176.32
6118.08,55.79902845,37.39712233,176.31
6119.08,55.79902578,37.39713755,176.30
6120.08,55.79902315,37.39715280,176.29
6121.08,55.79902058,37.39716807,176.28
6122.08,55.79901808,37.39718338,176.27
6123.08,55.79901562,37.39719872,176.26
6124.08,55.79901326,37.39721410,176.25
6125.08,55.79901088,37.39722948,176.24
6126.08,55.79900849,37.39724485,176.23
6127.08,55.79900612,37.39726023,176.22
6128.08,55.79900376,37.39727561,176.21
6129.08,55.79900147,37.39729103,176.20
6130.08,55.79899924,37.39730648,176.19
6131.08,55.79899712,37.39732197,176.18
6132.08,55.79899499,37.39733746,176.17
6133.08,55.79899288,37.39735296,176.16
6134.08,55.79899081,37.39736847,176.15
6135.08,55.79898880,37.39738401,176.14
6136.08,55.79898684,37.39739957,176.13
6137.08,55.79898491,37.39741514,176.13
6138.08,55.79898303,37.39743073,176.12
6139.08,55.79898116,37.39744633,176.11
6140.08,55.79897930,37.39746193,176.10
6141.08,55.79897750,37.39747755,176.09
6142.08,55.79897572,37.39749318,176.09
6143.08,55.79897402,37.39750883,176.08
6144.08,55.79897232,37.39752449,176.07
6145.08,55.79897065,37.39754015,176.06
6146.08,55.79896900,37.39755582,176.06
6147.08,55.79896734,37.39757150,176.05
6148.08,55.79896572,37.39758718,176.04
6149.08,55.79896412,37.39760287,176.04
6150.08,55.79896255,37.39761857,176.03
6151.08,55.79896095,37.39763425,176.03
6152.08,55.79895934,37.39764994,176.02
6153.08,55.79895778,37.39766564,176.02
6154.08,55.79895623,37.39768135,176.01
6155.08,55.79895472,37.39769707,176.01
6156.08,55.79895327,37.39771280,176.00
6157.08,55.79895185,37.39772854,176.00
6158.08,55.79895046,37.39774430,175.99
6159.08,55.79894906,37.39776005,175.99
6160.08,55.79894773,37.39777582,175.98
6161.08,55.79894644,37.39779159,175.98
6162.08,55.79894516,37.39780738,175.97
6163.08,55.79894390,37.39782316,175.97
6164.08,55.79894261,37.39783894,175.96
6165.08,55.79894130,37.39785471,175.96
6166.08,55.79894007,37.39787051,175.95
6167.08,55.79893893,37.39788632,175.94
6168.08,55.79893792,37.39790217,175.94
6169.08,55.79893690,37.39791801,175.93
6170.08,55.79893588,37.39793385,175.93
6171.08,55.79893489,37.39794970,175.92
6172.08,55.79893398,37.39796556,175.92
6173.08,55.79893318,37.39798144,175.91
6174.08,55.79893240,37.39799732,175.90
6175.08,55.79893165,37.39801321,175.90
6176.08,55.79893088,37.39802910,175.89
6177.08,55.79893010,37.39804498,175.88
6178.08,55.79892936,37.39806087,175.88
6179.08,55.79892865,37.39807676,175.87
6180.08,55.79892800,37.39809267,175.86
6181.08,55.79892736,37.39810857,175.85
6182.08,55.79892674,37.39812448,175.84
6183.08,55.79892618,37.39814039,175.83
6184.08,55.79892568,37.39815631,175.82
6185.08,55.79892529,37.39817224,175.81
6186.08,55.79892491,37.39818817,175.80
6187.08,55.79892457,37.39820410,175.79
6188.08,55.79892425,37.39822004,175.78
6189.08,55.79892397,37.39823597,175.77
6190.08,55.79892373,37.39825191,175.76
6191.08,55.79892353,37.39826785,175.75
6192.08,55.79892336,37.39828379,175.74
6193.08,55.79892323,37.39829973,175.73
6194.08,55.79892310,37.39831568,175.72
6195.08,55.79892298,37.39833162,175.71
6196.08,55.79892286,37.39834756,175.70
6197.08,55.79892275,37.39836351,175.69
6198.08,55.79892266,37.39837945,175.69
6199.08,55.79892258,37.39839539,175.68
6200.08,55.79892253,37.39841134,175.67
6201.08,55.79892251,37.39842728,175.66
6202.08,55.79892249,37.39844323,175.65
6203.08,55.79892246,37.39845917,175.64
6204.08,55.79892243,37.39847511,175.63
6205.08,55.79892242,37.39849106,175.62
6206.08,55.79892245,37.39850700,175.61
6207.08,55.79892249,37.39852295,175.60
6208.08,55.79892256,37.39853889,175.59
6209.08,55.79892265,37.39855483,175.59
6210.08,55.79892277,37.39857078,175.58
6211.08,55.79892292,37.39858672,175.57
6212.08,55.79892311,37.39860266,175.57
6213.08,55.79892337,37.39861860,175.56
6214.08,55.79892361,37.39863454,175.56
6215.08,55.79892385,37.39865047,175.55
6216.08,55.79892409,37.39866641,175.55
6217.08,55.79892431,37.39868235,175.54
6218.08,55.79892455,37.39869829,175.54
6219.08,55.79892486,37.39871423,175.53
6220.08,55.79892520,37.39873016,175.52
6221.08,55.79892556,37.39874609,175.52
6222.08,55.79892596,37.39876202,175.51
6223.08,55.79892639,37.39877794,175.51
6224.08,55.79892690,37.39879386,175.50
6225.08,55.79892742,37.39880978,175.49
6226.08,55.79892801,37.39882569,175.48
6227.08,55.79892857,37.39884160,175.47
6228.08,55.79892914,37.39885751,175.47
6229.08,55.79892974,37.39887342,175.46
6230.08,55.79893039,37.39888933,175.45
6231.08,55.79893111,37.39890522,175.44
6232.08,55.79893191,37.39892110,175.43
6233.08,55.79893275,37.39893697,175.43
6234.08,55.79893361,37.39895285,175.42
6235.08,55.79893448,37.39896872,175.41
6236.08,55.79893537,37.39898458,175.40
6237.08,55.79893638,37.39900042,175.38
6238.08,55.79893737,37.39901627,175.37
6239.08,55.79893837,37.39903212,175.36
6240.08,55.79893937,37.39904796,175.35
6241.08,55.79894044,37.39906379,175.34
6242.08,55.79894153,37.39907962,175.32
6243.08,55.79894265,37.39909544,175.31
6244.08,55.79894378,37.39911125,175.30
6245.08,55.79894490,37.39912707,175.29
6246.08,55.79894602,37.39914289,175.28
6247.08,55.79894716,37.39915871,175.27
6248.08,55.79894832,37.39917452,175.26
6249.08,55.79894952,37.39919032,175.25
6250.08,55.79895073,37.39920612,175.24
6251.08,55.79895196,37.39922191,175.23
6252.08,55.79895324,37.39923770,175.22
6253.08,55.79895457,37.39925346,175.21
6254.08,55.79895595,37.39926922,175.20
6255.08,55.79895738,37.39928496,175.19
6256.08,55.79895880,37.39930070,175.18
6257.08,55.79896019,37.39931646,175.16
6258.08,55.79896156,37.39933221,175.15
6259.08,55.79896288,37.39934798,175.14
6260.08,55.79896417,37.39936376,175.13
6261.08,55.79896539,37.39937956,175.12
6262.08,55.79896659,37.39939536,175.11
6263.08,55.79896783,37.39941115,175.10
6264.08,55.79896907,37.39942694,175.09
6265.08,55.79897032,37.39944273,175.08
6266.08,55.79897156,37.39945852,175.08
6267.08,55.79897283,37.39947431,175.07
6268.08,55.79897412,37.39949009,175.06
6269.08,55.79897543,37.39950586,175.05
6270.08,55.79897676,37.39952163,175.04
6271.08,55.79897810,37.39953740,175.03
6272.08,55.79897945,37.39955316,175.02
6273.08,55.79898082,37.39956892,175.01
6274.08,55.79898216,37.39958468,175.00
6275.08,55.79898350,37.39960045,174.99
6276.08,55.79898482,37.39961622,174.98
6277.08,55.79898609,37.39963200,174.97
6278.08,55.79898736,37.39964779,174.96
6279.08,55.79898861,37.39966358,174.95
6280.08,55.79898984,37.39967937,174.94
6281.08,55.79899112,37.39969515,174.93
6282.08,55.79899241,37.39971093,174.92
6283.08,55.79899370,37.39972671,174.91
6284.08,55.79899500,37.39974249,174.90
6285.08,55.79899629,37.39975827,174.89
6286.08,55.79899753,37.39977406,174.88
6287.08,55.79899878,37.39978985,174.87
6288.08,55.79900002,37.39980564,174.86
6289.08,55.79900126,37.39982143,174.85
6290.08,55.79900252,37.39983722,174.84
6291.08,55.79900378,37.39985300,174.83
6292.08,55.79900506,37.39986878,174.82
6293.08,55.79900633,37.39988457,174.81
6294.08,55.79900763,37.39990035,174.80
6295.08,55.79900896,37.39991611,174.79
6296.08,55.79901030,37.39993188,174.78
6297.08,55.79901162,37.39994765,174.77
6298.08,55.79901292,37.39996343,174.76
6299.08,55.79901420,37.39997921,174.75
6300.08,55.79901543,37.39999500,174.74
6301.08,55.79901668,37.40001079,174.73
6302.08,55.79901794,37.40002658,174.72
6303.08,55.79901921,37.40004236,174.71
6304.08,55.79902054,37.40005813,174.70
6305.08,55.79902189,37.40007389,174.69
6306.08,55.79902323,37.40008966,174.68
6307.08,55.79902457,37.40010543,174.67
6308.08,55.79902589,37.40012120,174.67
6309.08,55.79902718,37.40013698,174.66
6310.08,55.79902844,37.40015276,174.65
6311.08,55.79902966,37.40016856,174.64
6312.08,55.79903089,37.40018435,174.63
6313.08,55.79903212,37.40020015,174.62
6314.08,55.79903337,37.40021594,174.61
6315.08,55.79903461,37.40023173,174.61
6316.08,55.79903586,37.40024752,174.60
6317.08,55.79903709,37.40026331,174.59
6318.08,55.79903832,37.40027910,174.58
6319.08,55.79903960,37.40029489,174.58
6320.08,55.79904090,37.40031066,174.57
6321.08,55.79904222,37.40032643,174.56
6322.08,55.79904356,37.40034220,174.56
6323.08,55.79904491,37.40035796,174.55
6324.08,55.79904627,37.40037372,174.54
6325.08,55.79904760,37.40038949,174.54
6326.08,55.79904891,37.40040527,174.53
6327.08,55.79905023,37.40042104,174.52
6328.08,55.79905157,37.40043680,174.51
6329.08,55.79905289,37.40045257,174.50
6330.08,55.79905422,37.40046834,174.49
6331.08,55.79905555,37.40048411,174.49
6332.08,55.79905685,37.40049989,174.48
6333.08,55.79905813,37.40051567,174.47
6334.08,55.79905936,37.40053146,174.46
6335.08,55.79906056,37.40054726,174.46
6336.08,55.79906174,37.40056307,174.45
6337.08,55.79906287,37.40057889,174.44
6338.08,55.79906410,37.40059468,174.43
6339.08,55.79906538,37.40061047,174.43
6340.08,55.79906668,37.40062624,174.42
6341.08,55.79906798,37.40064202,174.41
6342.08,55.79906928,37.40065779,174.40
6343.08,55.79907057,37.40067357,174.39
6344.08,55.79907186,37.40068935,174.38
6345.08,55.79907316,37.40070513,174.37
6346.08,55.79907445,37.40072091,174.37
6347.08,55.79907567,37.40073670,174.36
6348.08,55.79907694,37.40075249,174.35
6349.08,55.79907825,37.40076826,174.34
6350.08,55.79907959,37.40078403,174.33
6351.08,55.79908092,37.40079980,174.32
6352.08,55.79908219,37.40081558,174.32
6353.08,55.79908343,37.40083137,174.31
6354.08,55.79908467,37.40084716,174.30
6355.08,55.79908590,37.40086296,174.29
6356.08,55.79908716,37.40087874,174.28
6357.08,55.79908845,37.40089452,174.27
6358.08,55.79908972,37.40091031,174.26
6359.08,55.79909098,37.40092609,174.25
6360.08,55.79909221,37.40094189,174.24
6361.08,55.79909338,37.40095769,174.23
6362.08,55.79909456,37.40097350,174.22
6363.08,55.79909578,37.40098930,174.21
6364.08,55.79909705,37.40100508,174.21
6365.08,55.79909846,37.40102083,174.20
6366.08,55.79909983,37.40103658,174.19
6367.08,55.79910117,37.40105235,174.18
6368.08,55.79910248,37.40106813,174.17
6369.08,55.79910376,37.40108391,174.16
6370.08,55.79910511,37.40109967,174.15
6371.08,55.79910649,37.40111542,174.14
6372.08,55.79910786,37.40113118,174.13
6373.08,55.79910914,37.40114696,174.12
6374.08,55.79911033,37.40116277,174.11
6375.08,55.79911150,37.40117858,174.11
6376.08,55.79911264,37.40119439,174.10
6377.08,55.79911383,37.40121019,174.09
6378.08,55.79911517,37.40122596,174.08
6379.08,55.79911657,37.40124171,174.07
6380.08,55.79911785,37.40125749,174.06
6381.08,55.79911908,37.40127329,174.05
6382.08,55.79912033,37.40128907,174.04
6383.08,55.79912164,37.40130485,174.03
6384.08,55.79912295,37.40132062,174.02
6385.08,55.79912422,37.40133640,174.01
6386.08,55.79912549,37.40135219,174.00
6387.08,55.79912678,37.40136797,173.99
6388.08,55.79912800,37.40138376,173.98
6389.08,55.79912927,37.40139955,173.97
6390.08,55.79913051,37.40141534,173.96
6391.08,55.79913179,37.40143112,173.95
6392.08,55.79913306,37.40144691,173.94
6393.08,55.79913430,37.40146270,173.93
6394.08,55.79913555,37.40147849,173.93
6395.08,55.79913684,37.40149427,173.92
6396.08,55.79913815,37.40151004,173.91
6397.08,55.79913948,37.40152581,173.90
6398.08,55.79914078,37.40154158,173.89
6399.08,55.79914208,37.40155736,173.88
6400.08,55.79914333,37.40157315,173.87
6401.08,55.79914461,37.40158893,173.87
6402.08,55.79914593,37.40160470,173.86
6403.08,55.79914723,37.40162048,173.85
6404.08,55.79914849,37.40163627,173.84
6405.08,55.79914976,37.40165205,173.84
6406.08,55.79915103,37.40166783,173.83
6407.08,55.79915230,37.40168362,173.82
6408.08,55.79915353,37.40169941,173.82
6409.08,55.79915485,37.40171518,173.81
6410.08,55.79915614,37.40173096,173.80
6411.08,55.79915742,37.40174674,173.80
6412.08,55.79915872,37.40176252,173.79
6413.08,55.79916003,37.40177829,173.78
6414.08,55.79916134,37.40179407,173.78
6415.08,55.79916261,37.40180985,173.77
6416.08,55.79916393,37.40182562,173.76
6417.08,55.79916525,37.40184139,173.75
6418.08,55.79916654,37.40185717,173.75
6419.08,55.79916784,37.40187295,173.74
6420.08,55.79916913,37.40188873,173.74
6421.08,55.79917044,37.40190450,173.73
6422.08,55.79917175,37.40192028,173.72
6423.08,55.79917299,37.40193607,173.72
6424.08,55.79917417,37.40195187,173.71
6425.08,55.79917530,37.40196769,173.71
6426.08,55.79917650,37.40198349,173.70
6427.08,55.79917778,37.40199927,173.69
6428.08,55.79917908,37.40201505,173.69
6429.08,55.79918040,37.40203082,173.68
6430.08,55.79918174,37.40204659,173.67
6431.08,55.79918303,37.40206237,173.67
6432.08,55.79918434,37.40207814,173.66
6433.08,55.79918574,37.40209389,173.66
6434.08,55.79918705,37.40210966,173.65
6435.08,55.79918837,37.40212543,173.65
6436.08,55.79918970,37.40214120,173.64
6437.08,55.79919097,37.40215699,173.63
6438.08,55.79919222,37.40217278,173.63
6439.08,55.79919345,37.40218857,173.62
6440.08,55.79919465,37.40220437,173.62
6441.08,55.79919589,37.40222016,173.61
6442.08,55.79919716,37.40223595,173.60
6443.08,55.79919841,37.40225174,173.60
6444.08,55.79919964,37.40226753,173.59
6445.08,55.79920089,37.40228332,173.59
6446.08,55.79920217,37.40229910,173.58
6447.08,55.79920340,37.40231490,173.57
6448.08,55.79920461,37.40233069,173.57
6449.08,55.79920588,37.40234648,173.56
6450.08,55.79920720,37.40236225,173.55
6451.08,55.79920855,37.40237802,173.55
6452.08,55.79920991,37.40239377,173.54
6453.08,55.79921130,37.40240953,173.53
6454.08,55.79921271,37.40242527,173.53
6455.08,55.79921409,37.40244103,173.52
6456.08,55.79921546,37.40245679,173.51
6457.08,55.79921675,37.40247256,173.51
6458.08,55.79921783,37.40248839,173.50
6459.08,55.79921900,37.40250420,173.49
6460.08,55.79922026,37.40251999,173.49
6461.08,55.79922151,37.40253578,173.48
6462.08,55.79922276,37.40255156,173.47
6463.08,55.79922402,37.40256735,173.47
6464.08,55.79922531,37.40258313,173.46
6465.08,55.79922664,37.40259890,173.46
6466.08,55.79922801,37.40261466,173.45
6467.08,55.79922935,37.40263042,173.44
6468.08,55.79923069,37.40264619,173.44
6469.08,55.79923200,37.40266196,173.43
6470.08,55.79923326,37.40267775,173.42
6471.08,55.79923450,37.40269354,173.42
6472.08,55.79923569,37.40270934,173.41
6473.08,55.79923693,37.40272514,173.41
6474.08,55.79923819,37.40274092,173.40
6475.08,55.79923947,37.40275670,173.39
6476.08,55.79924076,37.40277248,173.39
6477.08,55.79924205,37.40278826,173.38
6478.08,55.79924334,37.40280404,173.38
6479.08,55.79924466,37.40281981,173.37
6480.08,55.79924601,37.40283558,173.36
6481.08,55.79924736,37.40285134,173.36
6482.08,55.79924870,37.40286711,173.35
6483.08,55.79925002,37.40288288,173.34
6484.08,55.79925134,37.40289865,173.34
6485.08,55.79925263,37.40291443,173.33
6486.08,55.79925389,37.40293021,173.33
6487.08,55.79925508,37.40294602,173.32
6488.08,55.79925630,37.40296181,173.32
6489.08,55.79925751,37.40297761,173.31
6490.08,55.79925873,37.40299341,173.30
6491.08,55.79925999,37.40300920,173.30
6492.08,55.79926126,37.40302498,173.29
6493.08,55.79926253,37.40304077,173.28
6494.08,55.79926379,37.40305655,173.28
6495.08,55.79926507,37.40307233,173.27
6496.08,55.79926638,37.40308811,173.27
6497.08,55.79926771,37.40310388,173.26
6498.08,55.79926905,37.40311964,173.25
6499.08,55.79927041,37.40313540,173.25
6500.08,55.79927176,37.40315117,173.24
6501.08,55.79927309,37.40316694,173.24
6502.08,55.79927440,37.40318271,173.23
6503.08,55.79927569,37.40319849,173.23
6504.08,55.79927694,37.40321428,173.22
6505.08,55.79927818,37.40323007,173.22
6506.08,55.79927939,37.40324587,173.21
6507.08,55.79928062,37.40326166,173.21
6508.08,55.79928183,37.40327746,173.20
6509.08,55.79928305,37.40329326,173.19
6510.08,55.79928429,37.40330905,173.19
6511.08,55.79928554,37.40332484,173.18
6512.08,55.79928680,37.40334063,173.17
6513.08,55.79928807,37.40335641,173.17
6514.08,55.79928934,37.40337219,173.16
6515.08,55.79929061,37.40338798,173.15
6516.08,55.79929189,37.40340376,173.15
6517.08,55.79929317,37.40341954,173.14
6518.08,55.79929445,37.40343532,173.14
6519.08,55.79929573,37.40345110,173.13
6520.08,55.79929702,37.40346688,173.12
6521.08,55.79929833,37.40348266,173.12
6522.08,55.79929964,37.40349843,173.11
6523.08,55.79930099,37.40351420,173.11
6524.08,55.79930234,37.40352996,173.10
6525.08,55.79930369,37.40354572,173.09
6526.08,55.79930504,37.40356149,173.09
6527.08,55.79930636,37.40357726,173.08
6528.08,55.79930763,37.40359304,173.08
6529.08,55.79930887,37.40360883,173.07
6530.08,55.79931007,37.40362463,173.06
6531.08,55.79931124,37.40364044,173.05
6532.08,55.79931244,37.40365624,173.05
6533.08,55.79931364,37.40367205,173.04
6534.08,55.79931485,37.40368784,173.04
6535.08,55.79931612,37.40370363,173.03
6536.08,55.79931746,37.40371940,173.02
6537.08,55.79931879,37.40373516,173.02
6538.08,55.79932016,37.40375092,173.01
6539.08,55.79932156,37.40376667,173.01
6540.08,55.79932292,37.40378243,173.00
6541.08,55.79932430,37.40379819,173.00
6542.08,55.79932567,37.40381395,172.99
6543.08,55.79932702,37.40382971,172.98
6544.08,55.79932838,37.40384547,172.98
6545.08,55.79932968,37.40386125,172.97
6546.08,55.79933091,37.40387704,172.96
6547.08,55.79933213,37.40389284,172.96
6548.08,55.79933336,37.40390863,172.95
6549.08,55.79933457,37.40392443,172.95
6550.08,55.79933581,37.40394022,172.94
6551.08,55.79933709,37.40395600,172.93
6552.08,55.79933837,37.40397178,172.93
6553.08,55.79933969,37.40398756,172.92
6554.08,55.79934104,37.40400332,172.92
6555.08,55.79934237,37.40401909,172.91
6556.08,55.79934375,37.40403484,172.91
6557.08,55.79934511,37.40405060,172.90
6558.08,55.79934645,37.40406637,172.90
6559.08,55.79934778,37.40408214,172.89
6560.08,55.79934909,37.40409791,172.89
6561.08,55.79935039,37.40411369,172.88
6562.08,55.79935166,37.40412947,172.88
6563.08,55.79935291,37.40414526,172.87
6564.08,55.79935416,37.40416105,172.87
6565.08,55.79935542,37.40417684,172.86
6566.08,55.79935670,37.40419262,172.86
6567.08,55.79935800,37.40420840,172.86
6568.08,55.79935935,37.40422416,172.85
6569.08,55.79936070,37.40423992,172.85
6570.08,55.79936206,37.40425568,172.84
6571.08,55.79936342,37.40427145,172.84
6572.08,55.79936474,37.40428722,172.84
6573.08,55.79936603,37.40430300,172.83
6574.08,55.79936728,37.40431878,172.83
6575.08,55.79936849,37.40433458,172.82
6576.08,55.79936972,37.40435038,172.82
6577.08,55.79937096,37.40436617,172.81
6578.08,55.79937220,37.40438196,172.81
6579.08,55.79937347,37.40439775,172.81
6580.08,55.79937475,37.40441353,172.80
6581.08,55.79937606,37.40442930,172.80
6582.08,55.79937739,37.40444507,172.79
6583.08,55.79937871,37.40446084,172.79
6584.08,55.79938004,37.40447661,172.79
6585.08,55.79938136,37.40449238,172.78
6586.08,55.79938267,37.40450816,172.78
6587.08,55.79938397,37.40452393,172.77
6588.08,55.79938528,37.40453971,172.77
6589.08,55.79938657,37.40455549,172.77
6590.08,55.79938786,37.40457127,172.76
6591.08,55.79938916,37.40458704,172.76
6592.08,55.79939050,37.40460281,172.75
6593.08,55.79939182,37.40461858,172.75
6594.08,55.79939315,37.40463435,172.75
6595.08,55.79939447,37.40465012,172.74
6596.08,55.79939578,37.40466589,172.74
6597.08,55.79939709,37.40468167,172.74
6598.08,55.79939839,37.40469744,172.73
6599.08,55.79939966,37.40471323,172.73
6600.08,55.79940087,37.40472903,172.73
6601.08,55.79940205,37.40474483,172.72
6602.08,55.79940321,37.40476065,172.72
6603.08,55.79940439,37.40477645,172.71
6604.08,55.79940561,37.40479225,172.71
6605.08,55.79940681,37.40480805,172.70
6606.08,55.79940803,37.40482385,172.70
6607.08,55.79940928,37.40483964,172.70
6608.08,55.79941056,37.40485542,172.69
6609.08,55.79941190,37.40487118,172.69
6610.08,55.79941325,37.40488695,172.68
6611.08,55.79941459,37.40490271,172.68
6612.08,55.79941596,37.40491847,172.67
6613.08,55.79941734,37.40493423,172.67
6614.08,55.79941875,37.40494997,172.66
6615.08,55.79942020,37.40496571,172.66
6616.08,55.79942174,37.40498142,172.65
6617.08,55.79942337,37.40499710,172.65
6618.08,55.79942501,37.40501277,172.65
6619.08,55.79942668,37.40502844,172.64
6620.08,55.79942838,37.40504410,172.64
6621.08,55.79943013,37.40505974,172.63
6622.08,55.79943204,37.40507531,172.63
6623.08,55.79943406,37.40509085,172.62
6624.08,55.79943611,37.40510637,172.62
6625.08,55.79943827,37.40512185,172.62
6626.08,55.79944049,37.40513730,172.61
6627.08,55.79944268,37.40515276,172.61
6628.08,55.79944491,37.40516821,172.61
6629.08,55.79944722,37.40518361,172.60
6630.08,55.79944961,37.40519899,172.60
6631.08,55.79945203,37.40521434,172.60
6632.08,55.79945449,37.40522967,172.59
6633.08,55.79945699,37.40524499,172.59
6634.08,55.79945952,37.40526029,172.59
6635.08,55.79946208,37.40527557,172.59
6636.08,55.79946469,37.40529083,172.58
6637.08,55.79946737,37.40530604,172.58
6638.08,55.79947012,37.40532122,172.58
6639.08,55.79947290,37.40533638,172.58
6640.08,55.79947571,37.40535153,172.57
6641.08,55.79947852,37.40536667,172.57
6642.08,55.79948137,37.40538179,172.57
6643.08,55.79948426,37.40539689,172.56
6644.08,55.79948723,37.40541194,172.56
6645.08,55.79949029,37.40542693,172.56
6646.08,55.79949347,37.40544184,172.55
6647.08,55.79949672,37.40545670,172.55
6648.08,55.79950003,37.40547153,172.54
6649.08,55.79950339,37.40548631,172.54
6650.08,55.79950674,37.40550111,172.54
6651.08,55.79951018,37.40551584,172.53
6652.08,55.79951374,37.40553047,172.53
6653.08,55.79951737,37.40554506,172.52
6654.08,55.79952096,37.40555967,172.52
6655.08,55.79952457,37.40557427,172.52
6656.08,55.79952825,37.40558881,172.51
6657.08,55.79953202,37.40560329,172.51
6658.08,55.79953589,37.40561767,172.50
6659.08,55.79953987,37.40563197,172.50
6660.08,55.79954386,37.40564625,172.50
6661.08,55.79954787,37.40566052,172.49
6662.08,55.79955199,37.40567469,172.49
6663.08,55.79955611,37.40568885,172.48
6664.08,55.79956031,37.40570295,172.48
6665.08,55.79956458,37.40571698,172.47
6666.08,55.79956892,37.40573094,172.47
6667.08,55.79957331,37.40574484,172.47
6668.08,55.79957774,37.40575872,172.47
6669.08,55.79958220,37.40577255,172.46
6670.08,55.79958673,37.40578632,172.46
6671.08,55.79959133,37.40580002,172.46
6672.08,55.79959597,37.40581367,172.46
6673.08,55.79960066,37.40582726,172.46
6674.07,55.79960528,37.40584094,172.45
6675.07,55.79960990,37.40585462,172.45
6676.07,55.79961455,37.40586825,172.45
6677.07,55.79961927,37.40588182,172.45
6678.07,55.79962405,37.40589532,172.44
6679.07,55.79962890,37.40590874,172.44
6680.07,55.79963374,37.40592217,172.44
6681.07,55.79963859,37.40593559,172.43
6682.07,55.79964341,37.40594904,172.43
6683.07,55.79964826,37.40596246,172.43
6684.07,55.79965317,37.40597581,172.42
6685.07,55.79965814,37.40598910,172.42
6686.07,55.79966313,37.40600235,172.42
6687.07,55.79966814,37.40601558,172.41
6688.07,55.79967320,37.40602876,172.41
6689.07,55.79967822,37.40604198,172.41
6690.07,55.79968324,37.40605520,172.40
6691.07,55.79968834,37.40606833,172.40
6692.07,55.79969353,37.40608134,172.40
6693.07,55.79969876,37.40609430,172.39
6694.07,55.79970405,37.40610719,172.39
6695.07,55.79970938,37.40612002,172.39
6696.07,55.79971476,37.40613279,172.39
6697.07,55.79972024,37.40614542,172.38
6698.07,55.79972578,37.40615797,172.38
6699.07,55.79973137,37.40617045,172.38
6700.07,55.79973703,37.40618282,172.38
6701.07,55.79974274,37.40619513,172.37
6702.07,55.79974854,37.40620731,172.37
6703.07,55.79975436,37.40621945,172.37
6704.07,55.79976019,37.40623159,172.37
6705.07,55.79976599,37.40624375,172.37
6706.07,55.79977182,37.40625588,172.37
6707.07,55.79977769,37.40626795,172.37
6708.07,55.79978354,37.40628006,172.37
6709.07,55.79978937,37.40629218,172.36
6710.07,55.79979520,37.40630431,172.36
6711.07,55.79980109,37.40631635,172.36
6712.07,55.79980706,37.40632826,172.36
6713.07,55.79981304,37.40634016,172.36
6714.07,55.79981900,37.40635208,172.36
6715.07,55.79982495,37.40636402,172.36
6716.07,55.79983095,37.40637590,172.36
6717.07,55.79983702,37.40638765,172.35
6718.07,55.79984310,37.40639938,172.35
6719.07,55.79984918,37.40641111,172.35
6720.07,55.79985526,37.40642285,172.35
6721.07,55.79986137,37.40643454,172.35
6722.07,55.79986761,37.40644601,172.34
6723.07,55.79987394,37.40645732,172.34
6724.07,55.79988033,37.40646852,172.34
6725.07,55.79988677,37.40647963,172.33
6726.07,55.79989323,37.40649070,172.33
6727.07,55.79989971,37.40650174,172.33
6728.07,55.79990622,37.40651273,172.32
6729.07,55.79991277,37.40652365,172.32
6730.07,55.79991938,37.40653445,172.32
6731.07,55.79992603,37.40654516,172.32
6732.07,55.79993270,37.40655583,172.32
6733.07,55.79993939,37.40656646,172.31
6734.07,55.79994614,37.40657700,172.31
6735.07,55.79995294,37.40658742,172.31
6736.07,55.79995974,37.40659781,172.31
6737.07,55.79996656,37.40660819,172.31
6738.07,55.79997340,37.40661852,172.30
6739.07,55.79998025,37.40662884,172.30
6740.07,55.79998710,37.40663916,172.30
6741.07,55.79999397,37.40664942,172.30
6742.07,55.80000087,37.40665964,172.29
6743.07,55.80000781,37.40666976,172.29
6744.07,55.80001477,37.40667983,172.29
6745.07,55.80002175,37.40668986,172.29
6746.07,55.80002875,37.40669986,172.28
6747.07,55.80003581,37.40670970,172.28
6748.07,55.80004294,37.40671941,172.28
6749.07,55.80005010,37.40672904,172.28
6750.07,55.80005729,37.40673859,172.28
6751.07,55.80006450,37.40674809,172.27
6752.07,55.80007172,37.40675758,172.27
6753.07,55.80007902,37.40676688,172.27
6754.07,55.80008639,37.40677598,172.27
6755.07,55.80009384,37.40678489,172.26
6756.07,55.80010135,37.40679364,172.26
6757.07,55.80010887,37.40680236,172.26
6758.07,55.80011644,37.40681094,172.25
6759.07,55.80012404,37.40681943,172.25
6760.07,55.80013169,37.40682777,172.24
6761.07,55.80013942,37.40683589,172.24
6762.07,55.80014722,37.40684381,172.24
6763.07,55.80015504,37.40685164,172.24
6764.07,55.80016291,37.40685932,172.23
6765.07,55.80017080,37.40686694,172.23
6766.07,55.80017869,37.40687457,172.23
6767.07,55.80018660,37.40688212,172.22
6768.07,55.80019454,37.40688957,172.22
6769.07,55.80020250,37.40689696,172.22
6770.07,55.80021047,37.40690429,172.21
6771.07,55.80021846,37.40691157,172.21
6772.07,55.80022653,37.40691857,172.21
6773.07,55.80023464,37.40692544,172.20
6774.07,55.80024277,37.40693220,172.20
6775.07,55.80025094,37.40693881,172.20
6776.07,55.80025913,37.40694537,172.19
6777.07,55.80026737,37.40695170,172.19
6778.07,55.80027563,37.40695797,172.19
6779.07,55.80028392,37.40696413,172.19
6780.07,55.80029222,37.40697019,172.19
6781.07,55.80030053,37.40697623,172.18
6782.07,55.80030883,37.40698233,172.18
6783.07,55.80031713,37.40698842,172.18
6784.07,55.80032547,37.40699437,172.18
6785.07,55.80033384,37.40700012,172.18
6786.07,55.80034228,37.40700559,172.17
6787.07,55.80035070,37.40701112,172.17
6788.07,55.80035911,37.40701672,172.17
6789.07,55.80036751,37.40702237,172.16
6790.07,55.80037589,37.40702809,172.16
6791.07,55.80038427,37.40703384,172.16
6792.07,55.80039264,37.40703963,172.16
6793.07,55.80040099,37.40704548,172.15
6794.07,55.80040934,37.40705139,172.15
6795.07,55.80041768,37.40705727,172.15
6796.07,55.80042604,37.40706314,172.14
6797.07,55.80043440,37.40706893,172.14
6798.07,55.80044279,37.40707463,172.13
6799.07,55.80045118,37.40708033,172.13
6800.07,55.80045957,37.40708604,172.12
6801.07,55.80046795,37.40709175,172.12
6802.07,55.80047635,37.40709740,172.11
6803.07,55.80048472,37.40710318,172.11
6804.07,55.80049305,37.40710914,172.11
6805.07,55.80050140,37.40711502,172.10
6806.07,55.80050976,37.40712085,172.10
6807.07,55.80051812,37.40712666,172.09
6808.07,55.80052648,37.40713248,172.09
6809.07,55.80053485,37.40713828,172.08
6810.07,55.80054322,37.40714406,172.08
6811.07,55.80055159,37.40714983,172.07
6812.07,55.80055998,37.40715552,172.07
6813.07,55.80056836,37.40716128,172.06
6814.07,55.80057673,37.40716707,172.06
6815.07,55.80058509,37.40717288,172.05
6816.07,55.80059345,37.40717871,172.05
6817.07,55.80060181,37.40718453,172.04
6818.07,55.80061015,37.40719043,172.04
6819.07,55.80061851,37.40719629,172.03
6820.07,55.80062687,37.40720210,172.03
6821.07,55.80063524,37.40720788,172.02
6822.07,55.80064361,37.40721368,172.02
6823.07,55.80065198,37.40721946,172.01
6824.07,55.80066034,37.40722526,172.01
6825.07,55.80066872,37.40723103,172.00
6826.07,55.80067708,37.40723682,172.00
6827.07,55.80068546,37.40724259,171.99
6828.07,55.80069382,37.40724842,171.99
6829.07,55.80070218,37.40725423,171.98
6830.07,55.80071054,37.40726008,171.98
6831.07,55.80071889,37.40726593,171.97
6832.07,55.80072725,37.40727176,171.97
6833.07,55.80073563,37.40727749,171.96
6834.07,55.80074403,37.40728315,171.96
6835.07,55.80075243,37.40728878,171.95
6836.07,55.80076083,37.40729442,171.94
6837.07,55.80076922,37.40730013,171.94
6838.07,55.80077759,37.40730589,171.93
6839.07,55.80078595,37.40731175,171.93
6840.07,55.80079430,37.40731760,171.92
6841.07,55.80080264,37.40732352,171.92
6842.07,55.80081098,37.40732944,171.91
6843.07,55.80081933,37.40733533,171.91
6844.07,55.80082767,37.40734123,171.90
6845.07,55.80083602,37.40734709,171.90
6846.07,55.80084438,37.40735291,171.89
6847.07,55.80085275,37.40735871,171.89
6848.07,55.80086112,37.40736449,171.88
6849.07,55.80086950,37.40737021,171.88
6850.07,55.80087789,37.40737591,171.87
6851.07,55.80088628,37.40738160,171.87
6852.07,55.80089467,37.40738732,171.87
6853.07,55.80090303,37.40739313,171.86
6854.07,55.80091138,37.40739900,171.86
6855.07,55.80091974,37.40740481,171.85
6856.07,55.80092812,37.40741058,171.85
6857.07,55.80093650,37.40741632,171.84
6858.07,55.80094487,37.40742210,171.84
6859.07,55.80095322,37.40742795,171.84
6860.07,55.80096157,37.40743381,171.83
6861.07,55.80096993,37.40743967,171.83
6862.07,55.80097830,37.40744546,171.83
6863.07,55.80098667,37.40745120,171.82
6864.07,55.80099505,37.40745695,171.82
6865.07,55.80100343,37.40746269,171.81
6866.07,55.80101179,37.40746854,171.81
6867.07,55.80102013,37.40747445,171.80
6868.07,55.80102848,37.40748031,171.80
6869.07,55.80103685,37.40748608,171.79
6870.07,55.80104524,37.40749180,171.79
6871.07,55.80105364,37.40749744,171.78
6872.07,55.80106202,37.40750317,171.77
6873.07,55.80107040,37.40750892,171.77
6874.07,55.80107877,37.40751468,171.76
6875.07,55.80108713,37.40752053,171.76
6876.07,55.80109547,37.40752644,171.75
6877.07,55.80110381,37.40753233,171.74
6878.07,55.80111217,37.40753819,171.74
6879.07,55.80112052,37.40754406,171.73
6880.07,55.80112889,37.40754983,171.73
6881.07,55.80113728,37.40755552,171.72
6882.07,55.80114566,37.40756124,171.72
6883.07,55.80115403,37.40756703,171.71
6884.07,55.80116238,37.40757291,171.71
6885.07,55.80117074,37.40757873,171.70
6886.07,55.80117911,37.40758452,171.70
6887.07,55.80118749,37.40759024,171.69
6888.07,55.80119587,37.40759601,171.69
6889.07,55.80120423,37.40760183,171.68
6890.07,55.80121256,37.40760780,171.68
6891.07,55.80122092,37.40761363,171.67
6892.07,55.80122929,37.40761941,171.67
6893.07,55.80123765,37.40762520,171.66
6894.07,55.80124604,37.40763093,171.66
6895.07,55.80125442,37.40763665,171.65
6896.07,55.80126279,37.40764241,171.65
6897.07,55.80127116,37.40764819,171.65
6898.07,55.80127954,37.40765393,171.64
6899.07,55.80128793,37.40765966,171.64
6900.07,55.80129630,37.40766540,171.63
6901.07,55.80130468,37.40767115,171.63
6902.07,55.80131305,37.40767693,171.62
6903.07,55.80132141,37.40768279,171.62
6904.07,55.80132977,37.40768861,171.61
6905.07,55.80133813,37.40769444,171.61
6906.07,55.80134647,37.40770033,171.60
6907.07,55.80135482,37.40770619,171.60
6908.07,55.80136318,37.40771202,171.59
6909.07,55.80137155,37.40771784,171.59
6910.07,55.80137992,37.40772363,171.58
6911.07,55.80138830,37.40772935,171.58
6912.07,55.80139668,37.40773506,171.57
6913.07,55.80140505,37.40774085,171.57
6914.07,55.80141341,37.40774669,171.56
6915.07,55.80142178,37.40775249,171.56
6916.07,55.80143014,37.40775830,171.55
6917.07,55.80143851,37.40776407,171.55
6918.07,55.80144689,37.40776981,171.55
6919.07,55.80145526,37.40777559,171.54
6920.07,55.80146362,37.40778142,171.54
6921.07,55.80147197,37.40778730,171.54
6922.07,55.80148034,37.40779306,171.53
6923.07,55.80148871,37.40779888,171.53
6924.07,55.80149707,37.40780469,171.53
6925.07,55.80150544,37.40781047,171.52
6926.07,55.80151382,37.40781623,171.52
6927.07,55.80152219,37.40782198,171.52
6928.07,55.80153055,37.40782783,171.52
6929.07,55.80153889,37.40783374,171.51
6930.07,55.80154725,37.40783957,171.51
6931.07,55.80155563,37.40784531,171.51
6932.07,55.80156402,37.40785098,171.51
6933.07,55.80157241,37.40785667,171.50
6934.07,55.80158078,37.40786248,171.50
6935.07,55.80158913,37.40786833,171.50
6936.07,55.80159750,37.40787414,171.49
6937.07,55.80160586,37.40787993,171.49
6938.07,55.80161423,37.40788572,171.49
6939.07,55.80162261,37.40789149,171.48
6940.07,55.80163100,37.40789717,171.48
6941.07,55.80163937,37.40790293,171.48
6942.07,55.80164771,37.40790885,171.47
6943.07,55.80165605,37.40791478,171.47
6944.07,55.80166439,37.40792070,171.46
6945.07,55.80167274,37.40792655,171.46
6946.07,55.80168111,37.40793233,171.45
6947.07,55.80168948,37.40793812,171.45
6948.07,55.80169786,37.40794388,171.45
6949.07,55.80170622,37.40794968,171.44
6950.07,55.80171460,37.40795545,171.44
6951.07,55.80172296,37.40796127,171.43
6952.07,55.80173131,37.40796712,171.43
6953.07,55.80173967,37.40797296,171.42
6954.07,55.80174804,37.40797875,171.42
6955.07,55.80175642,37.40798447,171.41
6956.07,55.80176483,37.40799008,171.41
6957.07,55.80177324,37.40799570,171.40
6958.07,55.80178162,37.40800141,171.40
6959.07,55.80178998,37.40800724,171.39
6960.07,55.80179836,37.40801299,171.39
6961.07,55.80180671,37.40801885,171.38
6962.07,55.80181506,37.40802474,171.38
6963.07,55.80182342,37.40803055,171.37
6964.07,55.80183180,37.40803630,171.37
6965.07,55.80184018,37.40804202,171.36
6966.07,55.80184857,37.40804772,171.36
6967.07,55.80185695,37.40805345,171.35
6968.07,55.80186532,37.40805925,171.34
6969.07,55.80187368,37.40806508,171.34
6970.07,55.80188205,37.40807086,171.33
6971.07,55.80189043,37.40807659,171.33
6972.07,55.80189881,37.40808232,171.32
6973.07,55.80190718,37.40808811,171.31
6974.07,55.80191554,37.40809394,171.31
6975.07,55.80192391,37.40809970,171.30
6976.07,55.80193230,37.40810542,171.29
6977.07,55.80194067,37.40811116,171.28
6978.07,55.80194903,37.40811699,171.28
6979.07,55.80195740,37.40812280,171.27
6980.07,55.80196578,37.40812853,171.26
6981.07,55.80197417,37.40813421,171.25
6982.07,55.80198256,37.40813989,171.24
6983.07,55.80199093,37.40814568,171.24
6984.07,55.80199929,37.40815150,171.23
6985.07,55.80200769,37.40815715,171.22
6986.07,55.80201607,37.40816288,171.21
6987.07,55.80202446,37.40816859,171.20
6988.07,55.80203286,37.40817425,171.20
6989.07,55.80204123,37.40818000,171.19
6990.07,55.80204961,37.40818577,171.18
6991.07,55.80205797,37.40819157,171.17
6992.07,55.80206633,37.40819739,171.16
6993.07,55.80207470,37.40820320,171.15
6994.07,55.80208306,37.40820901,171.14
6995.07,55.80209142,37.40821484,171.13
6996.07,55.80209979,37.40822065,171.11
6997.07,55.80210815,37.40822644,171.10
6998.07,55.80211652,37.40823222,171.09
6999.07,55.80212489,37.40823803,171.08
7000.07,55.80213325,37.40824384,171.07
7001.07,55.80214161,37.40824967,171.06
7002.07,55.80214996,37.40825553,171.04
7003.07,55.80215832,37.40826140,171.03
7004.07,55.80216668,37.40826723,171.02
7005.07,55.80217503,37.40827308,171.01
7006.07,55.80218340,37.40827887,170.99
7007.07,55.80219177,37.40828465,170.98
7008.07,55.80220013,37.40829046,170.97
7009.07,55.80220850,37.40829626,170.95
7010.07,55.80221688,37.40830200,170.93
7011.07,55.80222526,37.40830774,170.92
7012.07,55.80223364,37.40831344,170.90
7013.07,55.80224204,37.40831912,170.88
7014.07,55.80225042,37.40832484,170.87
7015.07,55.80225881,37.40833055,170.85
7016.07,55.80226720,37.40833620,170.83
7017.07,55.80227558,37.40834194,170.82
7018.07,55.80228395,37.40834774,170.80
7019.07,55.80229231,37.40835355,170.78
7020.07,55.80230066,37.40835942,170.77
7021.07,55.80230901,37.40836531,170.75
7022.07,55.80231736,37.40837117,170.73
7023.07,55.80232572,37.40837701,170.71
7024.07,55.80233408,37.40838286,170.69
7025.07,55.80234243,37.40838872,170.68
7026.07,55.80235079,37.40839456,170.66
7027.07,55.80235916,37.40840034,170.64
7028.07,55.80236753,37.40840612,170.62
7029.07,55.80237590,37.40841189,170.60
7030.07,55.80238428,37.40841762,170.58
7031.07,55.80239266,37.40842337,170.56
7032.07,55.80240104,37.40842910,170.54
7033.07,55.80240943,37.40843480,170.51
7034.07,55.80241782,37.40844048,170.49
7035.07,55.80242621,37.40844616,170.47
7036.07,55.80243460,37.40845186,170.45
7037.07,55.80244299,37.40845757,170.43
7038.07,55.80245137,37.40846329,170.41
7039.07,55.80245975,37.40846902,170.39
7040.07,55.80246813,37.40847475,170.36
7041.07,55.80247651,37.40848051,170.34
7042.07,55.80248489,37.40848626,170.32
7043.07,55.80249325,37.40849206,170.30
7044.07,55.80250160,37.40849794,170.27
7045.07,55.80250995,37.40850382,170.25
7046.07,55.80251831,37.40850964,170.23
7047.07,55.80252668,37.40851544,170.21
7048.07,55.80253505,37.40852121,170.19
7049.07,55.80254342,37.40852699,170.16
7050.07,55.80255179,37.40853277,170.14
7051.07,55.80256017,37.40853852,170.12
7052.07,55.80256855,37.40854424,170.10
7053.07,55.80257694,37.40854992,170.08
7054.07,55.80258534,37.40855558,170.05
7055.07,55.80259374,37.40856121,170.03
7056.07,55.80260215,37.40856683,170.01
7057.07,55.80261054,37.40857249,169.99
7058.07,55.80261893,37.40857819,169.97
7059.07,55.80262732,37.40858389,169.94
7060.07,55.80263570,37.40858962,169.92
7061.07,55.80264407,37.40859539,169.90
7062.07,55.80265244,37.40860120,169.88
7063.07,55.80266080,37.40860703,169.85
7064.07,55.80266916,37.40861285,169.83
7065.07,55.80267753,37.40861863,169.81
7066.07,55.80268590,37.40862442,169.78
7067.07,55.80269426,37.40863022,169.76
7068.07,55.80270263,37.40863603,169.73
7069.07,55.80271099,37.40864186,169.71
7070.07,55.80271934,37.40864769,169.69
7071.07,55.80272771,37.40865350,169.66
7072.07,55.80273609,37.40865925,169.64
7073.07,55.80274447,37.40866497,169.61
7074.07,55.80275286,37.40867065,169.59
7075.07,55.80276126,37.40867630,169.56
7076.07,55.80276967,37.40868192,169.54
7077.07,55.80277807,37.40868756,169.51
7078.07,55.80278646,37.40869324,169.49
7079.07,55.80279484,37.40869896,169.46
7080.07,55.80280321,37.40870477,169.44
7081.07,55.80281156,37.40871063,169.41
7082.07,55.80281991,37.40871650,169.38
7083.07,55.80282827,37.40872232,169.36
7084.07,55.80283665,37.40872808,169.33
7085.07,55.80284502,37.40873383,169.31
7086.07,55.80285339,37.40873965,169.28
7087.07,55.80286175,37.40874545,169.26
7088.07,55.80287012,37.40875125,169.24
7089.07,55.80287850,37.40875698,169.21
7090.07,55.80288690,37.40876262,169.19
7091.07,55.80289530,37.40876827,169.16
7092.07,55.80290369,37.40877396,169.14
7093.07,55.80291207,37.40877970,169.12
7094.07,55.80292044,37.40878545,169.09
7095.07,55.80292882,37.40879120,169.07
7096.07,55.80293720,37.40879696,169.04
7097.07,55.80294556,37.40880276,169.01
7098.07,55.80295394,37.40880853,168.99
7099.07,55.80296233,37.40881419,168.96
7100.07,55.80297074,37.40881980,168.93
7101.07,55.80297913,37.40882548,168.91
7102.07,55.80298752,37.40883116,168.88
7103.07,55.80299591,37.40883688,168.85
7104.07,55.80300430,37.40884257,168.82
7105.07,55.80301268,37.40884829,168.80
7106.07,55.80302107,37.40885396,168.77
7107.07,55.80302947,37.40885963,168.74
7108.07,55.80303787,37.40886529,168.71
7109.07,55.80304627,37.40887093,168.68
7110.07,55.80305468,37.40887651,168.65
7111.07,55.80306309,37.40888212,168.62
7112.07,55.80307147,37.40888782,168.59
7113.07,55.80307985,37.40889356,168.56
7114.07,55.80308823,37.40889932,168.53
7115.07,55.80309662,37.40890499,168.50
7116.07,55.80310503,37.40891062,168.47
7117.07,55.80311338,37.40891648,168.43
7118.07,55.80312175,37.40892227,168.40
7119.07,55.80313013,37.40892798,168.37
7120.07,55.80313853,37.40893363,168.34
7121.07,55.80314694,37.40893925,168.31
7122.07,55.80315533,37.40894494,168.28
7123.07,55.80316372,37.40895063,168.25
7124.07,55.80317211,37.40895633,168.22
7125.07,55.80318049,37.40896204,168.18
7126.07,55.80318888,37.40896771,168.15
7127.07,55.80319728,37.40897339,168.12
7128.07,55.80320567,37.40897907,168.09
7129.07,55.80321406,37.40898474,168.06
7130.07,55.80322247,37.40899036,168.03
7131.07,55.80323087,37.40899601,168.00
7132.07,55.80323926,37.40900168,167.96
7133.07,55.80324764,37.40900743,167.93
7134.07,55.80325599,37.40901329,167.90
7135.07,55.80326435,37.40901911,167.87
7136.07,55.80327273,37.40902485,167.84
7137.07,55.80328113,37.40903052,167.81
7138.07,55.80328952,37.40903617,167.77
7139.07,55.80329790,37.40904192,167.74
7140.07,55.80330629,37.40904764,167.71
7141.07,55.80331467,37.40905336,167.68
7142.07,55.80332304,37.40905914,167.64
7143.07,55.80333143,37.40906484,167.61
7144.07,55.80333983,37.40907048,167.57
7145.07,55.80334823,37.40907610,167.54
7146.07,55.80335663,37.40908177,167.50
7147.07,55.80336501,37.40908752,167.47
7148.07,55.80337337,37.40909330,167.43
7149.07,55.80338173,37.40909915,167.40
7150.07,55.80339011,37.40910489,167.37
7151.07,55.80339850,37.40911056,167.33
7152.07,55.80340688,37.40911632,167.30
7153.07,55.80341525,37.40912208,167.26
7154.07,55.80342364,37.40912780,167.23
7155.07,55.80343201,37.40913355,167.19
7156.07,55.80344040,37.40913928,167.15
7157.07,55.80344878,37.40914498,167.12
7158.07,55.80345718,37.40915066,167.08
7159.07,55.80346557,37.40915632,167.04
7160.07,55.80347397,37.40916198,167.00
7161.07,55.80348237,37.40916763,166.96
7162.07,55.80349076,37.40917329,166.93
7163.07,55.80349915,37.40917901,166.89
7164.07,55.80350754,37.40918470,166.85
7165.07,55.80351594,37.40919035,166.81
7166.07,55.80352435,37.40919595,166.77
7167.07,55.80353275,37.40920158,166.73
7168.07,55.80354114,37.40920725,166.70
7169.07,55.80354952,37.40921299,166.66
7170.07,55.80355789,37.40921877,166.62
7171.07,55.80356627,37.40922450,166.59
7172.07,55.80357466,37.40923022,166.55
7173.07,55.80358302,37.40923603,166.51
7174.07,55.80359138,37.40924188,166.47
7175.07,55.80359974,37.40924769,166.43
7176.07,55.80360812,37.40925345,166.39
7177.07,55.80361652,37.40925909,166.35
7178.07,55.80362492,37.40926470,166.31
7179.07,55.80363333,37.40927032,166.27
7180.07,55.80364173,37.40927593,166.23
7181.07,55.80365014,37.40928154,166.19
7182.07,55.80365854,37.40928720,166.15
7183.07,55.80366693,37.40929290,166.11
7184.07,55.80367532,37.40929859,166.07
7185.07,55.80368370,37.40930433,166.04
7186.07,55.80369208,37.40931003,166.00
7187.07,55.80370048,37.40931570,165.96
7188.07,55.80370887,37.40932139,165.92
7189.07,55.80371726,37.40932706,165.88
7190.07,55.80372566,37.40933272,165.84
7191.07,55.80373405,37.40933841,165.80
7192.07,55.80374243,37.40934415,165.75
7193.07,55.80375080,37.40934992,165.71
7194.07,55.80375917,37.40935569,165.67
7195.07,55.80376755,37.40936145,165.63
7196.07,55.80377595,37.40936710,165.58
7197.07,55.80378435,37.40937273,165.54
7198.07,55.80379275,37.40937836,165.50
7199.07,55.80380115,37.40938401,165.46
7200.07,55.80380956,37.40938962,165.41
7201.07,55.80381797,37.40939523,165.37
7202.07,55.80382637,37.40940083,165.33
7203.07,55.80383479,37.40940641,165.29
7204.07,55.80384320,37.40941199,165.25
7205.07,55.80385161,37.40941760,165.21
7206.07,55.80386001,37.40942323,165.17
7207.07,55.80386841,37.40942889,165.13
7208.07,55.80387680,37.40943459,165.09
7209.07,55.80388518,37.40944030,165.05
7210.07,55.80389357,37.40944601,165.01
7211.07,55.80390196,37.40945168,164.97
7212.07,55.80391035,37.40945736,164.93
7213.07,55.80391875,37.40946302,164.89
7214.07,55.80392715,37.40946865,164.85
7215.07,55.80393555,37.40947430,164.81
7216.07,55.80394396,37.40947993,164.77
7217.07,55.80395236,37.40948553,164.73
7218.07,55.80396077,37.40949113,164.69
7219.07,55.80396917,37.40949678,164.65
7220.07,55.80397757,37.40950243,164.62
7221.07,55.80398597,37.40950807,164.58
7222.07,55.80399436,37.40951376,164.54
7223.07,55.80400274,37.40951949,164.50
7224.07,55.80401112,37.40952524,164.46
7225.07,55.80401950,37.40953097,164.42
7226.07,55.80402790,37.40953662,164.39
7227.07,55.80403630,37.40954226,164.35
7228.07,55.80404471,37.40954787,164.31
7229.07,55.80405312,37.40955345,164.27
7230.07,55.80406155,37.40955898,164.23
7231.07,55.80406997,37.40956450,164.19
7232.07,55.80407838,37.40957010,164.15
7233.07,55.80408678,37.40957574,164.11
7234.07,55.80409516,37.40958149,164.07
7235.07,55.80410353,37.40958728,164.03
7236.07,55.80411191,37.40959301,163.99
7237.07,55.80412029,37.40959872,163.95
7238.07,55.80412869,37.40960440,163.91
7239.07,55.80413707,37.40961010,163.88
7240.07,55.80414547,37.40961577,163.84
7241.07,55.80415387,37.40962141,163.80
7242.07,55.80416226,37.40962711,163.76
7243.07,55.80417065,37.40963278,163.72
7244.07,55.80417904,37.40963846,163.68
7245.07,55.80418743,37.40964418,163.64
7246.07,55.80419582,37.40964988,163.60
7247.07,55.80420421,37.40965554,163.56
7248.07,55.80421261,37.40966119,163.52
7249.07,55.80422101,37.40966685,163.48
7250.07,55.80422940,37.40967251,163.45
7251.07,55.80423780,37.40967816,163.41
7252.07,55.80424620,37.40968382,163.37
7253.07,55.80425459,37.40968950,163.33
7254.07,55.80426298,37.40969520,163.30
7255.07,55.80427137,37.40970089,163.26
7256.07,55.80427976,37.40970656,163.22
7257.07,55.80428816,37.40971221,163.19
7258.07,55.80429655,37.40971790,163.15
7259.07,55.80430494,37.40972360,163.11
7260.07,55.80431334,37.40972926,163.08
7261.07,55.80432174,37.40973491,163.04
7262.07,55.80433014,37.40974054,163.00
7263.07,55.80433854,37.40974617,162.96
7264.07,55.80434694,37.40975182,162.93
7265.07,55.80435533,37.40975749,162.89
7266.07,55.80436372,37.40976319,162.86
7267.07,55.80437212,37.40976883,162.82
7268.07,55.80438052,37.40977447,162.79
7269.07,55.80438891,37.40978017,162.75
7270.07,55.80439730,37.40978586,162.72
7271.07,55.80440570,37.40979152,162.68
7272.07,55.80441410,37.40979717,162.64
7273.07,55.80442250,37.40980281,162.61
7274.07,55.80443089,37.40980848,162.57
7275.07,55.80443929,37.40981414,162.54
7276.07,55.80444769,37.40981980,162.50
7277.07,55.80445608,37.40982548,162.47
7278.07,55.80446448,37.40983114,162.43
7279.07,55.80447288,37.40983675,162.39
7280.07,55.80448129,37.40984234,162.36
7281.07,55.80448971,37.40984791,162.32
7282.07,55.80449812,37.40985350,162.29
7283.07,55.80450652,37.40985913,162.25
7284.07,55.80451492,37.40986479,162.22
7285.07,55.80452332,37.40987044,162.18
7286.07,55.80453170,37.40987616,162.15
7287.07,55.80454008,37.40988190,162.11
7288.07,55.80454846,37.40988765,162.08
7289.07,55.80455684,37.40989339,162.04
7290.07,55.80456523,37.40989906,162.01
7291.07,55.80457363,37.40990473,161.97
7292.07,55.80458202,37.40991042,161.94
7293.07,55.80459042,37.40991604,161.90
7294.07,55.80459882,37.40992169,161.87
7295.07,55.80460721,37.40992740,161.83
7296.07,55.80461560,37.40993309,161.80
7297.07,55.80462401,37.40993865,161.76
7298.07,55.80463241,37.40994431,161.73
7299.07,55.80464081,37.40994996,161.69
7300.07,55.80464921,37.40995560,161.66
7301.07,55.80465759,37.40996134,161.62
7302.07,55.80466597,37.40996708,161.59
7303.07,55.80467436,37.40997279,161.55
7304.07,55.80468274,37.40997849,161.51
7305.07,55.80469113,37.40998420,161.48
7306.07,55.80469953,37.40998981,161.44
7307.07,55.80470794,37.40999545,161.41
7308.07,55.80471633,37.41000110,161.37
7309.07,55.80472473,37.41000675,161.34
7310.07,55.80473314,37.41001235,161.31
7311.07,55.80474156,37.41001793,161.27
7312.07,55.80474998,37.41002348,161.24
7313.07,55.80475839,37.41002907,161.20
7314.07,55.80476679,37.41003469,161.17
7315.07,55.80477519,37.41004034,161.14
7316.07,55.80478358,37.41004603,161.10
7317.07,55.80479197,37.41005172,161.07
7318.07,55.80480036,37.41005742,161.03
7319.07,55.80480875,37.41006312,161.00
7320.07,55.80481715,37.41006877,160.96
7321.07,55.80482554,37.41007444,160.93
7322.07,55.80483393,37.41008012,160.89
7323.07,55.80484232,37.41008581,160.86
7324.07,55.80485072,37.41009146,160.82
7325.07,55.80485911,37.41009714,160.79
7326.07,55.80486750,37.41010286,160.76
7327.07,55.80487589,37.41010853,160.72
7328.07,55.80488429,37.41011420,160.69
7329.07,55.80489268,37.41011987,160.65
7330.07,55.80490109,37.41012548,160.62
7331.07,55.80490951,37.41013103,160.58
7332.07,55.80491795,37.41013647,160.55
7333.07,55.80492638,37.41014199,160.51
7334.07,55.80493476,37.41014769,160.48
7335.07,55.80494313,37.41015349,160.44
7336.07,55.80495150,37.41015929,160.40
7337.07,55.80495987,37.41016505,160.37
7338.07,55.80496829,37.41017062,160.33
7339.07,55.80497673,37.41017606,160.30
7340.07,55.80498518,37.41018144,160.26
7341.07,55.80499362,37.41018693,160.23
7342.07,55.80500200,37.41019266,160.20
7343.07,55.80501034,37.41019858,160.16
7344.07,55.80501867,37.41020452,160.13
7345.07,55.80502701,37.41021043,160.09
7346.07,55.80503536,37.41021632,160.06
7347.07,55.80504371,37.41022218,160.02
7348.07,55.80505207,37.41022803,159.99
7349.07,55.80506042,37.41023391,159.96
7350.07,55.80506876,37.41023980,159.93
7351.07,55.80507711,37.41024570,159.89
7352.07,55.80508544,37.41025165,159.86
7353.07,55.80509378,37.41025758,159.83
7354.07,55.80510213,37.41026343,159.79
7355.07,55.80511049,37.41026925,159.76
7356.07,55.80511885,37.41027508,159.73
7357.07,55.80512722,37.41028087,159.70
7358.07,55.80513560,37.41028662,159.67
7359.07,55.80514397,37.41029238,159.64
7360.07,55.80515234,37.41029818,159.61
7361.07,55.80516069,37.41030404,159.58
7362.07,55.80516903,37.41030996,159.56
7363.07,55.80517741,37.41031569,159.53
7364.07,55.80518587,37.41032105,159.51
7365.07,55.80519432,37.41032646,159.49
7366.07,55.80520274,37.41033202,159.46
7367.07,55.80521115,37.41033759,159.44
7368.07,55.80521958,37.41034310,159.42
7369.07,55.80522805,37.41034842,159.40
7370.07,55.80523652,37.41035369,159.38
7371.07,55.80524492,37.41035934,159.36
7372.07,55.80525323,37.41036540,159.34
7373.07,55.80526148,37.41037172,159.32
7374.07,55.80526965,37.41037832,159.31
7375.07,55.80527778,37.41038510,159.29
7376.07,55.80528583,37.41039216,159.28
7377.07,55.80529378,37.41039959,159.27
7378.07,55.80530160,37.41040742,159.26
7379.07,55.80530937,37.41041543,159.25
7380.07,55.80531704,37.41042372,159.25
7381.07,55.80532464,37.41043222,159.24
7382.07,55.80533219,37.41044086,159.23
7383.07,55.80533966,37.41044970,159.23
7384.07,55.80534695,37.41045901,159.22
7385.07,55.80535401,37.41046886,159.21
7386.07,55.80536089,37.41047911,159.21
7387.07,55.80536762,37.41048968,159.20
7388.07,55.80537420,37.41050052,159.19
7389.07,55.80538057,37.41051176,159.18
7390.07,55.80538677,37.41052331,159.18
7391.07,55.80539281,37.41053510,159.17
7392.07,55.80539869,37.41054715,159.16
7393.07,55.80540443,37.41055942,159.15
7394.07,55.80541022,37.41057162,159.15
7395.07,55.80541609,37.41058368,159.14
7396.07,55.80542203,37.41059564,159.13
7397.07,55.80542799,37.41060757,159.12
7398.07,55.80543394,37.41061951,159.11
7399.07,55.80543983,37.41063156,159.10
7400.07,55.80544569,37.41064363,159.09
7401.07,55.80545150,37.41065580,159.08
7402.07,55.80545726,37.41066804,159.06
7403.07,55.80546298,37.41068033,159.05
7404.07,55.80546853,37.41069286,159.03
7405.07,55.80547399,37.41070553,159.02
7406.07,55.80547923,37.41071847,159.00
7407.07,55.80548428,37.41073166,158.98
7408.07,55.80548910,37.41074511,158.96
7409.07,55.80549368,37.41075883,158.94
7410.07,55.80549797,37.41077283,158.93
7411.07,55.80550196,37.41078712,158.91
7412.07,55.80550568,37.41080163,158.89
7413.07,55.80550919,37.41081631,158.87
7414.07,55.80551250,37.41083113,158.85
7415.07,55.80551564,37.41084607,158.83
7416.07,55.80551860,37.41086113,158.81
7417.07,55.80552134,37.41087631,158.79
7418.07,55.80552393,37.41089158,158.77
7419.07,55.80552624,37.41090699,158.75
7420.07,55.80552827,37.41092252,158.73
7421.07,55.80553001,37.41093817,158.71
7422.07,55.80553153,37.41095388,158.69
7423.07,55.80553284,37.41096966,158.67
7424.07,55.80553396,37.41098548,158.65
7425.07,55.80553505,37.41100131,158.63
7426.07,55.80553601,37.41101716,158.61
7427.07,55.80553683,37.41103304,158.59
7428.07,55.80553748,37.41104895,158.56
7429.07,55.80553793,37.41106487,158.54
7430.07,55.80553810,37.41108082,158.52
7431.07,55.80553806,37.41109676,158.50
7432.07,55.80553784,37.41111270,158.48
7433.07,55.80553746,37.41112864,158.46
7434.07,55.80553703,37.41114456,158.44
7435.07,55.80553637,37.41116046,158.42
7436.07,55.80553545,37.41117633,158.39
7437.07,55.80553442,37.41119217,158.37
7438.07,55.80553319,37.41120796,158.35
7439.07,55.80553172,37.41122369,158.33
7440.07,55.80553000,37.41123934,158.30
7441.07,55.80552805,37.41125491,158.28
7442.07,55.80552593,37.41127041,158.26
7443.07,55.80552367,37.41128584,158.24
7444.07,55.80552136,37.41130125,158.22
7445.07,55.80551906,37.41131666,158.20
7446.07,55.80551680,37.41133210,158.18
7447.07,55.80551461,37.41134757,158.16
7448.07,55.80551250,37.41136307,158.14
7449.07,55.80551042,37.41137858,158.12
7450.07,55.80550830,37.41139408,158.10
7451.07,55.80550611,37.41140954,158.08
7452.07,55.80550386,37.41142498,158.07
7453.07,55.80550161,37.41144042,158.05
7454.07,55.80549943,37.41145589,158.03
7455.07,55.80549735,37.41147140,158.02
7456.07,55.80549531,37.41148693,158.00
7457.07,55.80549326,37.41150246,157.99
7458.07,55.80549121,37.41151798,157.97
7459.07,55.80548914,37.41153350,157.96
7460.07,55.80548704,37.41154900,157.95
7461.07,55.80548485,37.41156447,157.93
7462.07,55.80548263,37.41157992,157.92
7463.07,55.80548044,37.41159539,157.91
7464.07,55.80547830,37.41161087,157.90
7465.07,55.80547617,37.41162637,157.89
7466.07,55.80547406,37.41164187,157.88
7467.07,55.80547192,37.41165736,157.87
7468.07,55.80546971,37.41167281,157.86
7469.07,55.80546742,37.41168823,157.84
7470.07,55.80546518,37.41170368,157.83
7471.07,55.80546305,37.41171917,157.83
7472.07,55.80546099,37.41173469,157.82
7473.07,55.80545897,37.41175023,157.81
7474.07,55.80545702,37.41176579,157.80
7475.07,55.80545506,37.41178135,157.79
7476.07,55.80545302,37.41179689,157.78
7477.07,55.80545089,37.41181238,157.77
7478.07,55.80544873,37.41182786,157.77
7479.07,55.80544653,37.41184332,157.76
7480.07,55.80544431,37.41185877,157.75
7481.07,55.80544216,37.41187425,157.74
7482.07,55.80544001,37.41188974,157.73
7483.07,55.80543787,37.41190523,157.72
7484.07,55.80543571,37.41192070,157.71
7485.07,55.80543351,37.41193617,157.70
7486.07,55.80543130,37.41195162,157.69
7487.07,55.80542911,37.41196709,157.68
7488.07,55.80542695,37.41198257,157.67
7489.07,55.80542484,37.41199807,157.66
7490.07,55.80542274,37.41201357,157.65
7491.07,55.80542064,37.41202908,157.64
7492.07,55.80541848,37.41204456,157.63
7493.07,55.80541629,37.41206002,157.62
7494.07,55.80541411,37.41207549,157.60
7495.07,55.80541200,37.41209099,157.59
7496.07,55.80540981,37.41210646,157.58
7497.07,55.80540763,37.41212193,157.57
7498.07,55.80540552,37.41213743,157.56
7499.07,55.80540346,37.41215295,157.55
7500.07,55.80540141,37.41216847,157.54
7501.07,55.80539933,37.41218399,157.53
7502.07,55.80539724,37.41219950,157.52
7503.07,55.80539511,37.41221499,157.50
7504.07,55.80539293,37.41223046,157.49
7505.07,55.80539070,37.41224591,157.48
7506.07,55.80538849,37.41226136,157.47
7507.07,55.80538635,37.41227685,157.46
7508.07,55.80538425,37.41229236,157.44
7509.07,55.80538217,37.41230787,157.43
7510.07,55.80538010,37.41232339,157.42
7511.07,55.80537802,37.41233890,157.41
7512.07,55.80537592,37.41235440,157.39
7513.07,55.80537372,37.41236987,157.38
7514.07,55.80537144,37.41238529,157.37
7515.07,55.80536914,37.41240070,157.35
7516.07,55.80536689,37.41241614,157.34
7517.07,55.80536476,37.41243164,157.33
7518.07,55.80536271,37.41244716,157.32
7519.07,55.80536071,37.41246271,157.30
7520.07,55.80535863,37.41247822,157.29
7521.07,55.80535646,37.41249369,157.28
7522.07,55.80535418,37.41250912,157.26
7523.07,55.80535191,37.41252455,157.25
7524.07,55.80534967,37.41253999,157.23
7525.07,55.80534746,37.41255545,157.22
7526.07,55.80534535,37.41257095,157.20
7527.07,55.80534328,37.41258647,157.19
7528.07,55.80534119,37.41260198,157.17
7529.07,55.80533904,37.41261746,157.16
7530.07,55.80533683,37.41263292,157.15
7531.07,55.80533457,37.41264835,157.13
7532.07,55.80533242,37.41266383,157.12
7533.07,55.80533033,37.41267934,157.11
7534.07,55.80532825,37.41269485,157.09
7535.07,55.80532616,37.41271036,157.08
7536.07,55.80532405,37.41272586,157.06
7537.07,55.80532188,37.41274134,157.05
7538.07,55.80531968,37.41275680,157.04
7539.07,55.80531747,37.41277226,157.02
7540.07,55.80531529,37.41278773,157.01
7541.07,55.80531316,37.41280322,157.00
7542.07,55.80531106,37.41281872,156.98
7543.07,55.80530893,37.41283422,156.97
7544.07,55.80530681,37.41284971,156.95
7545.07,55.80530464,37.41286518,156.94
7546.07,55.80530255,37.41288069,156.93
7547.07,55.80530043,37.41289619,156.92
7548.07,55.80529831,37.41291169,156.90
7549.07,55.80529618,37.41292718,156.89
7550.07,55.80529404,37.41294266,156.88
7551.07,55.80529187,37.41295814,156.87
7552.07,55.80528971,37.41297362,156.86
7553.07,55.80528754,37.41298909,156.84
7554.07,55.80528540,37.41300458,156.83
7555.07,55.80528324,37.41302006,156.82
7556.07,55.80528106,37.41303553,156.81
7557.07,55.80527889,37.41305101,156.80
7558.07,55.80527670,37.41306647,156.79
7559.07,55.80527454,37.41308195,156.77
7560.07,55.80527240,37.41309743,156.76
7561.07,55.80527024,37.41311292,156.75
7562.07,55.80526817,37.41312843,156.74
7563.07,55.80526613,37.41314396,156.73
7564.07,55.80526405,37.41315948,156.72
7565.07,55.80526186,37.41317494,156.71
7566.07,55.80525965,37.41319040,156.70
7567.07,55.80525746,37.41320586,156.69
7568.07,55.80525517,37.41322128,156.67
7569.07,55.80525292,37.41323672,156.66
7570.07,55.80525079,37.41325221,156.65
7571.07,55.80524865,37.41326770,156.64
7572.07,55.80524650,37.41328318,156.63
7573.07,55.80524436,37.41329867,156.61
7574.07,55.80524227,37.41331418,156.60
7575.07,55.80524019,37.41332969,156.59
7576.07,55.80523814,37.41334522,156.57
7577.07,55.80523597,37.41336069,156.56
7578.07,55.80523386,37.41337619,156.55
7579.07,55.80523179,37.41339171,156.53
7580.07,55.80522971,37.41340722,156.52
7581.07,55.80522756,37.41342271,156.51
7582.07,55.80522533,37.41343815,156.49
7583.07,55.80522319,37.41345364,156.48
7584.07,55.80522097,37.41346909,156.47
7585.07,55.80521871,37.41348452,156.46
7586.07,55.80521650,37.41349998,156.44
7587.07,55.80521443,37.41351550,156.43
7588.07,55.80521228,37.41353098,156.42
7589.07,55.80521012,37.41354646,156.41
7590.07,55.80520793,37.41356193,156.39
7591.07,55.80520571,37.41357738,156.38
7592.07,55.80520350,37.41359284,156.37
7593.07,55.80520141,37.41360834,156.36
7594.07,55.80519929,37.41362384,156.35
7595.07,55.80519719,37.41363935,156.34
7596.07,55.80519505,37.41365483,156.33
7597.07,55.80519288,37.41367031,156.32
7598.07,55.80519077,37.41368580,156.31
7599.07,55.80518869,37.41370132,156.30
7600.07,55.80518659,37.41371682,156.29
7601.07,55.80518449,37.41373233,156.28
7602.07,55.80518237,37.41374783,156.27
7603.07,55.80518026,37.41376332,156.26
7604.07,55.80517811,37.41377881,156.25
7605.07,55.80517595,37.41379429,156.24
7606.07,55.80517380,37.41380977,156.23
7607.07,55.80517173,37.41382529,156.22
7608.07,55.80516965,37.41384080,156.21
7609.07,55.80516757,37.41385632,156.20
7610.07,55.80516546,37.41387182,156.19
7611.07,55.80516332,37.41388730,156.18
7612.07,55.80516114,37.41390277,156.17
7613.07,55.80515889,37.41391821,156.16
7614.07,55.80515663,37.41393364,156.15
7615.07,55.80515441,37.41394910,156.14
7616.07,55.80515221,37.41396456,156.13
7617.07,55.80515012,37.41398007,156.12
7618.07,55.80514806,37.41399559,156.11
7619.07,55.80514596,37.41401109,156.09
7620.07,55.80514388,37.41402661,156.08
7621.07,55.80514182,37.41404213,156.07
7622.07,55.80513975,37.41405764,156.06
7623.07,55.80513767,37.41407316,156.05
7624.07,55.80513553,37.41408864,156.04
7625.07,55.80513343,37.41410415,156.03
7626.07,55.80513134,37.41411966,156.02
7627.07,55.80512917,37.41413513,156.01
7628.07,55.80512693,37.41415058,156.00
7629.07,55.80512473,37.41416604,155.98
7630.07,55.80512253,37.41418150,155.97
7631.07,55.80512038,37.41419698,155.96
7632.07,55.80511827,37.41421248,155.95
7633.07,55.80511618,37.41422799,155.94
7634.07,55.80511407,37.41424349,155.93
7635.07,55.80511195,37.41425899,155.92
7636.07,55.80510974,37.41427444,155.91
7637.07,55.80510757,37.41428992,155.90
7638.07,55.80510544,37.41430541,155.89
7639.07,55.80510329,37.41432089,155.87
7640.07,55.80510120,37.41433640,155.86
7641.07,55.80509909,37.41435191,155.85
7642.07,55.80509703,37.41436743,155.84
7643.07,55.80509499,37.41438295,155.83
7644.07,55.80509282,37.41439843,155.82
7645.07,55.80509063,37.41441390,155.81
7646.07,55.80508847,37.41442937,155.80
7647.07,55.80508635,37.41444487,155.79
7648.07,55.80508420,37.41446035,155.78
7649.07,55.80508203,37.41447583,155.76
7650.07,55.80507981,37.41449128,155.75
7651.07,55.80507764,37.41450675,155.74
7652.07,55.80507548,37.41452223,155.73
7653.07,55.80507332,37.41453771,155.72
7654.07,55.80507118,37.41455320,155.71
7655.07,55.80506910,37.41456871,155.70
7656.07,55.80506702,37.41458423,155.68
7657.07,55.80506489,37.41459972,155.67
7658.07,55.80506276,37.41461521,155.66
7659.07,55.80506058,37.41463068,155.65
7660.07,55.80505838,37.41464614,155.64
7661.07,55.80505614,37.41466158,155.63
7662.07,55.80505390,37.41467703,155.62
7663.07,55.80505163,37.41469246,155.61
7664.07,55.80504944,37.41470792,155.60
7665.07,55.80504731,37.41472341,155.59
7666.07,55.80504519,37.41473891,155.58
7667.07,55.80504311,37.41475442,155.57
7668.07,55.80504102,37.41476993,155.56
7669.07,55.80503891,37.41478543,155.55
7670.07,55.80503675,37.41480091,155.53
7671.07,55.80503460,37.41481639,155.52
7672.07,55.80503247,37.41483188,155.51
7673.07,55.80503036,37.41484738,155.50
7674.07,55.80502832,37.41486291,155.49
7675.07,55.80502627,37.41487844,155.48
7676.07,55.80502422,37.41489396,155.47
7677.07,55.80502219,37.41490950,155.46
7678.07,55.80502017,37.41492504,155.45
7679.07,55.80501816,37.41494058,155.44
7680.07,55.80501603,37.41495607,155.43
7681.07,55.80501380,37.41497152,155.42
7682.07,55.80501151,37.41498694,155.41
7683.07,55.80500926,37.41500238,155.40
7684.07,55.80500705,37.41501783,155.38
7685.07,55.80500490,37.41503332,155.37
7686.07,55.80500278,37.41504881,155.36
7687.07,55.80500063,37.41506430,155.35
7688.07,55.80499850,37.41507979,155.33
7689.07,55.80499638,37.41509529,155.32
7690.07,55.80499428,37.41511079,155.31
7691.07,55.80499213,37.41512627,155.29
7692.07,55.80498994,37.41514174,155.28
7693.07,55.80498777,37.41515721,155.27
7694.07,55.80498561,37.41517269,155.26
7695.07,55.80498348,37.41518818,155.25
7696.07,55.80498141,37.41520370,155.23
7697.07,55.80497932,37.41521921,155.22
7698.07,55.80497719,37.41523470,155.21
7699.07,55.80497497,37.41525015,155.20
7700.07,55.80497277,37.41526561,155.18
7701.07,55.80497062,37.41528110,155.17
7702.07,55.80496849,37.41529659,155.15
7703.07,55.80496633,37.41531207,155.14
7704.07,55.80496417,37.41532754,155.13
7705.07,55.80496199,37.41534301,155.11
7706.07,55.80495980,37.41535848,155.10
7707.07,55.80495762,37.41537395,155.08
7708.07,55.80495547,37.41538943,155.07
7709.07,55.80495334,37.41540492,155.05
7710.07,55.80495122,37.41542042,155.04
7711.07,55.80494912,37.41543593,155.02
7712.07,55.80494705,37.41545144,155.01
7713.07,55.80494494,37.41546695,154.99
7714.07,55.80494279,37.41548243,154.97
7715.07,55.80494061,37.41549790,154.96
7716.07,55.80493842,37.41551336,154.94
7717.07,55.80493624,37.41552883,154.92
7718.07,55.80493408,37.41554431,154.90
7719.07,55.80493191,37.41555979,154.88
7720.07,55.80492976,37.41557527,154.86
7721.07,55.80492763,37.41559076,154.84
7722.07,55.80492544,37.41560622,154.82
7723.07,55.80492325,37.41562169,154.81
7724.07,55.80492102,37.41563714,154.79
7725.07,55.80491889,37.41565263,154.77
7726.07,55.80491682,37.41566815,154.75
7727.07,55.80491471,37.41568365,154.73
7728.07,55.80491263,37.41569916,154.71
7729.07,55.80491052,37.41571466,154.69
7730.07,55.80490836,37.41573014,154.67
7731.07,55.80490609,37.41574556,154.66
7732.07,55.80490382,37.41576099,154.64
7733.07,55.80490170,37.41577649,154.62
7734.07,55.80489965,37.41579202,154.60
7735.07,55.80489759,37.41580754,154.58
7736.07,55.80489546,37.41582303,154.56
7737.07,55.80489321,37.41583847,154.54
7738.07,55.80489094,37.41585390,154.53
7739.07,55.80488880,37.41586938,154.51
7740.07,55.80488669,37.41588488,154.50
7741.07,55.80488464,37.41590041,154.48
7742.07,55.80488258,37.41591593,154.47
7743.07,55.80488046,37.41593143,154.45
7744.07,55.80487827,37.41594689,154.44
7745.07,55.80487596,37.41596230,154.43
7746.07,55.80487365,37.41597771,154.41
7747.07,55.80487144,37.41599317,154.40
7748.07,55.80486931,37.41600866,154.39
7749.07,55.80486727,37.41602419,154.37
7750.07,55.80486521,37.41603971,154.36
7751.07,55.80486310,37.41605521,154.34
7752.07,55.80486099,37.41607071,154.33
7753.07,55.80485885,37.41608620,154.32
7754.07,55.80485665,37.41610166,154.30
7755.07,55.80485448,37.41611713,154.29
7756.07,55.80485230,37.41613260,154.28
7757.07,55.80485010,37.41614807,154.26
7758.06,55.80484784,37.41616350,154.25
7759.06,55.80484560,37.41617894,154.24
7760.06,55.80484342,37.41619441,154.23
7761.06,55.80484138,37.41620994,154.21
7762.06,55.80483942,37.41622550,154.20
7763.06,55.80483749,37.41624108,154.19
7764.06,55.80483552,37.41625664,154.18
7765.06,55.80483343,37.41627215,154.16
7766.06,55.80483124,37.41628761,154.15
7767.06,55.80482898,37.41630304,154.14
7768.06,55.80482673,37.41631848,154.12
7769.06,55.80482448,37.41633392,154.11
7770.06,55.80482226,37.41634937,154.10
7771.06,55.80482008,37.41636484,154.09
7772.06,55.80481793,37.41638033,154.08
7773.06,55.80481581,37.41639582,154.07
7774.06,55.80481369,37.41641132,154.06
7775.06,55.80481158,37.41642682,154.05
7776.06,55.80480946,37.41644231,154.04
7777.06,55.80480732,37.41645780,154.03
7778.06,55.80480518,37.41647329,154.02
7779.06,55.80480305,37.41648878,154.01
7780.06,55.80480092,37.41650427,154.00
7781.06,55.80479877,37.41651976,153.99
7782.06,55.80479664,37.41653525,153.98
7783.06,55.80479449,37.41655073,153.97
7784.06,55.80479235,37.41656622,153.96
7785.06,55.80479017,37.41658169,153.96
7786.06,55.80478798,37.41659715,153.95
7787.06,55.80478577,37.41661261,153.94
7788.06,55.80478359,37.41662808,153.93
7789.06,55.80478144,37.41664356,153.92
7790.06,55.80477928,37.41665904,153.91
7791.06,55.80477712,37.41667452,153.90
7792.06,55.80477496,37.41669000,153.89
7793.06,55.80477281,37.41670548,153.88
7794.06,55.80477065,37.41672096,153.88
7795.06,55.80476850,37.41673644,153.87
7796.06,55.80476637,37.41675193,153.86
7797.06,55.80476426,37.41676743,153.85
7798.06,55.80476215,37.41678294,153.84
7799.06,55.80476005,37.41679844,153.83
7800.06,55.80475796,37.41681395,153.82
7801.06,55.80475587,37.41682946,153.81
7802.06,55.80475379,37.41684497,153.80
7803.06,55.80475168,37.41686047,153.80
7804.06,55.80474957,37.41687597,153.79
7805.06,55.80474745,37.41689147,153.78
7806.06,55.80474535,37.41690697,153.77
7807.06,55.80474324,37.41692248,153.76
7808.06,55.80474115,37.41693798,153.75
7809.06,55.80473909,37.41695351,153.74
7810.06,55.80473705,37.41696903,153.73
7811.06,55.80473502,37.41698457,153.72
7812.06,55.80473300,37.41700011,153.71
7813.06,55.80473097,37.41701564,153.71
7814.06,55.80472890,37.41703116,153.70
7815.06,55.80472680,37.41704666,153.69
7816.06,55.80472462,37.41706213,153.68
7817.06,55.80472244,37.41707760,153.67
7818.06,55.80472025,37.41709307,153.67
7819.06,55.80471806,37.41710853,153.66
7820.06,55.80471592,37.41712402,153.65
7821.06,55.80471382,37.41713953,153.64
7822.06,55.80471176,37.41715505,153.63
7823.06,55.80470978,37.41717060,153.62
7824.06,55.80470777,37.41718614,153.61
7825.06,55.80470581,37.41720170,153.60
7826.06,55.80470384,37.41721726,153.59
7827.06,55.80470186,37.41723282,153.58
7828.06,55.80469988,37.41724837,153.57
7829.06,55.80469787,37.41726391,153.56
7830.06,55.80469583,37.41727944,153.55
7831.06,55.80469375,37.41729496,153.54
7832.06,55.80469157,37.41731043,153.53
7833.06,55.80468942,37.41732591,153.52
7834.06,55.80468726,37.41734139,153.51
7835.06,55.80468514,37.41735688,153.50
7836.06,55.80468309,37.41737241,153.49
7837.06,55.80468107,37.41738795,153.47
7838.06,55.80467906,37.41740349,153.46
7839.06,55.80467709,37.41741905,153.45
7840.06,55.80467511,37.41743460,153.44
7841.06,55.80467315,37.41745017,153.43
7842.06,55.80467119,37.41746573,153.41
7843.06,55.80466928,37.41748131,153.40
7844.06,55.80466734,37.41749688,153.39
7845.06,55.80466540,37.41751245,153.38
7846.06,55.80466346,37.41752802,153.37
7847.06,55.80466152,37.41754359,153.35
7848.06,55.80465955,37.41755915,153.34
7849.06,55.80465751,37.41757468,153.33
7850.06,55.80465544,37.41759020,153.32
7851.06,55.80465336,37.41760571,153.31
7852.06,55.80465126,37.41762122,153.29
7853.06,55.80464919,37.41763673,153.28
7854.06,55.80464713,37.41765225,153.27
7855.06,55.80464509,37.41766778,153.26
7856.06,55.80464309,37.41768333,153.24
7857.06,55.80464111,37.41769888,153.23
7858.06,55.80463921,37.41771447,153.22
7859.06,55.80463727,37.41773004,153.20
7860.06,55.80463534,37.41774561,153.19
7861.06,55.80463340,37.41776118,153.18
7862.06,55.80463149,37.41777676,153.16
7863.06,55.80462954,37.41779233,153.15
7864.06,55.80462755,37.41780788,153.13
7865.06,55.80462554,37.41782342,153.12
7866.06,55.80462350,37.41783895,153.11
7867.06,55.80462147,37.41785449,153.09
7868.06,55.80461947,37.41787003,153.08
7869.06,55.80461748,37.41788558,153.06
7870.06,55.80461553,37.41790115,153.05
7871.06,55.80461359,37.41791672,153.04
7872.06,55.80461168,37.41793230,153.02
7873.06,55.80460973,37.41794787,153.01
7874.06,55.80460776,37.41796343,153.00
7875.06,55.80460574,37.41797896,152.98
7876.06,55.80460366,37.41799448,152.97
7877.06,55.80460154,37.41800998,152.95
7878.06,55.80459941,37.41802546,152.94
7879.06,55.80459730,37.41804096,152.93
7880.06,55.80459521,37.41805647,152.91
7881.06,55.80459318,37.41807201,152.90
7882.06,55.80459116,37.41808754,152.88
7883.06,55.80458917,37.41810310,152.87
7884.06,55.80458716,37.41811864,152.86
7885.06,55.80458519,37.41813419,152.84
7886.06,55.80458323,37.41814976,152.83
7887.06,55.80458130,37.41816533,152.82
7888.06,55.80457936,37.41818090,152.80
7889.06,55.80457742,37.41819647,152.79
7890.06,55.80457549,37.41821205,152.78
7891.06,55.80457355,37.41822762,152.77
7892.06,55.80457160,37.41824318,152.75
7893.06,55.80456960,37.41825873,152.74
7894.06,55.80456759,37.41827427,152.73
7895.06,55.80456559,37.41828982,152.72
7896.06,55.80456361,37.41830537,152.70
7897.06,55.80456167,37.41832094,152.69
7898.06,55.80455971,37.41833651,152.68
7899.06,55.80455774,37.41835206,152.66
7900.06,55.80455582,37.41836764,152.65
7901.06,55.80455388,37.41838321,152.64
7902.06,55.80455192,37.41839877,152.62
7903.06,55.80454992,37.41841432,152.61
7904.06,55.80454790,37.41842986,152.60
7905.06,55.80454589,37.41844540,152.58
7906.06,55.80454390,37.41846095,152.57
7907.06,55.80454192,37.41847650,152.56
7908.06,55.80453995,37.41849206,152.55
7909.06,55.80453797,37.41850762,152.53
7910.06,55.80453602,37.41852318,152.52
7911.06,55.80453409,37.41853876,152.50
7912.06,55.80453216,37.41855433,152.49
7913.06,55.80453024,37.41856991,152.48
7914.06,55.80452828,37.41858547,152.46
7915.06,55.80452630,37.41860103,152.45
7916.06,55.80452430,37.41861657,152.44
7917.06,55.80452236,37.41863214,152.42
7918.06,55.80452040,37.41864771,152.41
7919.06,55.80451843,37.41866326,152.40
7920.06,55.80451647,37.41867883,152.38
7921.06,55.80451450,37.41869438,152.37
7922.06,55.80451254,37.41870995,152.35
7923.06,55.80451059,37.41872551,152.34
7924.06,55.80450861,37.41874107,152.33
7925.06,55.80450661,37.41875661,152.31
7926.06,55.80450462,37.41877217,152.30
7927.06,55.80450264,37.41878772,152.29
7928.06,55.80450060,37.41880325,152.27
7929.06,55.80449859,37.41881879,152.26
7930.06,55.80449659,37.41883433,152.25
7931.06,55.80449461,37.41884989,152.23
7932.06,55.80449264,37.41886545,152.22
7933.06,55.80449064,37.41888100,152.21
7934.06,55.80448865,37.41889654,152.19
7935.06,55.80448662,37.41891208,152.18
7936.06,55.80448465,37.41892763,152.17
7937.06,55.80448272,37.41894321,152.16
7938.06,55.80448081,37.41895879,152.14
7939.06,55.80447889,37.41897437,152.13
7940.06,55.80447697,37.41898995,152.12
7941.06,55.80447502,37.41900551,152.11
7942.06,55.80447299,37.41902105,152.09
7943.06,55.80447096,37.41903658,152.08
7944.06,55.80446896,37.41905213,152.07
7945.06,55.80446703,37.41906770,152.05
7946.06,55.80446515,37.41908329,152.04
7947.06,55.80446324,37.41909888,152.02
7948.06,55.80446126,37.41911443,152.01
7949.06,55.80445925,37.41912997,152.00
7950.06,55.80445720,37.41914550,151.98
7951.06,55.80445515,37.41916102,151.97
7952.06,55.80445308,37.41917654,151.96
7953.06,55.80445105,37.41919208,151.94
7954.06,55.80444906,37.41920762,151.93
7955.06,55.80444709,37.41922318,151.91
7956.06,55.80444513,37.41923875,151.89
7957.06,55.80444317,37.41925431,151.88
7958.06,55.80444118,37.41926986,151.86
7959.06,55.80443923,37.41928543,151.85
7960.06,55.80443729,37.41930100,151.83
7961.06,55.80443535,37.41931657,151.82
7962.06,55.80443345,37.41933215,151.80
7963.06,55.80443151,37.41934772,151.79
7964.06,55.80442953,37.41936328,151.77
7965.06,55.80442755,37.41937883,151.76
7966.06,55.80442566,37.41939442,151.74
7967.06,55.80442373,37.41940999,151.73
7968.06,55.80442180,37.41942557,151.71
7969.06,55.80441990,37.41944115,151.70
7970.06,55.80441798,37.41945673,151.68
7971.06,55.80441606,37.41947231,151.67
7972.06,55.80441414,37.41948789,151.65
7973.06,55.80441219,37.41950345,151.64
7974.06,55.80441018,37.41951899,151.62
7975.06,55.80440813,37.41953452,151.61
7976.06,55.80440608,37.41955005,151.60
7977.06,55.80440413,37.41956561,151.58
7978.06,55.80440218,37.41958118,151.57
7979.06,55.80440024,37.41959675,151.55
7980.06,55.80439836,37.41961234,151.54
7981.06,55.80439643,37.41962791,151.53
7982.06,55.80439446,37.41964347,151.51
7983.06,55.80439248,37.41965903,151.50
7984.06,55.80439051,37.41967459,151.48
7985.06,55.80438851,37.41969013,151.47
7986.06,55.80438651,37.41970568,151.46
7987.06,55.80438455,37.41972124,151.44
7988.06,55.80438261,37.41973681,151.43
7989.06,55.80438064,37.41975237,151.41
7990.06,55.80437863,37.41976791,151.40
7991.06,55.80437661,37.41978345,151.38
7992.06,55.80437462,37.41979900,151.37
7993.06,55.80437265,37.41981456,151.35
7994.06,55.80437070,37.41983012,151.33
7995.06,55.80436876,37.41984569,151.32
7996.06,55.80436682,37.41986126,151.30
7997.06,55.80436488,37.41987683,151.29
7998.06,55.80436293,37.41989240,151.27
7999.06,55.80436096,37.41990796,151.25
8000.06,55.80435899,37.41992351,151.24
8001.06,55.80435703,37.41993908,151.22
8002.06,55.80435508,37.41995465,151.21
8003.06,55.80435315,37.41997022,151.20
8004.06,55.80435115,37.41998576,151.18
8005.06,55.80434906,37.42000127,151.17
8006.06,55.80434695,37.42001677,151.15
8007.06,55.80434495,37.42003232,151.14
8008.06,55.80434295,37.42004787,151.13
8009.06,55.80434104,37.42006345,151.11
8010.06,55.80433921,37.42007906,151.10
8011.06,55.80433738,37.42009467,151.08
8012.06,55.80433557,37.42011029,151.07
8013.06,55.80433373,37.42012590,151.06
8014.06,55.80433190,37.42014151,151.04
8015.06,55.80433007,37.42015712,151.03
8016.06,55.80432817,37.42017271,151.02
8017.06,55.80432619,37.42018826,151.00
8018.06,55.80432418,37.42020380,150.99
8019.06,55.80432220,37.42021936,150.98
8020.06,55.80432023,37.42023492,150.96
8021.06,55.80431828,37.42025048,150.95
8022.06,55.80431636,37.42026606,150.94
8023.06,55.80431446,37.42028165,150.92
8024.06,55.80431250,37.42029721,150.91
8025.06,55.80431048,37.42031275,150.90
8026.06,55.80430839,37.42032825,150.89
8027.06,55.80430630,37.42034376,150.87
8028.06,55.80430428,37.42035930,150.86
8029.06,55.80430239,37.42037489,150.85
8030.06,55.80430056,37.42039050,150.83
8031.06,55.80429873,37.42040611,150.82
8032.06,55.80429685,37.42042171,150.81
8033.06,55.80429486,37.42043725,150.79
8034.06,55.80429281,37.42045278,150.78
8035.06,55.80429075,37.42046830,150.76
8036.06,55.80428870,37.42048383,150.75
8037.06,55.80428675,37.42049939,150.74
8038.06,55.80428482,37.42051497,150.72
8039.06,55.80428286,37.42053053,150.71
8040.06,55.80428084,37.42054607,150.69
8041.06,55.80427886,37.42056162,150.68
8042.06,55.80427686,37.42057717,150.67
8043.06,55.80427488,37.42059272,150.65
8044.06,55.80427293,37.42060829,150.64
8045.06,55.80427097,37.42062385,150.63
8046.06,55.80426900,37.42063941,150.62
8047.06,55.80426703,37.42065497,150.60
8048.06,55.80426504,37.42067052,150.59
8049.06,55.80426306,37.42068607,150.58
8050.06,55.80426112,37.42070164,150.57
8051.06,55.80425920,37.42071722,150.55
8052.06,55.80425723,37.42073278,150.54
8053.06,55.80425524,37.42074833,150.52
8054.06,55.80425324,37.42076387,150.51
8055.06,55.80425124,37.42077942,150.49
8056.06,55.80424927,37.42079498,150.48
8057.06,55.80424734,37.42081055,150.46
8058.06,55.80424541,37.42082612,150.45
8059.06,55.80424344,37.42084169,150.43
8060.06,55.80424141,37.42085722,150.42
8061.06,55.80423936,37.42087274,150.40
8062.06,55.80423737,37.42088829,150.39
8063.06,55.80423544,37.42090387,150.37
8064.06,55.80423352,37.42091945,150.36
8065.06,55.80423162,37.42093503,150.34
8066.06,55.80422969,37.42095060,150.33
8067.06,55.80422774,37.42096617,150.31
8068.06,55.80422574,37.42098172,150.29
8069.06,55.80422373,37.42099726,150.28
8070.06,55.80422175,37.42101281,150.26
8071.06,55.80421973,37.42102835,150.24
8072.06,55.80421776,37.42104391,150.22
8073.06,55.80421579,37.42105947,150.21
8074.06,55.80421386,37.42107504,150.19
8075.06,55.80421194,37.42109062,150.17
8076.06,55.80420999,37.42110618,150.16
8077.06,55.80420801,37.42112174,150.14
8078.06,55.80420602,37.42113729,150.12
8079.06,55.80420404,37.42115285,150.11
8080.06,55.80420206,37.42116840,150.09
8081.06,55.80420002,37.42118393,150.07
8082.06,55.80419801,37.42119947,150.06
8083.06,55.80419600,37.42121501,150.04
8084.06,55.80419408,37.42123059,150.03
8085.06,55.80419226,37.42124620,150.01
8086.06,55.80419045,37.42126182,150.00
8087.06,55.80418861,37.42127743,149.98
8088.06,55.80418670,37.42129301,149.97
8089.06,55.80418474,37.42130857,149.95
8090.06,55.80418274,37.42132412,149.94
8091.06,55.80418072,37.42133966,149.92
8092.06,55.80417878,37.42135523,149.90
8093.06,55.80417677,37.42137077,149.89
8094.06,55.80417484,37.42138634,149.87
8095.06,55.80417287,37.42140190,149.86
8096.06,55.80417086,37.42141745,149.84
8097.06,55.80416884,37.42143298,149.82
8098.06,55.80416682,37.42144852,149.81
8099.06,55.80416476,37.42146404,149.79
8100.06,55.80416264,37.42147954,149.78
8101.06,55.80416055,37.42149504,149.76
8102.06,55.80415856,37.42151060,149.75
8103.06,55.80415672,37.42152620,149.74
8104.06,55.80415491,37.42154182,149.72
8105.06,55.80415303,37.42155742,149.71
8106.06,55.80415107,37.42157298,149.69
8107.06,55.80414901,37.42158850,149.68
8108.06,55.80414694,37.42160401,149.67
8109.06,55.80414501,37.42161959,149.65
8110.06,55.80414321,37.42163521,149.64
8111.06,55.80414146,37.42165085,149.62
8112.06,55.80413962,37.42166646,149.61
8113.06,55.80413775,37.42168206,149.60
8114.06,55.80413585,37.42169764,149.58
8115.06,55.80413390,37.42171321,149.57
8116.06,55.80413191,37.42172876,149.56
8117.06,55.80412995,37.42174432,149.55
8118.06,55.80412800,37.42175989,149.54
8119.06,55.80412603,37.42177545,149.53
8120.06,55.80412403,37.42179099,149.52
8121.06,55.80412196,37.42180651,149.50
8122.06,55.80411990,37.42182203,149.49
8123.06,55.80411785,37.42183756,149.48
8124.06,55.80411578,37.42185307,149.47
8125.06,55.80411372,37.42186859,149.45
8126.06,55.80411171,37.42188413,149.44
8127.06,55.80410972,37.42189968,149.43
8128.06,55.80410773,37.42191523,149.42
8129.06,55.80410576,37.42193079,149.40
8130.06,55.80410379,37.42194635,149.39
8131.06,55.80410179,37.42196190,149.38
8132.06,55.80409980,37.42197745,149.37
8133.06,55.80409784,37.42199301,149.35
8134.06,55.80409592,37.42200859,149.34
8135.06,55.80409403,37.42202418,149.33
8136.06,55.80409210,37.42203975,149.32
8137.06,55.80409018,37.42205533,149.30
8138.06,55.80408826,37.42207091,149.29
8139.06,55.80408631,37.42208647,149.28
8140.06,55.80408436,37.42210204,149.27
8141.06,55.80408239,37.42211760,149.26
8142.06,55.80408046,37.42213317,149.24
8143.06,55.80407855,37.42214875,149.23
8144.06,55.80407664,37.42216433,149.22
8145.06,55.80407470,37.42217990,149.21
8146.06,55.80407272,37.42219546,149.20
8147.06,55.80407071,37.42221100,149.19
8148.06,55.80406868,37.42222654,149.18
8149.06,55.80406666,37.42224207,149.17
8150.06,55.80406462,37.42225760,149.16
8151.06,55.80406262,37.42227315,149.15
8152.06,55.80406063,37.42228870,149.14
8153.06,55.80405867,37.42230426,149.13
8154.06,55.80405674,37.42231983,149.12
8155.06,55.80405484,37.42233542,149.10
8156.06,55.80405297,37.42235102,149.09
8157.06,55.80405111,37.42236662,149.08
8158.06,55.80404925,37.42238222,149.07
8159.06,55.80404738,37.42239781,149.06
8160.06,55.80404546,37.42241339,149.05
8161.06,55.80404353,37.42242897,149.03
8162.06,55.80404148,37.42244449,149.02
8163.06,55.80403943,37.42246002,149.01
8164.06,55.80403739,37.42247555,148.99
8165.06,55.80403538,37.42249109,148.98
8166.06,55.80403336,37.42250663,148.96
8167.06,55.80403136,37.42252217,148.94
8168.06,55.80402944,37.42253775,148.93
8169.06,55.80402756,37.42255335,148.91
8170.06,55.80402569,37.42256894,148.89
8171.06,55.80402383,37.42258454,148.88
8172.06,55.80402193,37.42260013,148.86
8173.06,55.80402001,37.42261570,148.84
8174.06,55.80401805,37.42263127,148.82
8175.06,55.80401603,37.42264680,148.81
8176.06,55.80401399,37.42266233,148.79
8177.06,55.80401196,37.42267787,148.78
8178.06,55.80400994,37.42269341,148.76
8179.06,55.80400797,37.42270896,148.74
8180.06,55.80400602,37.42272453,148.72
8181.06,55.80400409,37.42274010,148.71
8182.06,55.80400217,37.42275568,148.69
8183.06,55.80400022,37.42277125,148.67
8184.06,55.80399822,37.42278679,148.65
8185.06,55.80399617,37.42280232,148.64
8186.06,55.80399412,37.42281784,148.62
8187.06,55.80399202,37.42283335,148.61
8188.06,55.80398999,37.42284888,148.60
8189.06,55.80398804,37.42286445,148.58
8190.06,55.80398615,37.42288004,148.57
8191.06,55.80398433,37.42289565,148.56
8192.06,55.80398256,37.42291129,148.55
8193.06,55.80398079,37.42292692,148.54
8194.06,55.80397899,37.42294254,148.54
8195.06,55.80397715,37.42295815,148.53
8196.06,55.80397525,37.42297373,148.52
8197.06,55.80397329,37.42298930,148.51
8198.06,55.80397129,37.42300485,148.50
8199.06,55.80396922,37.42302036,148.49
8200.06,55.80396716,37.42303588,148.48
8201.06,55.80396513,37.42305142,148.47
8202.06,55.80396310,37.42306695,148.46
8203.06,55.80396111,37.42308250,148.45
8204.06,55.80395914,37.42309806,148.45
8205.06,55.80395719,37.42311362,148.44
8206.06,55.80395524,37.42312919,148.43
8207.06,55.80395331,37.42314476,148.43
8208.06,55.80395136,37.42316033,148.42
8209.06,55.80394938,37.42317588,148.41
8210.06,55.80394739,37.42319143,148.40
8211.06,55.80394541,37.42320699,148.39
8212.06,55.80394345,37.42322255,148.38
8213.06,55.80394151,37.42323812,148.38
8214.06,55.80393960,37.42325370,148.37
8215.06,55.80393774,37.42326930,148.36
8216.06,55.80393588,37.42328490,148.34
8217.06,55.80393405,37.42330051,148.33
8218.06,55.80393218,37.42331611,148.32
8219.06,55.80393023,37.42333168,148.31
8220.06,55.80392820,37.42334721,148.30
8221.06,55.80392615,37.42336274,148.29
8222.06,55.80392408,37.42337825,148.28
8223.06,55.80392200,37.42339377,148.27
8224.06,55.80391997,37.42340930,148.26
8225.06,55.80391803,37.42342487,148.25
8226.06,55.80391612,37.42344045,148.24
8227.06,55.80391424,37.42345605,148.23
8228.06,55.80391242,37.42347166,148.23
8229.06,55.80391055,37.42348726,148.22
8230.06,55.80390861,37.42350283,148.21
8231.06,55.80390660,37.42351837,148.20
8232.06,55.80390455,37.42353390,148.19
8233.06,55.80390240,37.42354938,148.19
8234.06,55.80390026,37.42356487,148.18
8235.06,55.80389822,37.42358039,148.17
8236.06,55.80389622,37.42359594,148.17
8237.06,55.80389429,37.42361152,148.16
8238.06,55.80389246,37.42362713,148.15
8239.06,55.80389069,37.42364276,148.15
8240.06,55.80388890,37.42365839,148.14
8241.06,55.80388715,37.42367403,148.14
8242.06,55.80388538,37.42368966,148.13
8243.06,55.80388357,37.42370528,148.13
8244.06,55.80388171,37.42372088,148.13
8245.06,55.80387984,37.42373648,148.12
8246.06,55.80387792,37.42375206,148.12
8247.06,55.80387597,37.42376762,148.11
8248.06,55.80387406,37.42378320,148.11
8249.06,55.80387218,37.42379879,148.11
8250.06,55.80387031,37.42381439,148.10
8251.06,55.80386846,37.42383000,148.10
8252.06,55.80386667,37.42384562,148.09
8253.06,55.80386487,37.42386125,148.09
8254.06,55.80386305,37.42387686,148.08
8255.06,55.80386122,37.42389247,148.08
8256.06,55.80385938,37.42390808,148.07
8257.06,55.80385752,37.42392368,148.07
8258.06,55.80385567,37.42393929,148.07
8259.06,55.80385385,37.42395490,148.06
8260.06,55.80385207,37.42397053,148.06
8261.06,55.80385033,37.42398618,148.05
8262.06,55.80384867,37.42400185,148.05
8263.06,55.80384702,37.42401752,148.05
8264.06,55.80384535,37.42403319,148.04
8265.06,55.80384369,37.42404886,148.04
8266.06,55.80384199,37.42406452,148.04
8267.06,55.80384026,37.42408017,148.04
8268.06,55.80383853,37.42409582,148.03
8269.06,55.80383680,37.42411147,148.03
8270.06,55.80383508,37.42412712,148.03
8271.06,55.80383337,37.42414277,148.03
8272.06,55.80383171,37.42415844,148.03
8273.06,55.80383008,37.42417412,148.03
8274.06,55.80382844,37.42418980,148.03
8275.06,55.80382681,37.42420549,148.03
8276.06,55.80382516,37.42422116,148.03
8277.06,55.80382346,37.42423682,148.03
8278.06,55.80382175,37.42425247,148.03
8279.06,55.80382002,37.42426812,148.03
8280.06,55.80381825,37.42428375,148.03
8281.06,55.80381650,37.42429939,148.03
8282.06,55.80381471,37.42431502,148.03
8283.06,55.80381295,37.42433066,148.04
8284.06,55.80381126,37.42434632,148.04
8285.06,55.80380960,37.42436199,148.04
8286.06,55.80380797,37.42437767,148.05
8287.06,55.80380641,37.42439338,148.05
8288.06,55.80380486,37.42440908,148.05
8289.06,55.80380330,37.42442479,148.06
8290.06,55.80380176,37.42444050,148.06
8291.06,55.80380024,37.42445621,148.06
8292.06,55.80379875,37.42447194,148.06
8293.06,55.80379729,37.42448768,148.06
8294.06,55.80379593,37.42450344,148.07
8295.06,55.80379460,37.42451921,148.07
8296.06,55.80379325,37.42453497,148.07
8297.06,55.80379191,37.42455074,148.07
8298.06,55.80379058,37.42456651,148.08
8299.06,55.80378930,37.42458230,148.08
8300.06,55.80378803,37.42459808,148.08
8301.06,55.80378679,37.42461388,148.08
8302.06,55.80378559,37.42462968,148.09
8303.06,55.80378437,37.42464548,148.09
8304.06,55.80378321,37.42466129,148.09
8305.06,55.80378209,37.42467711,148.09
8306.06,55.80378103,37.42469295,148.09
8307.06,55.80378003,37.42470879,148.10
8308.06,55.80377907,37.42472465,148.10
8309.06,55.80377823,37.42474052,148.10
8310.06,55.80377738,37.42475640,148.10
8311.06,55.80377660,37.42477229,148.10
8312.06,55.80377583,37.42478817,148.10
8313.06,55.80377504,37.42480406,148.11
8314.06,55.80377423,37.42481994,148.11
8315.06,55.80377340,37.42483582,148.11
8316.06,55.80377250,37.42485168,148.11
8317.06,55.80377161,37.42486755,148.11
8318.06,55.80377075,37.42488343,148.12
8319.06,55.80376991,37.42489930,148.12
8320.06,55.80376909,37.42491518,148.12
8321.06,55.80376831,37.42493107,148.13
8322.06,55.80376756,37.42494696,148.13
8323.06,55.80376686,37.42496286,148.13
8324.06,55.80376621,37.42497876,148.13
8325.06,55.80376555,37.42499466,148.14
8326.06,55.80376493,37.42501057,148.14
8327.06,55.80376429,37.42502648,148.14
8328.06,55.80376360,37.42504238,148.15
8329.06,55.80376289,37.42505827,148.15
8330.06,55.80376218,37.42507417,148.15
8331.06,55.80376142,37.42509006,148.16
8332.06,55.80376067,37.42510595,148.16
8333.06,55.80375993,37.42512184,148.16
8334.06,55.80375919,37.42513773,148.17
8335.06,55.80375848,37.42515363,148.17
8336.06,55.80375780,37.42516953,148.18
8337.06,55.80375714,37.42518544,148.18
8338.06,55.80375650,37.42520134,148.18
8339.06,55.80375588,37.42521725,148.18
8340.06,55.80375523,37.42523315,148.19
8341.06,55.80375455,37.42524905,148.19
8342.06,55.80375387,37.42526496,148.19
8343.06,55.80375317,37.42528085,148.19
8344.06,55.80375246,37.42529675,148.19
8345.06,55.80375177,37.42531265,148.19
8346.06,55.80375112,37.42532855,148.19
8347.06,55.80375047,37.42534446,148.20
8348.06,55.80374987,37.42536037,148.20
8349.06,55.80374930,37.42537628,148.20
8350.06,55.80374873,37.42539220,148.20
8351.06,55.80374820,37.42540812,148.21
8352.06,55.80374765,37.42542403,148.21
8353.06,55.80374711,37.42543995,148.21
8354.06,55.80374655,37.42545587,148.21
8355.06,55.80374595,37.42547178,148.21
8356.06,55.80374535,37.42548769,148.22
8357.06,55.80374475,37.42550360,148.22
8358.06,55.80374414,37.42551951,148.22
8359.06,55.80374354,37.42553542,148.22
8360.06,55.80374298,37.42555133,148.22
8361.06,55.80374244,37.42556725,148.22
8362.06,55.80374194,37.42558317,148.22
8363.06,55.80374149,37.42559910,148.22
8364.06,55.80374102,37.42561502,148.22
8365.06,55.80374054,37.42563095,148.22
8366.06,55.80374005,37.42564687,148.22
8367.06,55.80373957,37.42566279,148.23
8368.06,55.80373910,37.42567872,148.23
8369.06,55.80373866,37.42569465,148.23
8370.06,55.80373825,37.42571057,148.23
8371.06,55.80373783,37.42572650,148.23
8372.06,55.80373745,37.42574244,148.23
8373.06,55.80373706,37.42575837,148.23
8374.06,55.80373672,37.42577430,148.23
8375.06,55.80373638,37.42579024,148.23
8376.06,55.80373606,37.42580617,148.23
8377.06,55.80373574,37.42582211,148.23
8378.06,55.80373545,37.42583805,148.23
8379.06,55.80373517,37.42585399,148.23
8380.06,55.80373489,37.42586993,148.23
8381.06,55.80373463,37.42588587,148.23
8382.06,55.80373435,37.42590180,148.23
8383.06,55.80373405,37.42591774,148.23
8384.06,55.80373374,37.42593368,148.23
8385.06,55.80373342,37.42594961,148.23
8386.06,55.80373309,37.42596555,148.23
8387.06,55.80373276,37.42598149,148.23
8388.06,55.80373244,37.42599742,148.23
8389.06,55.80373215,37.42601336,148.23
8390.06,55.80373186,37.42602930,148.23
8391.06,55.80373162,37.42604524,148.23
8392.06,55.80373140,37.42606118,148.23
8393.06,55.80373119,37.42607712,148.23
8394.06,55.80373097,37.42609306,148.23
8395.06,55.80373075,37.42610901,148.23
8396.06,55.80373055,37.42612495,148.23
8397.06,55.80373033,37.42614089,148.23
8398.06,55.80373009,37.42615683,148.23
8399.06,55.80372983,37.42617277,148.23
8400.06,55.80372956,37.42618871,148.24
8401.06,55.80372927,37.42620465,148.24
8402.06,55.80372896,37.42622058,148.24
8403.06,55.80372867,37.42623652,148.24
8404.06,55.80372840,37.42625246,148.24
8405.06,55.80372809,37.42626840,148.25
8406.06,55.80372775,37.42628433,148.25
8407.06,55.80372744,37.42630027,148.25
8408.06,55.80372718,37.42631621,148.25
8409.06,55.80372693,37.42633215,148.26
8410.06,55.80372672,37.42634809,148.26
8411.06,55.80372648,37.42636403,148.26
8412.06,55.80372623,37.42637997,148.26
8413.06,55.80372599,37.42639591,148.27
8414.06,55.80372575,37.42641185,148.27
8415.06,55.80372551,37.42642780,148.27
8416.06,55.80372527,37.42644374,148.27
8417.06,55.80372502,37.42645968,148.27
8418.06,55.80372476,37.42647562,148.28
8419.06,55.80372450,37.42649156,148.28
8420.06,55.80372423,37.42650749,148.28
8421.06,55.80372394,37.42652343,148.28
8422.06,55.80372363,37.42653937,148.28
8423.06,55.80372333,37.42655531,148.28
8424.06,55.80372307,37.42657125,148.29
8425.06,55.80372288,37.42658719,148.29
8426.06,55.80372270,37.42660313,148.29
8427.06,55.80372254,37.42661908,148.29
8428.06,55.80372239,37.42663502,148.29
8429.06,55.80372221,37.42665096,148.29
8430.06,55.80372199,37.42666691,148.29
8431.06,55.80372175,37.42668285,148.29
8432.06,55.80372147,37.42669879,148.29
8433.06,55.80372116,37.42671472,148.29
8434.06,55.80372084,37.42673066,148.29
8435.06,55.80372052,37.42674659,148.29
8436.06,55.80372024,37.42676253,148.29
8437.06,55.80372003,37.42677847,148.29
8438.06,55.80371979,37.42679442,148.29
8439.06,55.80371956,37.42681036,148.29
8440.06,55.80371933,37.42682630,148.29
8441.06,55.80371910,37.42684224,148.30
8442.06,55.80371887,37.42685818,148.30
8443.06,55.80371863,37.42687412,148.30
8444.06,55.80371839,37.42689006,148.30
8445.06,55.80371815,37.42690600,148.31
8446.06,55.80371791,37.42692194,148.31
8447.06,55.80371768,37.42693788,148.31
8448.06,55.80371746,37.42695383,148.32
8449.06,55.80371726,37.42696977,148.32
8450.06,55.80371707,37.42698571,148.33
8451.06,55.80371688,37.42700165,148.33
8452.06,55.80371669,37.42701760,148.34
8453.06,55.80371647,37.42703354,148.34
8454.06,55.80371621,37.42704948,148.35
8455.06,55.80371593,37.42706542,148.36
8456.06,55.80371561,37.42708135,148.37
8457.06,55.80371525,37.42709729,148.37
8458.06,55.80371487,37.42711322,148.38
8459.06,55.80371451,37.42712915,148.39
8460.06,55.80371417,37.42714509,148.39
8461.06,55.80371385,37.42716102,148.40
8462.06,55.80371352,37.42717696,148.41
8463.06,55.80371317,37.42719289,148.41
8464.06,55.80371290,37.42720883,148.42
8465.06,55.80371265,37.42722477,148.43
8466.06,55.80371247,37.42724072,148.43
8467.06,55.80371234,37.42725666,148.44
8468.06,55.80371227,37.42727261,148.44
8469.06,55.80371235,37.42728855,148.45
8470.06,55.80371249,37.42730450,148.46
8471.06,55.80371270,37.42732044,148.46
8472.06,55.80371294,37.42733638,148.47
8473.06,55.80371323,37.42735232,148.47
8474.06,55.80371358,37.42736825,148.48
8475.06,55.80371394,37.42738418,148.48
8476.06,55.80371437,37.42740011,148.49
8477.06,55.80371479,37.42741604,148.49
8478.06,55.80371522,37.42743197,148.49
8479.06,55.80371564,37.42744790,148.50
8480.06,55.80371607,37.42746383,148.50
8481.06,55.80371657,37.42747975,148.50
8482.06,55.80371711,37.42749567,148.51
8483.06,55.80371777,37.42751157,148.51
8484.06,55.80371842,37.42752747,148.52
8485.06,55.80371907,37.42754338,148.52
8486.06,55.80371982,37.42755927,148.52
8487.06,55.80372063,37.42757515,148.53
8488.06,55.80372149,37.42759102,148.53
8489.06,55.80372232,37.42760690,148.53
8490.06,55.80372314,37.42762278,148.54
8491.06,55.80372403,37.42763865,148.54
8492.06,55.80372498,37.42765450,148.54
8493.06,55.80372597,37.42767035,148.54
8494.06,55.80372693,37.42768621,148.54
8495.06,55.80372788,37.42770207,148.54
8496.06,55.80372883,37.42771792,148.54
8497.06,55.80372979,37.42773378,148.53
8498.06,55.80373080,37.42774962,148.53
8499.06,55.80373181,37.42776547,148.53
8500.06,55.80373285,37.42778131,148.52
8501.06,55.80373385,37.42779716,148.52
8502.06,55.80373480,37.42781301,148.51
8503.06,55.80373582,37.42782886,148.50
8504.06,55.80373691,37.42784468,148.50
8505.06,55.80373805,37.42786050,148.49
8506.06,55.80373925,37.42787630,148.48
8507.06,55.80374058,37.42789207,148.47
8508.06,55.80374197,37.42790783,148.45
8509.06,55.80374348,37.42792355,148.44
8510.06,55.80374501,37.42793926,148.43
8511.06,55.80374663,37.42795494,148.42
8512.06,55.80374827,37.42797062,148.41
8513.06,55.80374997,37.42798628,148.40
8514.06,55.80375169,37.42800193,148.38
8515.06,55.80375345,37.42801757,148.37
8516.06,55.80375524,37.42803319,148.36
8517.06,55.80375706,37.42804881,148.34
8518.06,55.80375888,37.42806443,148.33
8519.06,55.80376072,37.42808003,148.32
8520.06,55.80376258,37.42809563,148.31
8521.06,55.80376448,37.42811122,148.29
8522.06,55.80376641,37.42812679,148.28
8523.06,55.80376842,37.42814234,148.27
8524.06,55.80377042,37.42815788,148.26
8525.06,55.80377241,37.42817343,148.25
8526.06,55.80377446,37.42818896,148.24
8527.06,55.80377662,37.42820443,148.23
8528.06,55.80377880,37.42821990,148.22
8529.06,55.80378102,37.42823535,148.21
8530.06,55.80378327,37.42825079,148.20
8531.06,55.80378556,37.42826621,148.19
8532.06,55.80378787,37.42828162,148.18
8533.06,55.80379021,37.42829702,148.18
8534.06,55.80379256,37.42831241,148.17
8535.06,55.80379490,37.42832780,148.16
8536.06,55.80379727,37.42834319,148.16
8537.06,55.80379964,37.42835857,148.15
8538.06,55.80380202,37.42837394,148.14
8539.06,55.80380442,37.42838931,148.14
8540.06,55.80380687,37.42840465,148.13
8541.06,55.80380930,37.42842000,148.12
8542.06,55.80381174,37.42843535,148.12
8543.06,55.80381417,37.42845070,148.11
8544.06,55.80381660,37.42846605,148.10
8545.06,55.80381903,37.42848141,148.10
8546.06,55.80382146,37.42849675,148.09
8547.06,55.80382391,37.42851210,148.09
8548.06,55.80382634,37.42852745,148.08
8549.06,55.80382876,37.42854281,148.08
8550.06,55.80383118,37.42855816,148.07
8551.06,55.80383353,37.42857355,148.07
8552.06,55.80383588,37.42858894,148.07
8553.06,55.80383819,37.42860435,148.06
8554.06,55.80384050,37.42861976,148.06
8555.06,55.80384285,37.42863516,148.05
8556.06,55.80384521,37.42865054,148.05
8557.06,55.80384759,37.42866591,148.05
8558.06,55.80385002,37.42868127,148.04
8559.06,55.80385243,37.42869663,148.04
8560.06,55.80385491,37.42871195,148.04
8561.06,55.80385738,37.42872729,148.03
8562.06,55.80385982,37.42874264,148.03
8563.06,55.80386223,37.42875800,148.03
8564.06,55.80386459,37.42877338,148.03
8565.06,55.80386688,37.42878880,148.02
8566.06,55.80386919,37.42880421,148.02
8567.06,55.80387149,37.42881962,148.02
8568.06,55.80387380,37.42883504,148.02
8569.06,55.80387612,37.42885044,148.02
8570.06,55.80387845,37.42886584,148.02
8571.06,55.80388082,37.42888122,148.02
8572.06,55.80388323,37.42889658,148.02
8573.06,55.80388565,37.42891194,148.02
8574.06,55.80388809,37.42892729,148.02
8575.06,55.80389054,37.42894263,148.02
8576.06,55.80389299,37.42895797,148.02
8577.06,55.80389544,37.42897331,148.02
8578.06,55.80389785,37.42898867,148.02
8579.06,55.80390024,37.42900405,148.02
8580.06,55.80390262,37.42901942,148.02
8581.06,55.80390498,37.42903481,148.02
8582.06,55.80390734,37.42905019,148.02
8583.06,55.80390972,37.42906557,148.02
8584.06,55.80391215,37.42908092,148.02
8585.06,55.80391457,37.42909628,148.02
8586.06,55.80391697,37.42911164,148.02
8587.06,55.80391939,37.42912700,148.02
8588.06,55.80392181,37.42914236,148.02
8589.06,55.80392423,37.42915772,148.02
8590.06,55.80392663,37.42917308,148.02
8591.06,55.80392900,37.42918847,148.03
8592.06,55.80393132,37.42920387,148.03
8593.06,55.80393364,37.42921927,148.03
8594.06,55.80393592,37.42923470,148.03
8595.06,55.80393820,37.42925012,148.03
8596.06,55.80394053,37.42926552,148.03
8597.06,55.80394289,37.42928091,148.03
8598.06,55.80394526,37.42929629,148.03
8599.06,55.80394765,37.42931166,148.03
8600.06,55.80395005,37.42932703,148.03
8601.06,55.80395246,37.42934239,148.03
8602.06,55.80395487,37.42935775,148.03
8603.06,55.80395727,37.42937312,148.03
8604.06,55.80395965,37.42938849,148.04
8605.06,55.80396203,37.42940387,148.04
8606.06,55.80396439,37.42941926,148.04
8607.06,55.80396674,37.42943465,148.04
8608.06,55.80396911,37.42945003,148.04
8609.06,55.80397147,37.42946541,148.05
8610.06,55.80397384,37.42948080,148.05
8611.06,55.80397624,37.42949616,148.06
8612.06,55.80397874,37.42951148,148.06
8613.06,55.80398128,37.42952677,148.06
8614.06,55.80398377,37.42954210,148.07
8615.06,55.80398631,37.42955739,148.07
8616.06,55.80398883,37.42957270,148.07
8617.06,55.80399127,37.42958805,148.07
8618.06,55.80399365,37.42960342,148.08
8619.06,55.80399600,37.42961881,148.08
8620.06,55.80399832,37.42963422,148.08
8621.06,55.80400062,37.42964963,148.09
8622.06,55.80400293,37.42966504,148.09
8623.06,55.80400517,37.42968049,148.09
8624.06,55.80400743,37.42969592,148.10
8625.06,55.80400976,37.42971132,148.10
8626.06,55.80401212,37.42972671,148.10
8627.06,55.80401449,37.42974208,148.10
8628.06,55.80401690,37.42975745,148.11
8629.06,55.80401934,37.42977279,148.11
8630.06,55.80402176,37.42978815,148.11
8631.06,55.80402420,37.42980350,148.12
8632.06,55.80402664,37.42981884,148.12
8633.06,55.80402908,37.42983419,148.12
8634.06,55.80403153,37.42984953,148.12
8635.06,55.80403396,37.42986489,148.13
8636.06,55.80403635,37.42988026,148.13
8637.06,55.80403874,37.42989563,148.13
8638.06,55.80404114,37.42991100,148.14
8639.06,55.80404360,37.42992633,148.14
8640.06,55.80404607,37.42994166,148.14
8641.06,55.80404851,37.42995701,148.15
8642.06,55.80405094,37.42997236,148.15
8643.06,55.80405330,37.42998775,148.16
8644.06,55.80405560,37.43000316,148.16
8645.06,55.80405786,37.43001859,148.17
8646.06,55.80406013,37.43003402,148.17
8647.06,55.80406237,37.43004947,148.17
8648.06,55.80406466,37.43006489,148.18
8649.06,55.80406704,37.43008027,148.18
8650.06,55.80406952,37.43009559,148.19
8651.06,55.80407203,37.43011090,148.19
8652.06,55.80407455,37.43012621,148.19
8653.06,55.80407708,37.43014151,148.20
8654.06,55.80407958,37.43015683,148.20
8655.06,55.80408199,37.43017219,148.21
8656.06,55.80408434,37.43018758,148.21
8657.06,55.80408665,37.43020298,148.21
8658.06,55.80408891,37.43021842,148.22
8659.06,55.80409121,37.43023383,148.22
8660.06,55.80409354,37.43024923,148.23
8661.06,55.80409589,37.43026463,148.23
8662.06,55.80409826,37.43028001,148.23
8663.06,55.80410067,37.43029537,148.24
8664.06,55.80410308,37.43031073,148.24
8665.06,55.80410551,37.43032608,148.25
8666.06,55.80410795,37.43034143,148.25
8667.06,55.80411039,37.43035678,148.25
8668.06,55.80411283,37.43037213,148.26
8669.06,55.80411527,37.43038747,148.26
8670.06,55.80411770,37.43040282,148.27
8671.06,55.80412012,37.43041818,148.27
8672.06,55.80412252,37.43043355,148.28
8673.06,55.80412488,37.43044893,148.28
8674.06,55.80412720,37.43046434,148.29
8675.06,55.80412953,37.43047974,148.29
8676.06,55.80413186,37.43049514,148.30
8677.06,55.80413418,37.43051054,148.31
8678.06,55.80413652,37.43052594,148.31
8679.06,55.80413888,37.43054132,148.32
8680.06,55.80414126,37.43055670,148.32
8681.06,55.80414365,37.43057207,148.33
8682.06,55.80414608,37.43058742,148.33
8683.06,55.80414851,37.43060278,148.34
8684.06,55.80415093,37.43061813,148.34
8685.06,55.80415337,37.43063348,148.35
8686.06,55.80415577,37.43064885,148.35
8687.06,55.80415812,37.43066424,148.36
8688.06,55.80416042,37.43067965,148.36
8689.06,55.80416274,37.43069506,148.37
8690.06,55.80416507,37.43071046,148.38
8691.06,55.80416740,37.43072586,148.38
8692.06,55.80416976,37.43074125,148.39
8693.06,55.80417220,37.43075660,148.39
8694.06,55.80417466,37.43077193,148.40
8695.06,55.80417714,37.43078726,148.40
8696.06,55.80417966,37.43080256,148.41
8697.06,55.80418214,37.43081789,148.41
8698.06,55.80418456,37.43083325,148.42
8699.06,55.80418696,37.43084861,148.42
8700.06,55.80418934,37.43086399,148.43
8701.06,55.80419168,37.43087938,148.43
8702.06,55.80419402,37.43089478,148.44
8703.06,55.80419638,37.43091017,148.44
8704.06,55.80419875,37.43092555,148.44
8705.06,55.80420114,37.43094092,148.45
8706.06,55.80420355,37.43095628,148.45
8707.06,55.80420599,37.43097163,148.46
8708.06,55.80420840,37.43098699,148.46
8709.06,55.80421075,37.43100238,148.47
8710.06,55.80421303,37.43101781,148.47
8711.06,55.80421531,37.43103323,148.48
8712.06,55.80421757,37.43104866,148.48
8713.06,55.80421984,37.43106409,148.48
8714.06,55.80422220,37.43107948,148.49
8715.06,55.80422468,37.43109480,148.49
8716.06,55.80422720,37.43111011,148.49
8717.06,55.80422973,37.43112541,148.50
8718.06,55.80423231,37.43114069,148.50
8719.06,55.80423482,37.43115600,148.50
8720.06,55.80423721,37.43117137,148.51
8721.06,55.80423951,37.43118678,148.51
8722.06,55.80424179,37.43120221,148.51
8723.06,55.80424404,37.43121765,148.52
8724.06,55.80424625,37.43123310,148.52
8725.06,55.80424855,37.43124852,148.52
8726.06,55.80425095,37.43126388,148.52
8727.06,55.80425341,37.43127922,148.53
8728.06,55.80425587,37.43129456,148.53
8729.06,55.80425840,37.43130986,148.53
8730.06,55.80426092,37.43132516,148.53
8731.06,55.80426337,37.43134050,148.53
8732.06,55.80426574,37.43135589,148.54
8733.06,55.80426804,37.43137130,148.54
8734.06,55.80427027,37.43138675,148.54
8735.06,55.80427243,37.43140223,148.55
8736.06,55.80427464,37.43141768,148.55
8737.06,55.80427695,37.43143309,148.55
8738.06,55.80427933,37.43144847,148.56
8739.06,55.80428179,37.43146380,148.56
8740.06,55.80428434,37.43147909,148.56
8741.06,55.80428692,37.43149437,148.57
8742.06,55.80428945,37.43150967,148.57
8743.06,55.80429192,37.43152500,148.57
8744.06,55.80429431,37.43154037,148.58
8745.06,55.80429664,37.43155578,148.58
8746.06,55.80429886,37.43157123,148.59
8747.06,55.80430110,37.43158667,148.59
8748.06,55.80430338,37.43160210,148.59
8749.06,55.80430567,37.43161751,148.59
8750.06,55.80430808,37.43163288,148.60
8751.06,55.80431060,37.43164818,148.60
8752.06,55.80431318,37.43166346,148.60
8753.06,55.80431572,37.43167875,148.61
8754.06,55.80431822,37.43169407,148.61
8755.06,55.80432068,37.43170940,148.61
8756.06,55.80432306,37.43172478,148.62
8757.06,55.80432530,37.43174022,148.62
8758.06,55.80432752,37.43175567,148.62
8759.06,55.80432974,37.43177113,148.62
8760.06,55.80433193,37.43178659,148.63
8761.06,55.80433418,37.43180203,148.63
8762.06,55.80433649,37.43181744,148.63
8763.06,55.80433883,37.43183284,148.64
8764.06,55.80434121,37.43184821,148.64
8765.06,55.80434365,37.43186356,148.64
8766.06,55.80434612,37.43187889,148.64
8767.06,55.80434858,37.43189423,148.65
8768.06,55.80435107,37.43190955,148.65
8769.06,55.80435354,37.43192488,148.65
8770.06,55.80435598,37.43194022,148.65
8771.06,55.80435841,37.43195558,148.65
8772.06,55.80436082,37.43197094,148.66
8773.06,55.80436317,37.43198633,148.66
8774.06,55.80436549,37.43200174,148.66
8775.06,55.80436782,37.43201714,148.67
8776.06,55.80437014,37.43203254,148.67
8777.06,55.80437249,37.43204793,148.67
8778.06,55.80437492,37.43206329,148.67
8779.06,55.80437738,37.43207862,148.68
8780.06,55.80437987,37.43209394,148.68
8781.06,55.80438238,37.43210925,148.68
8782.06,55.80438485,37.43212459,148.68
8783.06,55.80438723,37.43213996,148.69
8784.06,55.80438956,37.43215537,148.69
8785.06,55.80439183,37.43217079,148.69
8786.06,55.80439403,37.43218625,148.69
8787.06,55.80439628,37.43220169,148.69
8788.06,55.80439856,37.43221711,148.69
8789.06,55.80440091,37.43223251,148.70
8790.06,55.80440336,37.43224785,148.70
8791.06,55.80440589,37.43226315,148.70
8792.06,55.80440840,37.43227846,148.70
8793.06,55.80441095,37.43229375,148.70
8794.06,55.80441345,37.43230907,148.70
8795.06,55.80441586,37.43232443,148.70
8796.06,55.80441820,37.43233983,148.70
8797.06,55.80442052,37.43235523,148.70
8798.06,55.80442277,37.43237067,148.70
8799.06,55.80442506,37.43238609,148.71
8800.06,55.80442743,37.43240147,148.71
8801.06,55.80442985,37.43241683,148.71
8802.06,55.80443229,37.43243217,148.71
8803.06,55.80443477,37.43244750,148.71
8804.06,55.80443724,37.43246283,148.71
8805.06,55.80443971,37.43247816,148.71
8806.06,55.80444218,37.43249349,148.71
8807.06,55.80444461,37.43250885,148.71
8808.06,55.80444698,37.43252423,148.71
8809.06,55.80444932,37.43253962,148.71
8810.06,55.80445162,37.43255504,148.71
8811.06,55.80445390,37.43257046,148.71
8812.06,55.80445620,37.43258588,148.71
8813.06,55.80445848,37.43260130,148.71
8814.06,55.80446078,37.43261672,148.71
8815.06,55.80446312,37.43263211,148.71
8816.06,55.80446548,37.43264750,148.71
8817.06,55.80446789,37.43266286,148.71
8818.06,55.80447039,37.43267818,148.71
8819.06,55.80447291,37.43269348,148.71
8820.06,55.80447540,37.43270881,148.71
8821.06,55.80447789,37.43272413,148.71
8822.06,55.80448034,37.43273947,148.71
8823.06,55.80448270,37.43275486,148.71
8824.06,55.80448500,37.43277027,148.71
8825.06,55.80448732,37.43278568,148.71
8826.06,55.80448964,37.43280108,148.71
8827.06,55.80449197,37.43281648,148.71
8828.06,55.80449433,37.43283187,148.71
8829.06,55.80449675,37.43284723,148.70
8830.06,55.80449919,37.43286257,148.70
8831.06,55.80450169,37.43287789,148.70
8832.06,55.80450419,37.43289320,148.70
8833.06,55.80450666,37.43290853,148.70
8834.06,55.80450912,37.43292387,148.70
8835.06,55.80451153,37.43293923,148.70
8836.06,55.80451388,37.43295463,148.69
8837.06,55.80451619,37.43297004,148.69
8838.06,55.80451850,37.43298545,148.69
8839.06,55.80452079,37.43300087,148.69
8840.06,55.80452308,37.43301628,148.69
8841.06,55.80452539,37.43303170,148.69
8842.06,55.80452768,37.43304712,148.69
8843.06,55.80452999,37.43306253,148.68
8844.06,55.80453233,37.43307792,148.68
8845.06,55.80453468,37.43309331,148.68
8846.06,55.80453706,37.43310869,148.67
8847.06,55.80453946,37.43312406,148.67
8848.06,55.80454189,37.43313941,148.67
8849.06,55.80454437,37.43315473,148.67
8850.06,55.80454687,37.43317005,148.66
8851.06,55.80454931,37.43318540,148.66
8852.06,55.80455172,37.43320076,148.65
8853.06,55.80455407,37.43321615,148.65
8854.06,55.80455635,37.43323158,148.64
8855.06,55.80455860,37.43324701,148.64
8856.06,55.80456091,37.43326243,148.63
8857.06,55.80456328,37.43327780,148.63
8858.06,55.80456569,37.43329317,148.62
8859.06,55.80456815,37.43330850,148.62
8860.06,55.80457064,37.43332382,148.61
8861.06,55.80457312,37.43333915,148.61
8862.06,55.80457561,37.43335448,148.60
8863.06,55.80457806,37.43336981,148.60
8864.06,55.80458048,37.43338517,148.59
8865.06,55.80458285,37.43340055,148.58
8866.06,55.80458518,37.43341595,148.58
8867.06,55.80458748,37.43343137,148.57
8868.06,55.80458979,37.43344678,148.56
8869.06,55.80459210,37.43346219,148.56
8870.06,55.80459444,37.43347759,148.55
8871.06,55.80459684,37.43349295,148.54
8872.06,55.80459928,37.43350830,148.54
8873.06,55.80460172,37.43352365,148.53
8874.06,55.80460421,37.43353897,148.52
8875.06,55.80460667,37.43355430,148.52
8876.06,55.80460910,37.43356966,148.51
8877.06,55.80461149,37.43358503,148.51
8878.06,55.80461383,37.43360042,148.50
8879.06,55.80461610,37.43361585,148.49
8880.06,55.80461839,37.43363127,148.49
8881.06,55.80462070,37.43364668,148.48
8882.06,55.80462304,37.43366208,148.48
8883.06,55.80462542,37.43367746,148.47
8884.06,55.80462787,37.43369280,148.47
8885.06,55.80463032,37.43370814,148.47
8886.06,55.80463280,37.43372347,148.46
8887.06,55.80463528,37.43373879,148.46
8888.06,55.80463773,37.43375413,148.45
8889.06,55.80464018,37.43376948,148.45
8890.06,55.80464257,37.43378485,148.44
8891.06,55.80464488,37.43380026,148.44
8892.06,55.80464714,37.43381569,148.44
8893.06,55.80464943,37.43383111,148.44
8894.06,55.80465167,37.43384655,148.43
8895.06,55.80465395,37.43386198,148.43
8896.06,55.80465627,37.43387738,148.43
8897.06,55.80465862,37.43389278,148.43
8898.06,55.80466102,37.43390814,148.42
8899.06,55.80466351,37.43392346,148.42
8900.06,55.80466599,37.43393879,148.42
8901.06,55.80466847,37.43395412,148.42
8902.06,55.80467095,37.43396944,148.42
8903.06,55.80467339,37.43398479,148.41
8904.06,55.80467574,37.43400018,148.41
8905.06,55.80467805,37.43401559,148.41
8906.06,55.80468033,37.43403102,148.40
8907.06,55.80468254,37.43404647,148.40
8908.06,55.80468481,37.43406190,148.39
8909.06,55.80468715,37.43407730,148.39
8910.06,55.80468953,37.43409267,148.38
8911.06,55.80469195,37.43410803,148.38
8912.06,55.80469449,37.43412333,148.37
8913.06,55.80469703,37.43413863,148.37
8914.06,55.80469952,37.43415394,148.36
8915.06,55.80470202,37.43416926,148.35
8916.06,55.80470446,37.43418461,148.35
8917.06,55.80470682,37.43419999,148.34
8918.06,55.80470915,37.43421540,148.33
8919.06,55.80471151,37.43423078,148.33
8920.06,55.80471388,37.43424616,148.32
8921.06,55.80471629,37.43426153,148.31
8922.06,55.80471874,37.43427687,148.30
8923.06,55.80472125,37.43429218,148.29
8924.06,55.80472375,37.43430749,148.28
8925.06,55.80472623,37.43432282,148.27
8926.06,55.80472868,37.43433816,148.27
8927.06,55.80473104,37.43435355,148.26
8928.06,55.80473329,37.43436899,148.25
8929.06,55.80473551,37.43438444,148.24
8930.06,55.80473775,37.43439988,148.24
8931.06,55.80473996,37.43441534,148.23
8932.06,55.80474221,37.43443078,148.22
8933.06,55.80474448,37.43444621,148.22
8934.06,55.80474675,37.43446164,148.21
8935.06,55.80474898,37.43447708,148.20
8936.06,55.80475115,37.43449256,148.20
8937.06,55.80475325,37.43450806,148.19
8938.06,55.80475535,37.43452357,148.19
8939.06,55.80475739,37.43453910,148.18
8940.06,55.80475943,37.43455463,148.17
8941.06,55.80476149,37.43457015,148.17
8942.06,55.80476354,37.43458567,148.16
8943.06,55.80476561,37.43460119,148.16
8944.06,55.80476770,37.43461670,148.15
8945.06,55.80476981,37.43463220,148.14
8946.06,55.80477189,37.43464771,148.14
8947.06,55.80477394,37.43466324,148.13
8948.06,55.80477596,37.43467878,148.13
8949.06,55.80477799,37.43469431,148.12
8950.06,55.80477999,37.43470986,148.11
8951.06,55.80478197,37.43472541,148.11
8952.06,55.80478396,37.43474096,148.10
8953.06,55.80478590,37.43475653,148.10
8954.06,55.80478785,37.43477210,148.09
8955.06,55.80478977,37.43478768,148.08
8956.06,55.80479160,37.43480329,148.08
8957.06,55.80479343,37.43481890,148.07
8958.06,55.80479523,37.43483452,148.06
8959.06,55.80479700,37.43485016,148.06
8960.06,55.80479879,37.43486578,148.05
8961.06,55.80480060,37.43488140,148.04
8962.06,55.80480241,37.43489703,148.03
8963.06,55.80480422,37.43491264,148.03
8964.06,55.80480604,37.43492826,148.02
8965.06,55.80480785,37.43494388,148.01
8966.06,55.80480967,37.43495950,148.01
8967.06,55.80481149,37.43497511,148.00
8968.06,55.80481329,37.43499073,148.00
8969.06,55.80481504,37.43500638,147.99
8970.06,55.80481671,37.43502204,147.98
8971.06,55.80481836,37.43503772,147.98
8972.06,55.80481993,37.43505342,147.97
8973.06,55.80482145,37.43506914,147.96
8974.06,55.80482302,37.43508484,147.96
8975.06,55.80482458,37.43510054,147.95
8976.06,55.80482613,37.43511625,147.95
8977.06,55.80482768,37.43513196,147.94
8978.06,55.80482921,37.43514767,147.94
8979.06,55.80483074,37.43516339,147.94
8980.06,55.80483223,37.43517911,147.93
8981.06,55.80483369,37.43519485,147.93
8982.06,55.80483516,37.43521058,147.92
8983.06,55.80483661,37.43522632,147.92
8984.06,55.80483804,37.43524206,147.92
8985.06,55.80483947,37.43525780,147.91
8986.06,55.80484084,37.43527356,147.91
8987.06,55.80484219,37.43528933,147.91
8988.06,55.80484350,37.43530510,147.90
8989.06,55.80484471,37.43532091,147.90
8990.06,55.80484591,37.43533671,147.90
8991.06,55.80484706,37.43535253,147.89
8992.06,55.80484815,37.43536835,147.89
8993.06,55.80484929,37.43538417,147.89
8994.06,55.80485039,37.43540000,147.89
8995.06,55.80485153,37.43541582,147.89
8996.06,55.80485273,37.43543162,147.89
8997.06,55.80485397,37.43544741,147.89
8998.06,55.80485519,37.43546321,147.89
8999.06,55.80485635,37.43547903,147.89
9000.06,55.80485747,37.43549485,147.89
9001.06,55.80485855,37.43551068,147.89
9002.06,55.80485957,37.43552652,147.88
9003.06,55.80486056,37.43554237,147.88
9004.06,55.80486156,37.43555822,147.88
9005.06,55.80486255,37.43557407,147.88
9006.06,55.80486356,37.43558992,147.88
9007.06,55.80486461,37.43560575,147.88
9008.06,55.80486567,37.43562159,147.88
9009.06,55.80486672,37.43563743,147.88
9010.06,55.80486773,37.43565327,147.88
9011.06,55.80486871,37.43566912,147.88
9012.06,55.80486964,37.43568498,147.88
9013.06,55.80487043,37.43570087,147.88
9014.06,55.80487119,37.43571676,147.88
9015.06,55.80487194,37.43573265,147.88
9016.06,55.80487260,37.43574855,147.87
9017.06,55.80487330,37.43576445,147.87
9018.06,55.80487405,37.43578034,147.87
9019.06,55.80487482,37.43579623,147.87
9020.06,55.80487565,37.43581211,147.87
9021.06,55.80487653,37.43582798,147.87
9022.06,55.80487741,37.43584385,147.86
9023.06,55.80487826,37.43585972,147.86
9024.06,55.80487905,37.43587561,147.86
9025.06,55.80487973,37.43589151,147.86
9026.06,55.80488028,37.43590743,147.86
9027.06,55.80488072,37.43592335,147.86
9028.06,55.80488120,37.43593928,147.86
9029.06,55.80488174,37.43595520,147.86
9030.06,55.80488232,37.43597111,147.86
9031.06,55.80488297,37.43598702,147.86
9032.06,55.80488374,37.43600290,147.86
9033.06,55.80488454,37.43601879,147.86
9034.06,55.80488530,37.43603468,147.86
9035.06,55.80488602,37.43605057,147.86
9036.06,55.80488666,37.43606648,147.86
9037.06,55.80488718,37.43608240,147.86
9038.06,55.80488758,37.43609833,147.86
9039.06,55.80488796,37.43611426,147.86
9040.06,55.80488837,37.43613019,147.87
9041.06,55.80488879,37.43614612,147.87
9042.06,55.80488924,37.43616205,147.87
9043.06,55.80488983,37.43617796,147.88
9044.06,55.80489049,37.43619386,147.88
9045.06,55.80489120,37.43620976,147.89
9046.06,55.80489199,37.43622564,147.89
9047.06,55.80489273,37.43624154,147.90
9048.06,55.80489342,37.43625744,147.90
9049.06,55.80489406,37.43627334,147.91
9050.06,55.80489462,37.43628926,147.91
9051.06,55.80489506,37.43630519,147.92
9052.06,55.80489545,37.43632112,147.93
9053.06,55.80489587,37.43633705,147.93
9054.06,55.80489628,37.43635298,147.94
9055.06,55.80489673,37.43636890,147.95
9056.06,55.80489724,37.43638483,147.96
9057.06,55.80489780,37.43640074,147.97
9058.06,55.80489835,37.43641666,147.97
9059.06,55.80489893,37.43643257,147.98
9060.06,55.80489951,37.43644849,147.99
9061.06,55.80490003,37.43646441,148.00
9062.06,55.80490049,37.43648033,148.01
9063.06,55.80490097,37.43649626,148.03
9064.06,55.80490148,37.43651218,148.04
9065.06,55.80490204,37.43652809,148.05
9066.06,55.80490261,37.43654401,148.06
9067.06,55.80490325,37.43655991,148.07
9068.06,55.80490393,37.43657582,148.09
9069.06,55.80490459,37.43659172,148.10
9070.06,55.80490526,37.43660762,148.11
9071.06,55.80490587,37.43662353,148.13
9072.06,55.80490641,37.43663945,148.14
9073.06,55.80490689,37.43665537,148.16
9074.06,55.80490735,37.43667130,148.18
9075.06,55.80490776,37.43668723,148.19
9076.06,55.80490817,37.43670316,148.21
9077.06,55.80490866,37.43671908,148.23
9078.06,55.80490926,37.43673499,148.25
9079.06,55.80490990,37.43675090,148.27
9080.06,55.80491056,37.43676680,148.29
9081.06,55.80491127,37.43678270,148.31
9082.06,55.80491186,37.43679861,148.33
9083.06,55.80491232,37.43681454,148.35
9084.06,55.80491273,37.43683047,148.37
9085.06,55.80491311,37.43684640,148.39
9086.06,55.80491344,37.43686234,148.41
9087.06,55.80491381,37.43687827,148.44
9088.06,55.80491428,37.43689420,148.46
9089.06,55.80491484,37.43691011,148.48
9090.06,55.80491544,37.43692602,148.50
9091.06,55.80491612,37.43694192,148.53
9092.06,55.80491682,37.43695782,148.55
9093.06,55.80491748,37.43697373,148.57
9094.06,55.80491812,37.43698963,148.60
9095.06,55.80491872,37.43700554,148.62
9096.06,55.80491924,37.43702146,148.64
9097.06,55.80491969,37.43703739,148.67
9098.06,55.80492012,37.43705332,148.69
9099.06,55.80492050,37.43706925,148.72
9100.06,55.80492088,37.43708519,148.74
9101.06,55.80492132,37.43710111,148.77
9102.06,55.80492182,37.43711704,148.79
9103.06,55.80492233,37.43713296,148.82
9104.06,55.80492288,37.43714887,148.84
9105.06,55.80492347,37.43716479,148.87
9106.06,55.80492405,37.43718070,148.89
9107.06,55.80492467,37.43719661,148.92
9108.06,55.80492530,37.43721252,148.95
9109.06,55.80492590,37.43722843,148.97
9110.06,55.80492648,37.43724434,149.00
9111.06,55.80492706,37.43726026,149.03
9112.06,55.80492760,37.43727617,149.05
9113.06,55.80492812,37.43729209,149.08
9114.06,55.80492861,37.43730802,149.11
9115.06,55.80492904,37.43732395,149.14
9116.06,55.80492947,37.43733987,149.16
9117.06,55.80492993,37.43735580,149.19
9118.06,55.80493039,37.43737173,149.22
9119.06,55.80493089,37.43738765,149.25
9120.06,55.80493147,37.43740356,149.28
9121.06,55.80493206,37.43741947,149.31
9122.06,55.80493262,37.43743539,149.34
9123.06,55.80493322,37.43745130,149.37
9124.06,55.80493379,37.43746722,149.40
9125.06,55.80493431,37.43748314,149.43
9126.06,55.80493480,37.43749906,149.46
9127.06,55.80493527,37.43751498,149.50
9128.06,55.80493567,37.43753092,149.53
9129.06,55.80493609,37.43754685,149.56
9130.06,55.80493658,37.43756277,149.59
9131.06,55.80493714,37.43757868,149.62
9132.06,55.80493772,37.43759460,149.65
9133.06,55.80493836,37.43761050,149.69
9134.06,55.80493901,37.43762641,149.72
9135.06,55.80493963,37.43764232,149.75
9136.06,55.80494026,37.43765823,149.79
9137.06,55.80494085,37.43767414,149.82
9138.06,55.80494138,37.43769006,149.85
9139.06,55.80494186,37.43770598,149.89
9140.06,55.80494233,37.43772191,149.92
9141.06,55.80494273,37.43773784,149.95
9142.06,55.80494316,37.43775377,149.98
9143.06,55.80494365,37.43776969,150.02
9144.06,55.80494419,37.43778561,150.05
9145.06,55.80494473,37.43780153,150.08
9146.06,55.80494529,37.43781744,150.11
9147.06,55.80494587,37.43783336,150.14
9148.06,55.80494642,37.43784927,150.18
9149.06,55.80494695,37.43786519,150.21
9150.06,55.80494747,37.43788111,150.24
9151.06,55.80494796,37.43789704,150.27
9152.06,55.80494844,37.43791296,150.30
9153.06,55.80494898,37.43792888,150.33
9154.06,55.80494963,37.43794478,150.36
9155.06,55.80495032,37.43796068,150.39
9156.06,55.80495103,37.43797658,150.43
9157.06,55.80495177,37.43799247,150.46
9158.06,55.80495242,37.43800838,150.49
9159.06,55.80495292,37.43802430,150.52
9160.06,55.80495333,37.43804023,150.55
9161.06,55.80495370,37.43805616,150.58
9162.06,55.80495400,37.43807210,150.62
9163.06,55.80495434,37.43808804,150.65
9164.06,55.80495474,37.43810397,150.68
9165.06,55.80495519,37.43811989,150.71
9166.06,55.80495570,37.43813582,150.74
9167.06,55.80495637,37.43815172,150.78
9168.06,55.80495703,37.43816762,150.81
9169.06,55.80495763,37.43818353,150.84
9170.06,55.80495821,37.43819945,150.88
9171.06,55.80495873,37.43821537,150.91
9172.06,55.80495918,37.43823129,150.94
9173.06,55.80495962,37.43824722,150.98
9174.06,55.80496008,37.43826315,151.01
9175.06,55.80496053,37.43827907,151.05
9176.06,55.80496106,37.43829499,151.08
9177.06,55.80496170,37.43831090,151.11
9178.06,55.80496239,37.43832680,151.15
9179.06,55.80496304,37.43834270,151.18
9180.06,55.80496368,37.43835861,151.21
9181.06,55.80496428,37.43837452,151.25
9182.06,55.80496479,37.43839044,151.28
9183.06,55.80496521,37.43840637,151.32
9184.06,55.80496564,37.43842230,151.35
9185.06,55.80496604,37.43843823,151.39
9186.06,55.80496650,37.43845416,151.42
9187.06,55.80496707,37.43847007,151.46
9188.06,55.80496775,37.43848597,151.49
9189.06,55.80496845,37.43850187,151.53
9190.06,55.80496918,37.43851777,151.56
9191.06,55.80496988,37.43853367,151.60
9192.06,55.80497044,37.43854958,151.63
9193.06,55.80497088,37.43856551,151.67
9194.06,55.80497124,37.43858144,151.70
9195.06,55.80497156,37.43859738,151.74
9196.06,55.80497190,37.43861332,151.77
9197.06,55.80497230,37.43862925,151.81
9198.06,55.80497282,37.43864517,151.84
9199.06,55.80497340,37.43866108,151.88
9200.06,55.80497403,37.43867699,151.92
9201.06,55.80497471,37.43869289,151.95
9202.06,55.80497538,37.43870879,151.99
9203.06,55.80497604,37.43872470,152.02
9204.06,55.80497669,37.43874060,152.06
9205.06,55.80497727,37.43875651,152.09
9206.06,55.80497778,37.43877244,152.13
9207.06,55.80497828,37.43878836,152.17
9208.06,55.80497872,37.43880429,152.20
9209.06,55.80497917,37.43882021,152.24
9210.06,55.80497963,37.43883614,152.27
9211.06,55.80498006,37.43885207,152.31
9212.06,55.80498052,37.43886799,152.34
9213.06,55.80498097,37.43888392,152.38
9214.06,55.80498141,37.43889985,152.42
9215.06,55.80498185,37.43891578,152.45
9216.06,55.80498227,37.43893171,152.49
9217.06,55.80498269,37.43894764,152.52
9218.06,55.80498312,37.43896356,152.56
9219.06,55.80498355,37.43897949,152.59
9220.06,55.80498403,37.43899542,152.63
9221.06,55.80498457,37.43901134,152.66
9222.06,55.80498507,37.43902726,152.69
9223.06,55.80498557,37.43904318,152.73
9224.06,55.80498609,37.43905910,152.76
9225.06,55.80498662,37.43907502,152.80
9226.06,55.80498718,37.43909094,152.83
9227.06,55.80498779,37.43910685,152.87
9228.06,55.80498848,37.43912275,152.90
9229.06,55.80498917,37.43913865,152.94
9230.06,55.80498984,37.43915455,152.97
9231.06,55.80499049,37.43917045,153.01
9232.06,55.80499104,37.43918637,153.04
9233.06,55.80499149,37.43920230,153.07
9234.06,55.80499191,37.43921823,153.11
9235.06,55.80499229,37.43923416,153.14
9236.06,55.80499271,37.43925009,153.17
9237.06,55.80499322,37.43926601,153.20
9238.06,55.80499382,37.43928192,153.24
9239.06,55.80499445,37.43929783,153.27
9240.06,55.80499519,37.43931372,153.30
9241.06,55.80499591,37.43932962,153.34
9242.06,55.80499660,37.43934552,153.37
9243.06,55.80499726,37.43936142,153.40
9244.06,55.80499783,37.43937733,153.44
9245.06,55.80499832,37.43939326,153.47
9246.06,55.80499877,37.43940918,153.50
9247.06,55.80499919,37.43942511,153.54
9248.06,55.80499963,37.43944104,153.57
9249.06,55.80500011,37.43945697,153.60
9250.06,55.80500061,37.43947289,153.64
9251.06,55.80500115,37.43948881,153.67
9252.06,55.80500172,37.43950472,153.70
9253.06,55.80500225,37.43952064,153.73
9254.06,55.80500271,37.43953657,153.77
9255.06,55.80500317,37.43955249,153.80
9256.06,55.80500361,37.43956842,153.83
9257.06,55.80500404,37.43958435,153.86
9258.06,55.80500448,37.43960028,153.90
9259.06,55.80500492,37.43961621,153.93
9260.06,55.80500536,37.43963213,153.96
9261.06,55.80500580,37.43964806,153.99
9262.06,55.80500630,37.43966398,154.03
9263.06,55.80500680,37.43967991,154.06
9264.06,55.80500730,37.43969583,154.09
9265.06,55.80500781,37.43971175,154.12
9266.06,55.80500835,37.43972767,154.16
9267.06,55.80500895,37.43974358,154.19
9268.06,55.80500954,37.43975949,154.22
9269.06,55.80501014,37.43977540,154.26
9270.06,55.80501074,37.43979131,154.29
9271.06,55.80501134,37.43980722,154.32
9272.06,55.80501193,37.43982314,154.35
9273.06,55.80501248,37.43983905,154.39
9274.06,55.80501302,37.43985497,154.42
9275.06,55.80501358,37.43987089,154.45
9276.06,55.80501414,37.43988680,154.48
9277.06,55.80501470,37.43990272,154.51
9278.06,55.80501526,37.43991864,154.55
9279.06,55.80501586,37.43993455,154.58
9280.06,55.80501649,37.43995046,154.61
9281.06,55.80501707,37.43996637,154.65
9282.06,55.80501760,37.43998229,154.68
9283.06,55.80501810,37.43999821,154.72
9284.06,55.80501854,37.44001414,154.75
9285.06,55.80501902,37.44003006,154.79
9286.06,55.80501954,37.44004598,154.82
9287.06,55.80502008,37.44006190,154.85
9288.06,55.80502064,37.44007782,154.89
9289.06,55.80502120,37.44009373,154.92
9290.06,55.80502177,37.44010965,154.96
9291.06,55.80502234,37.44012556,154.99
9292.06,55.80502291,37.44014148,155.02
9293.06,55.80502348,37.44015739,155.06
9294.06,55.80502404,37.44017331,155.09
9295.06,55.80502458,37.44018923,155.13
9296.06,55.80502511,37.44020515,155.17
9297.06,55.80502564,37.44022107,155.20
9298.06,55.80502624,37.44023698,155.24
9299.06,55.80502684,37.44025289,155.27
9300.06,55.80502743,37.44026880,155.31
9301.06,55.80502802,37.44028471,155.34
9302.06,55.80502861,37.44030063,155.38
9303.06,55.80502920,37.44031654,155.41
9304.06,55.80502981,37.44033245,155.45
9305.06,55.80503043,37.44034836,155.48
9306.06,55.80503108,37.44036426,155.52
9307.06,55.80503169,37.44038017,155.55
9308.06,55.80503222,37.44039609,155.59
9309.06,55.80503274,37.44041201,155.63
9310.06,55.80503322,37.44042794,155.66
9311.06,55.80503372,37.44044386,155.70
9312.06,55.80503426,37.44045978,155.74
9313.06,55.80503482,37.44047569,155.77
9314.06,55.80503542,37.44049160,155.81
9315.06,55.80503604,37.44050751,155.85
9316.06,55.80503674,37.44052341,155.89
9317.06,55.80503742,37.44053931,155.92
9318.06,55.80503809,37.44055522,155.96
9319.06,55.80503874,37.44057112,156.00
9320.06,55.80503932,37.44058703,156.03
9321.06,55.80503989,37.44060295,156.07
9322.06,55.80504043,37.44061887,156.11
9323.06,55.80504098,37.44063478,156.14
9324.06,55.80504155,37.44065070,156.18
9325.06,55.80504213,37.44066661,156.22
9326.06,55.80504273,37.44068252,156.26
9327.06,55.80504335,37.44069843,156.30
9328.06,55.80504397,37.44071434,156.33
9329.06,55.80504460,37.44073025,156.37
9330.06,55.80504523,37.44074616,156.41
9331.06,55.80504586,37.44076207,156.44
9332.06,55.80504648,37.44077798,156.48
9333.06,55.80504708,37.44079389,156.52
9334.06,55.80504767,37.44080980,156.56
9335.06,55.80504828,37.44082571,156.59
9336.06,55.80504891,37.44084162,156.63
9337.06,55.80504953,37.44085753,156.67
9338.06,55.80505015,37.44087344,156.70
9339.06,55.80505078,37.44088934,156.74
9340.06,55.80505141,37.44090525,156.78
9341.06,55.80505202,37.44092116,156.81
9342.06,55.80505261,37.44093707,156.85
9343.06,55.80505317,37.44095299,156.89
9344.06,55.80505374,37.44096890,156.92
9345.06,55.80505434,37.44098482,156.96
9346.06,55.80505497,37.44100072,157.00
9347.06,55.80505562,37.44101663,157.04
9348.06,55.80505627,37.44103253,157.07
9349.06,55.80505693,37.44104844,157.11
9350.06,55.80505756,37.44106435,157.15
9351.06,55.80505815,37.44108026,157.18
9352.06,55.80505874,37.44109617,157.22
9353.06,55.80505931,37.44111209,157.26
9354.06,55.80505989,37.44112800,157.30
9355.06,55.80506052,37.44114391,157.33
9356.06,55.80506115,37.44115981,157.37
9357.06,55.80506186,37.44117571,157.41
9358.06,55.80506253,37.44119161,157.44
9359.06,55.80506320,37.44120752,157.48
9360.06,55.80506382,37.44122343,157.52
9361.06,55.80506439,37.44123934,157.55
9362.06,55.80506490,37.44125526,157.59
9363.06,55.80506539,37.44127119,157.63
9364.06,55.80506593,37.44128710,157.66
9365.06,55.80506651,37.44130302,157.70
9366.06,55.80506714,37.44131893,157.74
9367.06,55.80506778,37.44133483,157.77
9368.06,55.80506843,37.44135074,157.81
9369.06,55.80506907,37.44136664,157.85
9370.06,55.80506975,37.44138254,157.88
9371.06,55.80507042,37.44139845,157.92
9372.06,55.80507106,37.44141435,157.96
9373.06,55.80507168,37.44143026,157.99
9374.06,55.80507226,37.44144618,158.03
9375.06,55.80507285,37.44146209,158.06
9376.06,55.80507338,37.44147801,158.10
9377.06,55.80507396,37.44149392,158.13
9378.06,55.80507462,37.44150983,158.17
9379.06,55.80507528,37.44152573,158.20
9380.06,55.80507599,37.44154163,158.24
9381.06,55.80507666,37.44155753,158.27
9382.06,55.80507730,37.44157343,158.31
9383.06,55.80507792,37.44158934,158.34
9384.06,55.80507851,37.44160526,158.38
9385.06,55.80507910,37.44162117,158.41
9386.06,55.80507969,37.44163708,158.44
9387.06,55.80508029,37.44165299,158.48
9388.06,55.80508088,37.44166891,158.52
9389.06,55.80508147,37.44168482,158.55
9390.06,55.80508207,37.44170073,158.59
9391.06,55.80508270,37.44171664,158.62
9392.06,55.80508333,37.44173255,158.66
9393.06,55.80508395,37.44174845,158.69
9394.06,55.80508456,37.44176436,158.73
9395.06,55.80508519,37.44178027,158.76
9396.06,55.80508580,37.44179618,158.80
9397.06,55.80508641,37.44181209,158.83
9398.06,55.80508701,37.44182800,158.87
9399.06,55.80508749,37.44184393,158.90
9400.06,55.80508802,37.44185985,158.94
9401.06,55.80508861,37.44187576,158.97
9402.06,55.80508922,37.44189167,159.01
9403.06,55.80508988,37.44190757,159.04
9404.06,55.80509052,37.44192348,159.08
9405.06,55.80509116,37.44193939,159.11
9406.06,55.80509180,37.44195529,159.15
9407.06,55.80509244,37.44197120,159.18
9408.06,55.80509308,37.44198711,159.22
9409.06,55.80509371,37.44200301,159.25
9410.06,55.80509429,37.44201893,159.29
9411.06,55.80509486,37.44203484,159.32
9412.06,55.80509545,37.44205075,159.36
9413.06,55.80509605,37.44206667,159.39
9414.06,55.80509667,37.44208258,159.42
9415.06,55.80509728,37.44209849,159.46
9416.06,55.80509789,37.44211440,159.49
9417.06,55.80509850,37.44213031,159.53
9418.06,55.80509910,37.44214622,159.56
9419.06,55.80509971,37.44216213,159.59
9420.06,55.80510034,37.44217803,159.63
9421.06,55.80510096,37.44219394,159.66
9422.06,55.80510155,37.44220986,159.69
9423.06,55.80510215,37.44222577,159.73
9424.06,55.80510278,37.44224168,159.76
9425.06,55.80510342,37.44225758,159.79
9426.06,55.80510408,37.44227349,159.83
9427.06,55.80510476,37.44228939,159.86
9428.06,55.80510543,37.44230529,159.89
9429.06,55.80510602,37.44232120,159.92
9430.06,55.80510660,37.44233712,159.95
9431.06,55.80510719,37.44235303,159.99
9432.06,55.80510780,37.44236894,160.02
9433.06,55.80510841,37.44238485,160.05
9434.06,55.80510903,37.44240076,160.08
9435.06,55.80510965,37.44241667,160.11
9436.06,55.80511026,37.44243258,160.14
9437.06,55.80511081,37.44244849,160.17
9438.06,55.80511140,37.44246441,160.20
9439.06,55.80511201,37.44248032,160.23
9440.06,55.80511261,37.44249623,160.26
9441.06,55.80511319,37.44251214,160.29
9442.06,55.80511378,37.44252806,160.32
9443.06,55.80511439,37.44254397,160.35
9444.06,55.80511500,37.44255988,160.38
9445.06,55.80511563,37.44257578,160.41
9446.06,55.80511627,37.44259169,160.44
9447.06,55.80511692,37.44260760,160.47
9448.06,55.80511757,37.44262350,160.49
9449.06,55.80511821,37.44263941,160.52
9450.06,55.80511886,37.44265531,160.55
9451.06,55.80511950,37.44267122,160.58
9452.06,55.80512013,37.44268713,160.61
9453.06,55.80512074,37.44270304,160.64
9454.06,55.80512130,37.44271895,160.67
9455.06,55.80512187,37.44273487,160.69
9456.06,55.80512248,37.44275078,160.72
9457.06,55.80512309,37.44276669,160.75
9458.06,55.80512369,37.44278260,160.77
9459.06,55.80512429,37.44279851,160.80
9460.06,55.80512493,37.44281442,160.83
9461.06,55.80512557,37.44283032,160.85
9462.06,55.80512617,37.44284624,160.88
9463.06,55.80512679,37.44286214,160.91
9464.06,55.80512744,37.44287805,160.93
9465.06,55.80512811,37.44289395,160.96
9466.06,55.80512880,37.44290985,160.99
9467.06,55.80512945,37.44292576,161.01
9468.06,55.80513006,37.44294167,161.04
9469.06,55.80513066,37.44295758,161.06
9470.06,55.80513125,37.44297349,161.09
9471.06,55.80513184,37.44298940,161.12
9472.06,55.80513245,37.44300531,161.14
9473.06,55.80513310,37.44302122,161.17
9474.06,55.80513380,37.44303712,161.19
9475.06,55.80513442,37.44305303,161.22
9476.06,55.80513499,37.44306894,161.24
9477.06,55.80513557,37.44308485,161.27
9478.06,55.80513614,37.44310077,161.29
9479.06,55.80513669,37.44311669,161.32
9480.06,55.80513723,37.44313260,161.35
9481.06,55.80513781,37.44314852,161.37
9482.06,55.80513839,37.44316443,161.40
9483.06,55.80513903,37.44318034,161.42
9484.06,55.80513967,37.44319625,161.44
9485.06,55.80514025,37.44321216,161.47
9486.06,55.80514082,37.44322807,161.49
9487.06,55.80514143,37.44324398,161.52
9488.06,55.80514204,37.44325989,161.54
9489.06,55.80514267,37.44327580,161.56
9490.06,55.80514330,37.44329171,161.59
9491.06,55.80514396,37.44330761,161.61
9492.06,55.80514463,37.44332352,161.63
9493.06,55.80514533,37.44333941,161.65
9494.06,55.80514600,37.44335532,161.67
9495.06,55.80514665,37.44337122,161.70
9496.06,55.80514725,37.44338713,161.72
9497.06,55.80514780,37.44340305,161.74
9498.06,55.80514832,37.44341897,161.76
9499.06,55.80514878,37.44343490,161.78
9500.06,55.80514931,37.44345081,161.80
9501.06,55.80514988,37.44346673,161.82
9502.06,55.80515047,37.44348264,161.84
9503.06,55.80515107,37.44349855,161.86
9504.06,55.80515169,37.44351446,161.88
9505.06,55.80515233,37.44353037,161.90
9506.06,55.80515299,37.44354627,161.92
9507.06,55.80515362,37.44356218,161.94
9508.06,55.80515417,37.44357810,161.96
9509.06,55.80515476,37.44359401,161.98
9510.06,55.80515540,37.44360992,162.00
9511.06,55.80515601,37.44362583,162.02
9512.06,55.80515659,37.44364174,162.04
9513.06,55.80515719,37.44365765,162.06
9514.06,55.80515781,37.44367356,162.08
9515.06,55.80515848,37.44368946,162.10
9516.06,55.80515917,37.44370536,162.12
9517.06,55.80515979,37.44372127,162.14
9518.06,55.80516040,37.44373718,162.16
9519.06,55.80516097,37.44375310,162.18
9520.06,55.80516156,37.44376901,162.20
9521.06,55.80516217,37.44378492,162.22
9522.06,55.80516278,37.44380083,162.24
9523.06,55.80516341,37.44381674,162.25
9524.06,55.80516407,37.44383264,162.27
9525.06,55.80516476,37.44384854,162.29
9526.06,55.80516544,37.44386444,162.31
9527.06,55.80516611,37.44388035,162.33
9528.06,55.80516672,37.44389626,162.35
9529.06,55.80516732,37.44391217,162.37
9530.06,55.80516787,37.44392808,162.39
9531.06,55.80516844,37.44394400,162.40
9532.06,55.80516906,37.44395991,162.42
9533.06,55.80516968,37.44397582,162.44
9534.06,55.80517034,37.44399172,162.46
9535.06,55.80517100,37.44400762,162.47
9536.06,55.80517168,37.44402352,162.49
9537.06,55.80517235,37.44403943,162.51
9538.06,55.80517297,37.44405534,162.52
9539.06,55.80517356,37.44407125,162.54
9540.06,55.80517409,37.44408717,162.55
9541.06,55.80517463,37.44410309,162.57
9542.06,55.80517520,37.44411900,162.58
9543.06,55.80517578,37.44413491,162.59
9544.06,55.80517638,37.44415083,162.61
9545.06,55.80517701,37.44416673,162.62
9546.06,55.80517769,37.44418264,162.63
9547.06,55.80517834,37.44419854,162.64
9548.06,55.80517899,37.44421444,162.65
9549.06,55.80517971,37.44423034,162.66
9550.06,55.80518042,37.44424624,162.67
9551.06,55.80518107,37.44426214,162.68
9552.06,55.80518167,37.44427805,162.69
9553.06,55.80518219,37.44429397,162.70
9554.06,55.80518270,37.44430990,162.71
9555.06,55.80518326,37.44432581,162.72
9556.06,55.80518385,37.44434172,162.72
9557.06,55.80518447,37.44435763,162.73
9558.06,55.80518510,37.44437354,162.73
9559.06,55.80518574,37.44438945,162.74
9560.06,55.80518637,37.44440535,162.74
9561.06,55.80518698,37.44442126,162.75
9562.06,55.80518758,37.44443718,162.75
9563.06,55.80518816,37.44445309,162.76
9564.06,55.80518875,37.44446900,162.76
9565.06,55.80518935,37.44448491,162.77
9566.06,55.80518997,37.44450082,162.77
9567.06,55.80519063,37.44451673,162.77
9568.06,55.80519130,37.44453263,162.78
9569.06,55.80519198,37.44454853,162.78
9570.06,55.80519265,37.44456443,162.78
9571.06,55.80519328,37.44458034,162.79
9572.06,55.80519388,37.44459625,162.79
9573.06,55.80519443,37.44461217,162.79
9574.06,55.80519495,37.44462809,162.80
9575.06,55.80519550,37.44464401,162.80
9576.06,55.80519606,37.44465992,162.81
9577.06,55.80519664,37.44467584,162.81
9578.06,55.80519724,37.44469175,162.82
9579.06,55.80519787,37.44470765,162.82
9580.06,55.80519852,37.44472356,162.83
9581.06,55.80519911,37.44473947,162.83
9582.06,55.80519967,37.44475539,162.84
9583.06,55.80520021,37.44477131,162.84
9584.06,55.80520076,37.44478722,162.85
9585.06,55.80520133,37.44480314,162.86
9586.06,55.80520195,37.44481905,162.87
9587.06,55.80520260,37.44483495,162.88
9588.06,55.80520329,37.44485085,162.89
9589.06,55.80520396,37.44486676,162.90
9590.06,55.80520463,37.44488266,162.91
9591.06,55.80520526,37.44489857,162.92
9592.06,55.80520584,37.44491448,162.94
9593.06,55.80520645,37.44493039,162.95
9594.06,55.80520707,37.44494630,162.96
9595.06,55.80520770,37.44496221,162.98
9596.06,55.80520832,37.44497811,163.00
9597.06,55.80520895,37.44499402,163.01
9598.06,55.80520959,37.44500993,163.03
9599.06,55.80521020,37.44502584,163.05
9600.06,55.80521081,37.44504175,163.06
9601.06,55.80521142,37.44505766,163.08
9602.06,55.80521202,37.44507357,163.10
9603.06,55.80521263,37.44508948,163.12
9604.06,55.80521325,37.44510539,163.14
9605.06,55.80521386,37.44512130,163.15
9606.06,55.80521446,37.44513721,163.17
9607.06,55.80521508,37.44515312,163.19
9608.06,55.80521570,37.44516903,163.21
9609.06,55.80521632,37.44518494,163.23
9610.06,55.80521694,37.44520085,163.25
9611.06,55.80521755,37.44521676,163.27
9612.06,55.80521815,37.44523267,163.28
9613.06,55.80521873,37.44524858,163.30
9614.06,55.80521930,37.44526450,163.32
9615.06,55.80521990,37.44528041,163.33
9616.06,55.80522051,37.44529632,163.35
9617.06,55.80522115,37.44531222,163.36
9618.06,55.80522182,37.44532813,163.38
9619.06,55.80522245,37.44534404,163.39
9620.06,55.80522306,37.44535995,163.40
9621.06,55.80522367,37.44537586,163.42
9622.06,55.80522427,37.44539177,163.43
9623.06,55.80522485,37.44540768,163.44
9624.06,55.80522544,37.44542359,163.45
9625.06,55.80522606,37.44543950,163.46
9626.06,55.80522671,37.44545541,163.47
9627.06,55.80522737,37.44547131,163.48
9628.06,55.80522802,37.44548722,163.49
9629.06,55.80522863,37.44550313,163.50
9630.06,55.80522922,37.44551904,163.50
9631.06,55.80522979,37.44553496,163.51
9632.06,55.80523033,37.44555087,163.52
9633.06,55.80523088,37.44556679,163.53
9634.06,55.80523145,37.44558270,163.54
9635.06,55.80523206,37.44559861,163.54
9636.06,55.80523269,37.44561452,163.55
9637.06,55.80523331,37.44563043,163.56
9638.06,55.80523393,37.44564634,163.57
9639.06,55.80523453,37.44566225,163.57
9640.06,55.80523511,37.44567817,163.58
9641.06,55.80523570,37.44569408,163.59
9642.06,55.80523629,37.44570999,163.60
9643.06,55.80523688,37.44572590,163.61
9644.06,55.80523749,37.44574181,163.61
9645.06,55.80523812,37.44575772,163.62
9646.06,55.80523877,37.44577363,163.63
9647.06,55.80523940,37.44578953,163.64
9648.06,55.80524000,37.44580544,163.65
9649.06,55.80524062,37.44582135,163.66
9650.06,55.80524124,37.44583726,163.66
9651.06,55.80524181,37.44585318,163.67
9652.06,55.80524232,37.44586910,163.68
9653.06,55.80524287,37.44588502,163.69
9654.06,55.80524346,37.44590093,163.70
9655.06,55.80524407,37.44591684,163.71
9656.06,55.80524471,37.44593275,163.72
9657.06,55.80524537,37.44594865,163.72
9658.06,55.80524606,37.44596455,163.73
9659.06,55.80524674,37.44598045,163.74
9660.06,55.80524741,37.44599635,163.75
9661.06,55.80524805,37.44601226,163.76
9662.06,55.80524865,37.44602817,163.77
9663.06,55.80524923,37.44604408,163.77
9664.06,55.80524981,37.44606000,163.78
9665.06,55.80525040,37.44607591,163.79
9666.06,55.80525102,37.44609182,163.80
9667.06,55.80525165,37.44610773,163.80
9668.06,55.80525229,37.44612363,163.81
9669.06,55.80525295,37.44613954,163.82
9670.06,55.80525363,37.44615544,163.83
9671.06,55.80525430,37.44617134,163.84
9672.06,55.80525496,37.44618725,163.84
9673.06,55.80525560,37.44620315,163.85
9674.06,55.80525622,37.44621906,163.86
9675.06,55.80525677,37.44623498,163.87
9676.06,55.80525726,37.44625090,163.88
9677.06,55.80525780,37.44626682,163.88
9678.06,55.80525838,37.44628273,163.89
9679.06,55.80525902,37.44629864,163.90
9680.06,55.80525969,37.44631454,163.91
9681.06,55.80526035,37.44633045,163.92
9682.06,55.80526101,37.44634635,163.93
9683.06,55.80526167,37.44636225,163.93
9684.06,55.80526234,37.44637816,163.94
9685.06,55.80526299,37.44639406,163.95
9686.06,55.80526359,37.44640997,163.96
9687.06,55.80526419,37.44642588,163.96
9688.06,55.80526478,37.44644180,163.97
9689.06,55.80526539,37.44645771,163.98
9690.06,55.80526601,37.44647362,163.99
9691.06,55.80526660,37.44648953,163.99
9692.06,55.80526716,37.44650544,164.00
9693.06,55.80526772,37.44652136,164.01
9694.06,55.80526826,37.44653728,164.02
9695.06,55.80526881,37.44655319,164.02
9696.06,55.80526938,37.44656911,164.03
9697.06,55.80526999,37.44658502,164.04
9698.06,55.80527063,37.44660093,164.04
9699.06,55.80527128,37.44661683,164.05
9700.06,55.80527195,37.44663273,164.06
9701.06,55.80527259,37.44664864,164.07
9702.06,55.80527322,37.44666455,164.07
9703.06,55.80527381,37.44668046,164.08
9704.06,55.80527438,37.44669638,164.09
9705.06,55.80527496,37.44671229,164.09
9706.06,55.80527555,37.44672820,164.10
9707.06,55.80527615,37.44674411,164.11
9708.06,55.80527675,37.44676003,164.12
9709.06,55.80527738,37.44677593,164.12
9710.06,55.80527803,37.44679184,164.13
9711.06,55.80527867,37.44680774,164.14
9712.06,55.80527929,37.44682365,164.15
9713.06,55.80527991,37.44683956,164.16
9714.06,55.80528054,37.44685547,164.16
9715.06,55.80528114,37.44687138,164.17
9716.06,55.80528172,37.44688729,164.18
9717.06,55.80528228,37.44690321,164.19
9718.06,55.80528284,37.44691913,164.20
9719.06,55.80528340,37.44693504,164.20
9720.06,55.80528398,37.44695096,164.21
9721.06,55.80528455,37.44696687,164.22
9722.06,55.80528514,37.44698278,164.23
9723.06,55.80528578,37.44699869,164.24
9724.06,55.80528643,37.44701460,164.24
9725.06,55.80528709,37.44703050,164.25
9726.06,55.80528775,37.44704640,164.26
9727.06,55.80528841,37.44706231,164.27
9728.06,55.80528906,37.44707821,164.27
9729.06,55.80528967,37.44709412,164.28
9730.06,55.80529028,37.44711003,164.29
9731.06,55.80529085,37.44712595,164.30
9732.06,55.80529142,37.44714186,164.30
9733.06,55.80529200,37.44715778,164.31
9734.06,55.80529260,37.44717369,164.32
9735.06,55.80529317,37.44718960,164.32
9736.06,55.80529376,37.44720552,164.33
9737.06,55.80529435,37.44722143,164.34
9738.06,55.80529497,37.44723734,164.35
9739.06,55.80529562,37.44725324,164.35
9740.06,55.80529629,37.44726914,164.36
9741.06,55.80529696,37.44728505,164.37
9742.06,55.80529761,37.44730095,164.37
9743.06,55.80529823,37.44731686,164.38
9744.06,55.80529882,37.44733277,164.39
9745.06,55.80529939,37.44734869,164.40
9746.06,55.80529995,37.44736461,164.41
9747.06,55.80530053,37.44738052,164.41
9748.06,55.80530112,37.44739643,164.42
9749.06,55.80530175,37.44741234,164.43
9750.06,55.80530242,37.44742824,164.44
9751.06,55.80530313,37.44744414,164.45
9752.06,55.80530383,37.44746004,164.46
9753.06,55.80530448,37.44747594,164.47
9754.06,55.80530511,37.44749185,164.48
9755.06,55.80530572,37.44750776,164.49
9756.06,55.80530633,37.44752367,164.49
9757.06,55.80530692,37.44753958,164.50
9758.06,55.80530752,37.44755549,164.51
9759.06,55.80530811,37.44757141,164.52
9760.06,55.80530871,37.44758732,164.53
9761.06,55.80530933,37.44760323,164.54
9762.06,55.80530994,37.44761914,164.55
9763.06,55.80531053,37.44763505,164.56
9764.06,55.80531111,37.44765096,164.57
9765.06,55.80531167,37.44766688,164.58
9766.06,55.80531226,37.44768279,164.59
9767.06,55.80531285,37.44769870,164.60
9768.06,55.80531345,37.44771462,164.61
9769.06,55.80531408,37.44773052,164.62
9770.06,55.80531470,37.44774643,164.63
9771.06,55.80531528,37.44776235,164.63
9772.06,55.80531587,37.44777826,164.64
9773.06,55.80531647,37.44779417,164.65
9774.06,55.80531709,37.44781008,164.66
9775.06,55.80531772,37.44782599,164.67
9776.06,55.80531835,37.44784190,164.68
9777.06,55.80531899,37.44785780,164.69
9778.06,55.80531961,37.44787371,164.69
9779.06,55.80532020,37.44788962,164.70
9780.06,55.80532080,37.44790553,164.71
9781.06,55.80532138,37.44792145,164.72
9782.06,55.80532198,37.44793736,164.73
9783.06,55.80532261,37.44795327,164.73
9784.06,55.80532325,37.44796917,164.74
9785.06,55.80532390,37.44798508,164.75
9786.06,55.80532450,37.44800099,164.76
9787.06,55.80532507,37.44801691,164.76
9788.06,55.80532564,37.44803282,164.77
9789.06,55.80532616,37.44804874,164.78
9790.06,55.80532673,37.44806466,164.79
9791.06,55.80532731,37.44808057,164.80
9792.06,55.80532789,37.44809648,164.81
9793.06,55.80532848,37.44811239,164.82
9794.06,55.80532911,37.44812830,164.83
9795.06,55.80532979,37.44814420,164.83
9796.06,55.80533048,37.44816010,164.84
9797.06,55.80533116,37.44817601,164.85
9798.06,55.80533182,37.44819191,164.86
9799.06,55.80533243,37.44820782,164.87
9800.06,55.80533295,37.44822374,164.88
9801.06,55.80533346,37.44823966,164.89
9802.06,55.80533404,37.44825557,164.90
9803.06,55.80533465,37.44827148,164.92
9804.06,55.80533533,37.44828739,164.93
9805.06,55.80533598,37.44830329,164.94
9806.06,55.80533661,37.44831920,164.95
9807.06,55.80533724,37.44833511,164.96
9808.06,55.80533783,37.44835102,164.97
9809.06,55.80533846,37.44836693,164.98
9810.06,55.80533911,37.44838283,164.99
9811.06,55.80533974,37.44839874,165.01
9812.06,55.80534036,37.44841465,165.02
9813.06,55.80534096,37.44843056,165.03
9814.06,55.80534155,37.44844647,165.04
9815.06,55.80534207,37.44846239,165.06
9816.06,55.80534266,37.44847830,165.07
9817.06,55.80534329,37.44849421,165.08
9818.06,55.80534390,37.44851012,165.10
9819.06,55.80534449,37.44852604,165.11
9820.06,55.80534510,37.44854195,165.13
9821.06,55.80534575,37.44855785,165.14
9822.06,55.80534640,37.44857376,165.15
9823.06,55.80534705,37.44858966,165.17
9824.06,55.80534763,37.44860558,165.18
9825.06,55.80534820,37.44862149,165.20
9826.06,55.80534881,37.44863740,165.21
9827.06,55.80534943,37.44865331,165.22
9828.06,55.80535002,37.44866922,165.24
9829.06,55.80535065,37.44868513,165.25
9830.06,55.80535130,37.44870104,165.26
9831.06,55.80535194,37.44871694,165.28
9832.06,55.80535256,37.44873285,165.29
9833.06,55.80535315,37.44874876,165.31
9834.06,55.80535369,37.44876468,165.32
9835.06,55.80535425,37.44878060,165.34
9836.06,55.80535482,37.44879651,165.35
9837.06,55.80535542,37.44881242,165.37
9838.06,55.80535603,37.44882833,165.38
9839.06,55.80535666,37.44884424,165.40
9840.06,55.80535731,37.44886015,165.41
9841.06,55.80535796,37.44887605,165.43
9842.06,55.80535863,37.44889195,165.44
9843.06,55.80535928,37.44890786,165.45
9844.06,55.80535993,37.44892376,165.47
9845.06,55.80536053,37.44893968,165.48
9846.06,55.80536112,37.44895559,165.49
9847.06,55.80536171,37.44897150,165.50
9848.06,55.80536233,37.44898741,165.52
9849.06,55.80536291,37.44900332,165.53
9850.06,55.80536351,37.44901924,165.54
9851.06,55.80536407,37.44903515,165.55
9852.06,55.80536469,37.44905106,165.56
9853.06,55.80536541,37.44906696,165.57
9854.06,55.80536602,37.44908286,165.58
9855.06,55.80536660,37.44909878,165.59
9856.06,55.80536718,37.44911469,165.60
9857.06,55.80536774,37.44913061,165.61
9858.06,55.80536828,37.44914653,165.62
9859.06,55.80536881,37.44916245,165.63
9860.06,55.80536933,37.44917837,165.64
9861.06,55.80536988,37.44919428,165.65
9862.06,55.80537050,37.44921019,165.65
9863.06,55.80537117,37.44922610,165.66
9864.06,55.80537182,37.44924200,165.67
9865.06,55.80537246,37.44925791,165.67
9866.06,55.80537306,37.44927382,165.68
9867.06,55.80537369,37.44928973,165.68
9868.06,55.80537438,37.44930563,165.69
9869.06,55.80537506,37.44932153,165.70
9870.06,55.80537571,37.44933743,165.70
9871.06,55.80537635,37.44935334,165.71
9872.06,55.80537699,37.44936924,165.71
9873.06,55.80537767,37.44938515,165.72
9874.06,55.80537836,37.44940105,165.72
9875.06,55.80537902,37.44941695,165.73
9876.06,55.80537968,37.44943285,165.73
9877.06,55.80538031,37.44944876,165.74
9878.06,55.80538090,37.44946467,165.75
9879.06,55.80538143,37.44948059,165.75
9880.06,55.80538195,37.44949651,165.76
9881.06,55.80538248,37.44951243,165.76
9882.06,55.80538305,37.44952835,165.77
9883.06,55.80538364,37.44954426,165.77
9884.06,55.80538424,37.44956017,165.78
9885.06,55.80538486,37.44957608,165.79
9886.06,55.80538550,37.44959199,165.79
9887.06,55.80538620,37.44960788,165.80
9888.06,55.80538690,37.44962378,165.80
9889.06,55.80538761,37.44963968,165.81
9890.06,55.80538837,37.44965557,165.82
9891.06,55.80538909,37.44967147,165.82
9892.06,55.80538970,37.44968738,165.83
9893.06,55.80539034,37.44970328,165.84
9894.06,55.80539101,37.44971918,165.84
9895.06,55.80539165,37.44973509,165.85
9896.06,55.80539229,37.44975100,165.86
9897.06,55.80539292,37.44976691,165.86
9898.06,55.80539351,37.44978282,165.87
9899.06,55.80539413,37.44979873,165.88
9900.06,55.80539477,37.44981463,165.88
9901.06,55.80539540,37.44983054,165.89
9902.06,55.80539607,37.44984644,165.89
9903.06,55.80539676,37.44986234,165.90
9904.06,55.80539743,37.44987825,165.90
9905.06,55.80539806,37.44989415,165.91
9906.06,55.80539868,37.44991006,165.91
9907.06,55.80539932,37.44992597,165.92
9908.06,55.80539996,37.44994188,165.92
9909.06,55.80540059,37.44995778,165.93
9910.06,55.80540121,37.44997369,165.93
9911.06,55.80540182,37.44998960,165.94
9912.06,55.80540244,37.45000551,165.94
9913.06,55.80540308,37.45002142,165.94
9914.06,55.80540369,37.45003733,165.95
9915.06,55.80540431,37.45005324,165.95
9916.06,55.80540496,37.45006914,165.95
9917.06,55.80540559,37.45008505,165.95
9918.06,55.80540618,37.45010096,165.95
9919.06,55.80540680,37.45011687,165.95
9920.06,55.80540750,37.45013277,165.95
9921.06,55.80540818,37.45014867,165.95
9922.06,55.80540885,37.45016457,165.95
9923.06,55.80540951,37.45018048,165.95
9924.06,55.80541009,37.45019639,165.95
9925.06,55.80541067,37.45021231,165.95
9926.06,55.80541119,37.45022823,165.95
9927.06,55.80541174,37.45024414,165.95
9928.06,55.80541238,37.45026005,165.94
9929.06,55.80541307,37.45027595,165.94
9930.06,55.80541371,37.45029186,165.94
9931.06,55.80541443,37.45030775,165.94
9932.06,55.80541509,37.45032365,165.93
9933.06,55.80541570,37.45033956,165.93
9934.06,55.80541630,37.45035547,165.92
9935.06,55.80541687,37.45037139,165.92
9936.06,55.80541743,37.45038731,165.92
9937.06,55.80541807,37.45040321,165.91
9938.06,55.80541875,37.45041911,165.91
9939.06,55.80541938,37.45043502,165.90
9940.06,55.80542003,37.45045093,165.90
9941.06,55.80542069,37.45046683,165.90
9942.06,55.80542138,37.45048273,165.90
9943.06,55.80542199,37.45049864,165.89
9944.06,55.80542259,37.45051455,165.89
9945.06,55.80542316,37.45053047,165.89
9946.06,55.80542374,37.45054638,165.89
9947.06,55.80542438,37.45056229,165.89
9948.06,55.80542509,37.45057818,165.88
9949.06,55.80542581,37.45059408,165.88
9950.06,55.80542657,37.45060997,165.88
9951.06,55.80542736,37.45062585,165.88
9952.06,55.80542805,37.45064175,165.88
9953.06,55.80542869,37.45065766,165.88
9954.06,55.80542930,37.45067357,165.88
9955.06,55.80542997,37.45068947,165.88
9956.06,55.80543066,37.45070537,165.88
9957.06,55.80543135,37.45072127,165.88
9958.06,55.80543204,37.45073717,165.88
9959.06,55.80543270,37.45075308,165.88
9960.06,55.80543332,37.45076898,165.88
9961.06,55.80543400,37.45078489,165.88
9962.06,55.80543472,37.45080078,165.88
9963.06,55.80543544,37.45081668,165.88
9964.06,55.80543619,37.45083257,165.88
9965.06,55.80543689,37.45084847,165.88
9966.06,55.80543755,37.45086437,165.88
9967.06,55.80543820,37.45088028,165.88
9968.06,55.80543878,37.45089619,165.88
9969.06,55.80543933,37.45091211,165.88
9970.06,55.80543985,37.45092803,165.88
9971.06,55.80544045,37.45094394,165.89
9972.06,55.80544110,37.45095984,165.89
9973.06,55.80544175,37.45097575,165.89
9974.06,55.80544243,37.45099165,165.90
9975.06,55.80544302,37.45100756,165.90
9976.06,55.80544368,37.45102347,165.91
9977.06,55.80544433,37.45103937,165.91
9978.06,55.80544488,37.45105529,165.91
9979.06,55.80544554,37.45107119,165.92
9980.06,55.80544632,37.45108708,165.92
9981.06,55.80544704,37.45110297,165.92
9982.06,55.80544772,37.45111888,165.93
9983.06,55.80544834,37.45113478,165.93
9984.06,55.80544903,37.45115068,165.94
9985.06,55.80544970,37.45116659,165.94
9986.06,55.80545032,37.45118249,165.95
9987.06,55.80545096,37.45119840,165.96
9988.06,55.80545171,37.45121429,165.96
9989.06,55.80545245,37.45123018,165.97
9990.06,55.80545304,37.45124610,165.98
9991.06,55.80545356,37.45126202,165.99
9992.06,55.80545411,37.45127793,165.99
9993.06,55.80545481,37.45129383,166.00
9994.06,55.80545557,37.45130972,166.01
9995.06,55.80545635,37.45132561,166.01
9996.06,55.80545717,37.45134149,166.02
9997.06,55.80545800,37.45135737,166.03
9998.06,55.80545884,37.45137325,166.03
9999.06,55.80545965,37.45138913,166.04
10000.06,55.80546053,37.45140500,166.05
10001.06,55.80546139,37.45142087,166.05
10002.06,55.80546217,37.45143676,166.06
10003.06,55.80546294,37.45145265,166.06
10004.06,55.80546366,37.45146854,166.07
10005.06,55.80546446,37.45148442,166.08
10006.06,55.80546533,37.45150030,166.08
10007.06,55.80546630,37.45151615,166.09
10008.06,55.80546732,37.45153200,166.09
10009.06,55.80546809,37.45154788,166.10
10010.06,55.80546878,37.45156378,166.11
10011.06,55.80546963,37.45157965,166.11
10012.06,55.80547068,37.45159549,166.12
10013.06,55.80547174,37.45161133,166.13
10014.06,55.80547262,37.45162720,166.13
10015.06,55.80547353,37.45164306,166.14
10016.06,55.80547453,37.45165891,166.14
10017.06,55.80547551,37.45167476,166.15
10018.06,55.80547651,37.45169061,166.15
10019.06,55.80547742,37.45170647,166.16
10020.06,55.80547835,37.45172233,166.16
10021.06,55.80547933,37.45173819,166.17
10022.06,55.80548042,37.45175402,166.17
10023.06,55.80548157,37.45176983,166.18
10024.06,55.80548270,37.45178565,166.18
10025.06,55.80548376,37.45180149,166.19
10026.06,55.80548475,37.45181734,166.19
10027.06,55.80548582,37.45183317,166.20
10028.06,55.80548700,37.45184898,166.20
10029.06,55.80548822,37.45186478,166.21
10030.06,55.80548947,37.45188057,166.21
10031.06,55.80549058,37.45189639,166.21
10032.06,55.80549163,37.45191223,166.22
10033.06,55.80549275,37.45192805,166.22
10034.06,55.80549386,37.45194388,166.23
10035.06,55.80549496,37.45195970,166.23
10036.06,55.80549607,37.45197553,166.24
10037.06,55.80549726,37.45199134,166.24
10038.06,55.80549854,37.45200712,166.25
10039.06,55.80549990,37.45202288,166.25
10040.06,55.80550117,37.45203867,166.26
10041.06,55.80550234,37.45205448,166.26
10042.06,55.80550344,37.45207031,166.27
10043.06,55.80550471,37.45208609,166.27
10044.06,55.80550602,37.45210187,166.28
10045.06,55.80550737,37.45211763,166.28
10046.06,55.80550885,37.45213336,166.29
10047.06,55.80551030,37.45214910,166.30
10048.06,55.80551158,37.45216488,166.31
10049.06,55.80551268,37.45218071,166.31
10050.06,55.80551372,37.45219655,166.32
10051.06,55.80551486,37.45221237,166.33
10052.06,55.80551603,37.45222818,166.34
10053.06,55.80551713,37.45224401,166.35
10054.06,55.80551824,37.45225983,166.36
10055.06,55.80551938,37.45227565,166.37
10056.06,55.80552047,37.45229148,166.38
10057.06,55.80552172,37.45230727,166.39
10058.05,55.80552277,37.45232310,166.40
10059.05,55.80552386,37.45233893,166.42
10060.05,55.80552490,37.45235477,166.43
10061.05,55.80552600,37.45237060,166.44
10062.05,55.80552706,37.45238643,166.45
10063.05,55.80552811,37.45240227,166.47
10064.05,55.80552916,37.45241811,166.48
10065.05,55.80553021,37.45243394,166.49
10066.05,55.80553127,37.45244978,166.51
10067.05,55.80553238,37.45246560,166.52
10068.05,55.80553354,37.45248142,166.53
10069.05,55.80553486,37.45249719,166.55
10070.05,55.80553619,37.45251296,166.56
10071.05,55.80553751,37.45252874,166.57
10072.05,55.80553878,37.45254452,166.58
10073.05,55.80553999,37.45256032,166.60
10074.05,55.80554120,37.45257613,166.61
10075.05,55.80554240,37.45259193,166.62
10076.05,55.80554361,37.45260773,166.63
10077.05,55.80554474,37.45262355,166.64
10078.05,55.80554593,37.45263936,166.65
10079.05,55.80554725,37.45265513,166.66
10080.05,55.80554845,37.45267094,166.68
10081.05,55.80554968,37.45268673,166.69
10082.05,55.80555092,37.45270253,166.70
10083.05,55.80555216,37.45271832,166.71
10084.05,55.80555335,37.45273413,166.72
10085.05,55.80555438,37.45274997,166.74
10086.05,55.80555549,37.45276579,166.75
10087.05,55.80555674,37.45278158,166.76
10088.05,55.80555795,37.45279739,166.77
10089.05,55.80555915,37.45281319,166.79
10090.05,55.80556046,37.45282896,166.80
10091.05,55.80556174,37.45284475,166.81
10092.05,55.80556299,37.45286054,166.83
10093.05,55.80556423,37.45287634,166.84
10094.05,55.80556547,37.45289213,166.85
10095.05,55.80556669,37.45290793,166.87
10096.05,55.80556790,37.45292373,166.88
10097.05,55.80556906,37.45293955,166.90
10098.05,55.80557019,37.45295537,166.91
10099.05,55.80557137,37.45297117,166.93
10100.05,55.80557262,37.45298696,166.94
10101.05,55.80557378,37.45300278,166.96
10102.05,55.80557495,37.45301859,166.97
10103.05,55.80557613,37.45303440,166.99
10104.05,55.80557729,37.45305021,167.00
10105.05,55.80557842,37.45306603,167.02
10106.05,55.80557956,37.45308185,167.03
10107.05,55.80558070,37.45309767,167.05
10108.05,55.80558184,37.45311349,167.07
10109.05,55.80558305,37.45312929,167.08
10110.05,55.80558424,37.45314509,167.10
10111.05,55.80558543,37.45316090,167.12
10112.05,55.80558660,37.45317671,167.13
10113.05,55.80558783,37.45319251,167.15
10114.05,55.80558902,37.45320832,167.16
10115.05,55.80559022,37.45322412,167.18
10116.05,55.80559145,37.45323992,167.19
10117.05,55.80559267,37.45325572,167.21
10118.05,55.80559387,37.45327152,167.22
10119.05,55.80559513,37.45328731,167.24
10120.05,55.80559637,37.45330310,167.26
10121.05,55.80559752,37.45331892,167.27
10122.05,55.80559866,37.45333474,167.29
10123.05,55.80559983,37.45335055,167.31
10124.05,55.80560101,37.45336636,167.32
10125.05,55.80560219,37.45338217,167.34
10126.05,55.80560336,37.45339798,167.36
10127.05,55.80560456,37.45341378,167.37
10128.05,55.80560568,37.45342960,167.39
10129.05,55.80560688,37.45344541,167.41
10130.05,55.80560807,37.45346121,167.43
10131.05,55.80560921,37.45347703,167.44
10132.05,55.80561038,37.45349284,167.46
10133.05,55.80561161,37.45350864,167.47
10134.05,55.80561286,37.45352443,167.49
10135.05,55.80561413,37.45354022,167.51
10136.05,55.80561541,37.45355600,167.52
10137.05,55.80561663,37.45357180,167.54
10138.05,55.80561782,37.45358761,167.56
10139.05,55.80561900,37.45360342,167.57
10140.05,55.80562011,37.45361924,167.59
10141.05,55.80562128,37.45363505,167.61
10142.05,55.80562242,37.45365087,167.63
10143.05,55.80562356,37.45366669,167.64
10144.05,55.80562475,37.45368250,167.66
10145.05,55.80562592,37.45369831,167.68
10146.05,55.80562710,37.45371412,167.69
10147.05,55.80562826,37.45372993,167.71
10148.05,55.80562939,37.45374575,167.72
10149.05,55.80563054,37.45376157,167.74
10150.05,55.80563173,37.45377737,167.76
10151.05,55.80563288,37.45379319,167.77
10152.05,55.80563401,37.45380901,167.79
10153.05,55.80563513,37.45382483,167.80
10154.05,55.80563628,37.45384065,167.82
10155.05,55.80563745,37.45385646,167.84
10156.05,55.80563872,37.45387225,167.85
10157.05,55.80563998,37.45388804,167.87
10158.05,55.80564119,37.45390384,167.88
10159.05,55.80564242,37.45391963,167.90
10160.05,55.80564368,37.45393542,167.92
10161.05,55.80564490,37.45395122,167.93
10162.05,55.80564612,37.45396702,167.95
10163.05,55.80564732,37.45398283,167.96
10164.05,55.80564851,37.45399863,167.98
10165.05,55.80564967,37.45401445,168.00
10166.05,55.80565086,37.45403025,168.01
10167.05,55.80565205,37.45404606,168.03
10168.05,55.80565321,37.45406187,168.05
10169.05,55.80565433,37.45407770,168.06
10170.05,55.80565544,37.45409352,168.08
10171.05,55.80565656,37.45410934,168.10
10172.05,55.80565769,37.45412516,168.11
10173.05,55.80565883,37.45414098,168.13
10174.05,55.80566000,37.45415679,168.15
10175.05,55.80566116,37.45417261,168.17
10176.05,55.80566235,37.45418841,168.18
10177.05,55.80566354,37.45420422,168.20
10178.05,55.80566478,37.45422001,168.22
10179.05,55.80566603,37.45423581,168.24
10180.05,55.80566730,37.45425159,168.26
10181.05,55.80566853,37.45426739,168.28
10182.05,55.80566975,37.45428319,168.30
10183.05,55.80567097,37.45429899,168.32
10184.05,55.80567218,37.45431479,168.34
10185.05,55.80567338,37.45433059,168.36
10186.05,55.80567458,37.45434640,168.38
10187.05,55.80567578,37.45436220,168.40
10188.05,55.80567696,37.45437801,168.42
10189.05,55.80567811,37.45439383,168.44
10190.05,55.80567926,37.45440964,168.47
10191.05,55.80568041,37.45442546,168.49
10192.05,55.80568157,37.45444127,168.51
10193.05,55.80568275,37.45445708,168.53
10194.05,55.80568393,37.45447289,168.55
10195.05,55.80568512,37.45448870,168.58
10196.05,55.80568632,37.45450450,168.60
10197.05,55.80568758,37.45452029,168.62
10198.05,55.80568885,37.45453608,168.64
10199.05,55.80569023,37.45455184,168.67
10200.05,55.80569155,37.45456761,168.69
10201.05,55.80569288,37.45458338,168.71
10202.05,55.80569418,37.45459916,168.73
10203.05,55.80569547,37.45461494,168.75
10204.05,55.80569674,37.45463073,168.78
10205.05,55.80569803,37.45464651,168.80
10206.05,55.80569931,37.45466229,168.82
10207.05,55.80570061,37.45467807,168.84
10208.05,55.80570195,37.45469384,168.86
10209.05,55.80570334,37.45470960,168.88
10210.05,55.80570479,37.45472534,168.90
10211.05,55.80570629,37.45474106,168.92
10212.05,55.80570788,37.45475675,168.95
10213.05,55.80570948,37.45477245,168.97
10214.05,55.80571107,37.45478814,168.99
10215.05,55.80571263,37.45480385,169.01
10216.05,55.80571417,37.45481956,169.03
10217.05,55.80571571,37.45483527,169.05
10218.05,55.80571722,37.45485099,169.07
10219.05,55.80571875,37.45486670,169.09
10220.05,55.80572029,37.45488241,169.12
10221.05,55.80572182,37.45489813,169.14
10222.05,55.80572338,37.45491383,169.16
10223.05,55.80572501,37.45492951,169.18
10224.05,55.80572671,37.45494517,169.20
10225.05,55.80572843,37.45496083,169.22
10226.05,55.80573011,37.45497649,169.24
10227.05,55.80573177,37.45499216,169.27
10228.05,55.80573344,37.45500783,169.29
10229.05,55.80573509,37.45502351,169.31
10230.05,55.80573668,37.45503920,169.33
10231.05,55.80573827,37.45505490,169.35
10232.05,55.80573986,37.45507059,169.37
10233.05,55.80574147,37.45508628,169.39
10234.05,55.80574309,37.45510197,169.42
10235.05,55.80574474,37.45511764,169.44
10236.05,55.80574642,37.45513331,169.46
10237.05,55.80574814,37.45514896,169.49
10238.05,55.80574989,37.45516460,169.51
10239.05,55.80575166,37.45518024,169.53
10240.05,55.80575344,37.45519587,169.56
10241.05,55.80575522,37.45521150,169.58
10242.05,55.80575707,37.45522710,169.60
10243.05,55.80575892,37.45524271,169.63
10244.05,55.80576076,37.45525832,169.65
10245.05,55.80576264,37.45527391,169.67
10246.05,55.80576452,37.45528950,169.69
10247.05,55.80576639,37.45530510,169.72
10248.05,55.80576829,37.45532069,169.74
10249.05,55.80577029,37.45533624,169.76
10250.05,55.80577228,37.45535179,169.78
10251.05,55.80577430,37.45536733,169.80
10252.05,55.80577638,37.45538284,169.83
10253.05,55.80577852,37.45539833,169.85
10254.05,55.80578064,37.45541382,169.87
10255.05,55.80578282,37.45542929,169.89
10256.05,55.80578505,37.45544474,169.91
10257.05,55.80578729,37.45546018,169.94
10258.05,55.80578958,37.45547561,169.96
10259.05,55.80579200,37.45549096,169.98
10260.05,55.80579442,37.45550632,170.00
10261.05,55.80579689,37.45552165,170.02
10262.05,55.80579939,37.45553697,170.04
10263.05,55.80580197,37.45555224,170.06
10264.05,55.80580460,37.45556749,170.08
10265.05,55.80580726,37.45558272,170.11
10266.05,55.80581002,37.45559790,170.13
10267.05,55.80581278,37.45561308,170.15
10268.05,55.80581562,37.45562820,170.17
10269.05,55.80581844,37.45564334,170.19
10270.05,55.80582125,37.45565849,170.21
10271.05,55.80582418,37.45567356,170.23
10272.05,55.80582712,37.45568864,170.25
10273.05,55.80583000,37.45570374,170.27
10274.05,55.80583290,37.45571883,170.29
10275.05,55.80583579,37.45573393,170.31
10276.05,55.80583879,37.45574896,170.33
10277.05,55.80584184,37.45576396,170.35
10278.05,55.80584494,37.45577892,170.37
10279.05,55.80584806,37.45579388,170.39
10280.05,55.80585126,37.45580878,170.40
10281.05,55.80585443,37.45582370,170.42
10282.05,55.80585759,37.45583863,170.44
10283.05,55.80586076,37.45585355,170.46
10284.05,55.80586392,37.45586848,170.47
10285.05,55.80586717,37.45588335,170.49
10286.05,55.80587043,37.45589821,170.50
10287.05,55.80587387,37.45591294,170.52
10288.05,55.80587724,37.45592771,170.53
10289.05,55.80588061,37.45594250,170.54
10290.05,55.80588397,37.45595729,170.56
10291.05,55.80588733,37.45597208,170.57
10292.05,55.80589072,37.45598684,170.58
10293.05,55.80589409,37.45600162,170.59
10294.05,55.80589744,37.45601642,170.61
10295.05,55.80590079,37.45603121,170.62
10296.05,55.80590415,37.45604601,170.63
10297.05,55.80590753,37.45606078,170.64
10298.05,55.80591091,37.45607555,170.65
10299.05,55.80591425,37.45609036,170.66
10300.05,55.80591759,37.45610517,170.67
10301.05,55.80592092,37.45611997,170.69
10302.05,55.80592430,37.45613475,170.70
10303.05,55.80592769,37.45614952,170.71
10304.05,55.80593109,37.45616428,170.72
10305.05,55.80593448,37.45617904,170.73
10306.05,55.80593787,37.45619381,170.74
10307.05,55.80594131,37.45620854,170.75
10308.05,55.80594479,37.45622325,170.76
10309.05,55.80594819,37.45623801,170.77
10310.05,55.80595157,37.45625278,170.79
10311.05,55.80595499,37.45626752,170.80
10312.05,55.80595846,37.45628223,170.81
10313.05,55.80596197,37.45629691,170.82
10314.05,55.80596544,37.45631162,170.82
10315.05,55.80596889,37.45632634,170.83
10316.05,55.80597241,37.45634101,170.84
10317.05,55.80597598,37.45635565,170.85
10318.05,55.80597958,37.45637026,170.86
10319.05,55.80598316,37.45638489,170.86
10320.05,55.80598674,37.45639951,170.87
10321.05,55.80599039,37.45641408,170.88
10322.05,55.80599414,37.45642857,170.88
10323.05,55.80599791,37.45644304,170.89
10324.05,55.80600175,37.45645746,170.90
10325.05,55.80600557,37.45647189,170.90
10326.05,55.80600940,37.45648632,170.91
10327.05,55.80601328,37.45650070,170.92
10328.05,55.80601720,37.45651505,170.92
10329.05,55.80602112,37.45652940,170.93
10330.05,55.80602512,37.45654368,170.93
10331.05,55.80602915,37.45655793,170.93
10332.05,55.80603320,37.45657216,170.94
10333.05,55.80603729,37.45658636,170.94
10334.05,55.80604135,37.45660059,170.94
10335.05,55.80604542,37.45661480,170.95
10336.05,55.80604953,37.45662898,170.95
10337.05,55.80605361,37.45664319,170.95
10338.05,55.80605775,37.45665734,170.95
10339.05,55.80606196,37.45667143,170.96
10340.05,55.80606618,37.45668550,170.96
10341.05,55.80607045,37.45669953,170.97
10342.05,55.80607471,37.45671357,170.97
10343.05,55.80607898,37.45672761,170.97
10344.05,55.80608322,37.45674166,170.98
10345.05,55.80608745,37.45675573,170.98
10346.05,55.80609171,37.45676976,170.99
10347.05,55.80609605,37.45678373,170.99
10348.05,55.80610041,37.45679767,171.00
10349.05,55.80610478,37.45681160,171.00
10350.05,55.80610918,37.45682551,171.01
10351.05,55.80611361,37.45683938,171.01
10352.05,55.80611817,37.45685312,171.02
10353.05,55.80612283,37.45686675,171.03
10354.05,55.80612755,37.45688032,171.04
10355.05,55.80613225,37.45689391,171.04
10356.05,55.80613689,37.45690756,171.05
10357.05,55.80614158,37.45692116,171.06
10358.05,55.80614629,37.45693474,171.06
10359.05,55.80615100,37.45694832,171.07
10360.05,55.80615576,37.45696185,171.08
10361.05,55.80616050,37.45697539,171.09
10362.05,55.80616524,37.45698893,171.10
10363.05,55.80617007,37.45700237,171.11
10364.05,55.80617503,37.45701567,171.11
10365.05,55.80618007,37.45702887,171.12
10366.05,55.80618519,37.45704197,171.13
10367.05,55.80619029,37.45705510,171.14
10368.05,55.80619527,37.45706837,171.15
10369.05,55.80620027,37.45708161,171.15
10370.05,55.80620539,37.45709472,171.16
10371.05,55.80621063,37.45710768,171.17
10372.05,55.80621589,37.45712060,171.18
10373.05,55.80622109,37.45713360,171.19
10374.05,55.80622620,37.45714671,171.20
10375.05,55.80623131,37.45715982,171.21
10376.05,55.80623658,37.45717274,171.21
10377.05,55.80624197,37.45718550,171.22
10378.05,55.80624738,37.45719822,171.23
10379.05,55.80625281,37.45721093,171.24
10380.05,55.80625820,37.45722368,171.25
10381.05,55.80626356,37.45723647,171.25
10382.05,55.80626886,37.45724935,171.26
10383.05,55.80627421,37.45726216,171.26
10384.05,55.80627963,37.45727488,171.27
10385.05,55.80628503,37.45728762,171.27
10386.05,55.80629044,37.45730035,171.28
10387.05,55.80629586,37.45731307,171.28
10388.05,55.80630133,37.45732572,171.29
10389.05,55.80630677,37.45733840,171.29
10390.05,55.80631233,37.45735093,171.30
10391.05,55.80631788,37.45736347,171.30
10392.05,55.80632335,37.45737611,171.31
10393.05,55.80632888,37.45738868,171.31
10394.05,55.80633446,37.45740118,171.32
10395.05,55.80634010,37.45741359,171.32
10396.05,55.80634577,37.45742596,171.32
10397.05,55.80635147,37.45743828,171.33
10398.05,55.80635720,37.45745055,171.33
10399.05,55.80636298,37.45746276,171.33
10400.05,55.80636888,37.45747480,171.34
10401.05,55.80637486,37.45748669,171.34
10402.05,55.80638083,37.45749860,171.35
10403.05,55.80638682,37.45751049,171.35
10404.05,55.80639281,37.45752237,171.35
10405.05,55.80639879,37.45753426,171.36
10406.05,55.80640481,37.45754610,171.37
10407.05,55.80641088,37.45755786,171.37
10408.05,55.80641697,37.45756958,171.38
10409.05,55.80642305,37.45758132,171.38
10410.05,55.80642911,37.45759308,171.39
10411.05,55.80643518,37.45760485,171.39
10412.05,55.80644122,37.45761665,171.40
10413.05,55.80644733,37.45762832,171.40
10414.05,55.80645348,37.45763995,171.41
10415.05,55.80645963,37.45765157,171.41
10416.05,55.80646585,37.45766308,171.42
10417.05,55.80647214,37.45767445,171.42
10418.05,55.80647845,37.45768580,171.43
10419.05,55.80648486,37.45769698,171.43
10420.05,55.80649130,37.45770809,171.43
10421.05,55.80649776,37.45771918,171.44
10422.05,55.80650425,37.45773020,171.44
10423.05,55.80651068,37.45774132,171.44
10424.05,55.80651710,37.45775249,171.45
10425.05,55.80652354,37.45776360,171.45
10426.05,55.80653009,37.45777450,171.45
10427.05,55.80653678,37.45778516,171.45
10428.05,55.80654354,37.45779565,171.45
10429.05,55.80655032,37.45780610,171.45
10430.05,55.80655713,37.45781649,171.46
10431.05,55.80656393,37.45782691,171.46
10432.05,55.80657068,37.45783744,171.46
10433.05,55.80657736,37.45784809,171.46
10434.05,55.80658398,37.45785888,171.46
10435.05,55.80659059,37.45786967,171.47
10436.05,55.80659719,37.45788049,171.47
10437.05,55.80660378,37.45789132,171.47
10438.05,55.80661044,37.45790202,171.47
10439.05,55.80661716,37.45791261,171.48
10440.05,55.80662400,37.45792294,171.48
10441.05,55.80663086,37.45793323,171.48
10442.05,55.80663773,37.45794351,171.48
10443.05,55.80664461,37.45795376,171.49
10444.05,55.80665150,37.45796399,171.49
10445.05,55.80665836,37.45797427,171.49
10446.05,55.80666525,37.45798450,171.50
10447.05,55.80667221,37.45799460,171.50
10448.05,55.80667921,37.45800458,171.51
10449.05,55.80668623,37.45801453,171.51
10450.05,55.80669328,37.45802440,171.52
10451.05,55.80670042,37.45803409,171.52
10452.05,55.80670760,37.45804366,171.53
10453.05,55.80671479,37.45805322,171.53
10454.05,55.80672200,37.45806273,171.54
10455.05,55.80672922,37.45807221,171.54
10456.05,55.80673643,37.45808172,171.55
10457.05,55.80674367,37.45809117,171.55
10458.05,55.80675096,37.45810048,171.56
10459.05,55.80675827,37.45810975,171.57
10460.05,55.80676560,37.45811894,171.57
10461.05,55.80677295,37.45812813,171.58
10462.05,55.80678028,37.45813734,171.59
10463.05,55.80678760,37.45814656,171.59
10464.05,55.80679493,37.45815579,171.60
10465.05,55.80680226,37.45816500,171.61
10466.05,55.80680961,37.45817418,171.61
10467.05,55.80681694,37.45818338,171.62
10468.05,55.80682429,37.45819255,171.62
10469.05,55.80683163,37.45820174,171.63
10470.05,55.80683897,37.45821092,171.64
10471.05,55.80684637,37.45821996,171.64
10472.05,55.80685378,37.45822899,171.65
10473.05,55.80686123,37.45823790,171.65
10474.05,55.80686872,37.45824670,171.66
10475.05,55.80687625,37.45825537,171.66
10476.05,55.80688380,37.45826402,171.67
10477.05,55.80689135,37.45827265,171.67
10478.05,55.80689891,37.45828125,171.68
10479.05,55.80690646,37.45828991,171.68
10480.05,55.80691394,37.45829872,171.68
10481.05,55.80692143,37.45830754,171.69
10482.05,55.80692890,37.45831639,171.69
10483.05,55.80693634,37.45832532,171.69
10484.05,55.80694378,37.45833426,171.70
10485.05,55.80695125,37.45834311,171.70
10486.05,55.80695871,37.45835198,171.71
10487.05,55.80696616,37.45836091,171.71
10488.05,55.80697359,37.45836986,171.71
10489.05,55.80698103,37.45837880,171.72
10490.05,55.80698848,37.45838770,171.72
10491.05,55.80699595,37.45839656,171.72
10492.05,55.80700343,37.45840537,171.73
10493.05,55.80701091,37.45841421,171.73
10494.05,55.80701838,37.45842306,171.73
10495.05,55.80702585,37.45843191,171.74
10496.05,55.80703334,37.45844070,171.74
10497.05,55.80704085,37.45844947,171.74
10498.05,55.80704833,37.45845828,171.75
10499.05,55.80705584,37.45846704,171.75
10500.05,55.80706335,37.45847578,171.75
10501.05,55.80707084,37.45848458,171.75
10502.05,55.80707833,37.45849339,171.76
10503.05,55.80708580,37.45850224,171.76
10504.05,55.80709322,37.45851121,171.76
10505.05,55.80710065,37.45852018,171.77
10506.05,55.80710806,37.45852919,171.77
10507.05,55.80711549,37.45853816,171.77
10508.05,55.80712292,37.45854711,171.77
10509.05,55.80713035,37.45855606,171.77
10510.05,55.80713781,37.45856495,171.78
10511.05,55.80714523,37.45857394,171.78
10512.05,55.80715266,37.45858288,171.78
10513.05,55.80716015,37.45859171,171.78
10514.05,55.80716765,37.45860046,171.78
10515.05,55.80717519,37.45860914,171.78
10516.05,55.80718272,37.45861783,171.79
10517.05,55.80719022,37.45862659,171.79
10518.05,55.80719776,37.45863526,171.79
10519.05,55.80720531,37.45864389,171.79
10520.05,55.80721283,37.45865262,171.79
10521.05,55.80722029,37.45866149,171.79
10522.05,55.80722773,37.45867043,171.79
10523.05,55.80723520,37.45867929,171.80
10524.05,55.80724268,37.45868813,171.80
10525.05,55.80725013,37.45869703,171.80
10526.05,55.80725759,37.45870592,171.80
10527.05,55.80726506,37.45871476,171.81
10528.05,55.80727253,37.45872361,171.81
10529.05,55.80728002,37.45873243,171.81
10530.05,55.80728752,37.45874118,171.82
10531.05,55.80729500,37.45875001,171.82
10532.05,55.80730247,37.45875887,171.82
10533.05,55.80730995,37.45876769,171.82
10534.05,55.80731742,37.45877655,171.83
10535.05,55.80732487,37.45878546,171.83
10536.05,55.80733234,37.45879432,171.83
10537.05,55.80733979,37.45880323,171.83
10538.05,55.80734722,37.45881217,171.84
10539.05,55.80735468,37.45882107,171.84
10540.05,55.80736214,37.45882994,171.84
10541.05,55.80736962,37.45883877,171.85
10542.05,55.80737710,37.45884759,171.85
10543.05,55.80738458,37.45885643,171.85
10544.05,55.80739207,37.45886522,171.86
10545.05,55.80739956,37.45887403,171.86
10546.05,55.80740705,37.45888283,171.86
10547.05,55.80741454,37.45889162,171.87
10548.05,55.80742203,37.45890043,171.87
10549.05,55.80742950,37.45890928,171.88
10550.05,55.80743696,37.45891815,171.88
10551.05,55.80744443,37.45892701,171.89
10552.05,55.80745189,37.45893589,171.89
10553.05,55.80745934,37.45894479,171.89
10554.05,55.80746678,37.45895374,171.90
10555.05,55.80747422,37.45896267,171.90
10556.05,55.80748169,37.45897152,171.91
10557.05,55.80748916,37.45898038,171.91
10558.05,55.80749664,37.45898921,171.92
10559.05,55.80750410,37.45899808,171.92
10560.05,55.80751158,37.45900692,171.92
10561.05,55.80751905,37.45901575,171.93
10562.05,55.80752655,37.45902455,171.93
10563.05,55.80753403,37.45903338,171.94
10564.05,55.80754150,37.45904223,171.94
10565.05,55.80754900,37.45905099,171.94
10566.05,55.80755652,37.45905970,171.95
10567.05,55.80756402,37.45906850,171.95
10568.05,55.80757149,37.45907734,171.95
10569.05,55.80757898,37.45908614,171.95
10570.05,55.80758647,37.45909494,171.95
10571.05,55.80759396,37.45910376,171.95
10572.05,55.80760143,37.45911259,171.95
10573.05,55.80760887,37.45912152,171.95
10574.05,55.80761630,37.45913048,171.95
10575.05,55.80762375,37.45913940,171.95
10576.05,55.80763120,37.45914831,171.94
10577.05,55.80763864,37.45915724,171.94
10578.05,55.80764608,37.45916617,171.94
10579.05,55.80765355,37.45917502,171.94
10580.05,55.80766104,37.45918382,171.93
10581.05,55.80766857,37.45919252,171.93
10582.05,55.80767610,37.45920123,171.92
10583.05,55.80768364,37.45920988,171.92
10584.05,55.80769118,37.45921856,171.91
10585.05,55.80769870,37.45922726,171.91
10586.05,55.80770620,37.45923603,171.90
10587.05,55.80771365,37.45924493,171.90
10588.05,55.80772109,37.45925388,171.90
10589.05,55.80772851,37.45926287,171.89
10590.05,55.80773594,37.45927183,171.89
10591.05,55.80774337,37.45928077,171.88
10592.05,55.80775080,37.45928973,171.88
10593.05,55.80775823,37.45929871,171.87
10594.05,55.80776567,37.45930764,171.87
10595.05,55.80777315,37.45931647,171.86
10596.05,55.80778063,37.45932530,171.86
10597.05,55.80778812,37.45933410,171.85
10598.05,55.80779562,37.45934286,171.85
10599.05,55.80780314,37.45935158,171.84
10600.05,55.80781064,37.45936035,171.84
10601.05,55.80781813,37.45936916,171.83
10602.05,55.80782561,37.45937798,171.83
10603.05,55.80783307,37.45938688,171.82
10604.05,55.80784051,37.45939581,171.82
10605.05,55.80784794,37.45940476,171.81
10606.05,55.80785536,37.45941373,171.81
10607.05,55.80786281,37.45942266,171.80
10608.05,55.80787027,37.45943153,171.80
10609.05,55.80787777,37.45944031,171.79
10610.05,55.80788527,37.45944908,171.79
10611.05,55.80789273,37.45945796,171.78
10612.05,55.80790018,37.45946686,171.78
10613.05,55.80790763,37.45947577,171.77
10614.05,55.80791509,37.45948465,171.76
10615.05,55.80792257,37.45949348,171.76
10616.05,55.80793004,37.45950233,171.75
10617.05,55.80793752,37.45951116,171.74
10618.05,55.80794501,37.45951996,171.74
10619.05,55.80795252,37.45952871,171.73
10620.05,55.80796003,37.45953746,171.72
10621.05,55.80796749,37.45954635,171.71
10622.05,55.80797496,37.45955519,171.71
10623.05,55.80798246,37.45956398,171.70
10624.05,55.80798986,37.45957300,171.69
10625.05,55.80799730,37.45958194,171.68
10626.05,55.80800477,37.45959080,171.67
10627.05,55.80801223,37.45959967,171.66
10628.05,55.80801971,37.45960849,171.65
10629.05,55.80802721,37.45961727,171.65
10630.05,55.80803471,37.45962604,171.64
10631.05,55.80804220,37.45963484,171.63
10632.05,55.80804969,37.45964365,171.62
10633.05,55.80805715,37.45965252,171.61
10634.05,55.80806460,37.45966143,171.60
10635.05,55.80807204,37.45967037,171.58
10636.05,55.80807952,37.45967920,171.57
10637.05,55.80808699,37.45968806,171.56
10638.05,55.80809445,37.45969693,171.55
10639.05,55.80810197,37.45970566,171.54
10640.05,55.80810947,37.45971443,171.53
10641.05,55.80811696,37.45972324,171.52
10642.05,55.80812445,37.45973204,171.50
10643.05,55.80813193,37.45974087,171.49
10644.05,55.80813942,37.45974965,171.48
10645.05,55.80814691,37.45975846,171.46
10646.05,55.80815438,37.45976732,171.45
10647.05,55.80816186,37.45977615,171.44
10648.05,55.80816935,37.45978495,171.42
10649.05,55.80817683,37.45979376,171.41
10650.05,55.80818431,37.45980261,171.39
10651.05,55.80819177,37.45981147,171.38
10652.05,55.80819926,37.45982029,171.37
10653.05,55.80820670,37.45982922,171.35
10654.05,55.80821415,37.45983811,171.34
10655.05,55.80822164,37.45984691,171.33
10656.05,55.80822917,37.45985562,171.31
10657.05,55.80823671,37.45986428,171.30
10658.05,55.80824417,37.45987315,171.28
10659.05,55.80825161,37.45988209,171.27
10660.05,55.80825905,37.45989103,171.26
10661.05,55.80826653,37.45989984,171.24
10662.05,55.80827405,37.45990858,171.23
10663.05,55.80828158,37.45991727,171.21
10664.05,55.80828908,37.45992603,171.20
10665.05,55.80829654,37.45993493,171.18
10666.05,55.80830401,37.45994376,171.17
10667.05,55.80831151,37.45995255,171.15
10668.05,55.80831900,37.45996136,171.14
10669.05,55.80832648,37.45997017,171.12
10670.05,55.80833397,37.45997898,171.11
10671.05,55.80834144,37.45998782,171.10
10672.05,55.80834887,37.45999678,171.08
10673.05,55.80835630,37.46000575,171.07
10674.05,55.80836375,37.46001465,171.05
10675.05,55.80837124,37.46002345,171.04
10676.05,55.80837874,37.46003223,171.02
10677.05,55.80838621,37.46004109,171.01
10678.05,55.80839369,37.46004990,170.99
10679.05,55.80840121,37.46005865,170.98
10680.05,55.80840869,37.46006746,170.96
10681.05,55.80841615,37.46007635,170.95
10682.05,55.80842360,37.46008524,170.94
10683.05,55.80843104,37.46009417,170.92
10684.05,55.80843850,37.46010307,170.91
10685.05,55.80844597,37.46011193,170.89
10686.05,55.80845339,37.46012089,170.88
10687.05,55.80846083,37.46012983,170.87
10688.05,55.80846831,37.46013867,170.85
10689.05,55.80847579,37.46014749,170.84
10690.05,55.80848329,37.46015626,170.83
10691.05,55.80849079,37.46016504,170.81
10692.05,55.80849830,37.46017379,170.80
10693.05,55.80850578,37.46018263,170.78
10694.05,55.80851326,37.46019145,170.77
10695.05,55.80852073,37.46020031,170.76
10696.05,55.80852817,37.46020922,170.74
10697.05,55.80853563,37.46021810,170.73
10698.05,55.80854312,37.46022690,170.72
10699.05,55.80855057,37.46023583,170.70
10700.05,55.80855800,37.46024478,170.69
10701.05,55.80856548,37.46025360,170.68
10702.05,55.80857296,37.46026243,170.66
10703.05,55.80858042,37.46027131,170.65
10704.05,55.80858786,37.46028024,170.64
10705.05,55.80859536,37.46028903,170.63
10706.05,55.80860289,37.46029772,170.61
10707.05,55.80861034,37.46030661,170.60
10708.05,55.80861779,37.46031554,170.58
10709.05,55.80862523,37.46032447,170.57
10710.05,55.80863268,37.46033336,170.55
10711.05,55.80864015,37.46034224,170.54
10712.05,55.80864761,37.46035111,170.52
10713.05,55.80865508,37.46035995,170.51
10714.05,55.80866259,37.46036871,170.49
10715.05,55.80867005,37.46037758,170.47
10716.05,55.80867746,37.46038661,170.46
10717.05,55.80868487,37.46039560,170.44
10718.05,55.80869238,37.46040437,170.42
10719.05,55.80869983,37.46041326,170.40
10720.05,55.80870730,37.46042212,170.39
10721.05,55.80871480,37.46043088,170.37
10722.05,55.80872232,37.46043960,170.35
10723.05,55.80872984,37.46044834,170.33
10724.05,55.80873731,37.46045719,170.31
10725.05,55.80874476,37.46046610,170.30
10726.05,55.80875220,37.46047503,170.28
10727.05,55.80875963,37.46048398,170.26
10728.05,55.80876706,37.46049294,170.24
10729.05,55.80877448,37.46050193,170.22
10730.05,55.80878191,37.46051090,170.21
10731.05,55.80878936,37.46051979,170.19
10732.05,55.80879683,37.46052864,170.17
10733.05,55.80880432,37.46053747,170.15
10734.05,55.80881180,37.46054627,170.14
10735.05,55.80881929,37.46055508,170.12
10736.05,55.80882679,37.46056386,170.10
10737.05,55.80883429,37.46057262,170.08
10738.05,55.80884179,37.46058140,170.07
10739.05,55.80884926,37.46059025,170.05
10740.05,55.80885675,37.46059905,170.04
10741.05,55.80886424,37.46060785,170.02
10742.05,55.80887171,37.46061671,170.01
10743.05,55.80887918,37.46062556,169.99
10744.05,55.80888665,37.46063441,169.98
10745.05,55.80889411,37.46064330,169.96
10746.05,55.80890158,37.46065215,169.95
10747.05,55.80890906,37.46066099,169.93
10748.05,55.80891653,37.46066986,169.92
10749.05,55.80892399,37.46067872,169.90
10750.05,55.80893146,37.46068758,169.89
10751.05,55.80893895,37.46069639,169.87
10752.05,55.80894640,37.46070528,169.86
10753.05,55.80895383,37.46071425,169.84
10754.05,55.80896128,37.46072316,169.82
10755.05,55.80896874,37.46073203,169.81
10756.05,55.80897621,37.46074089,169.79
10757.05,55.80898367,37.46074976,169.77
10758.05,55.80899114,37.46075863,169.76
10759.05,55.80899861,37.46076748,169.74
10760.05,55.80900608,37.46077633,169.73
10761.05,55.80901353,37.46078524,169.71
10762.05,55.80902100,37.46079409,169.69
10763.05,55.80902847,37.46080294,169.68
10764.05,55.80903591,37.46081189,169.66
10765.05,55.80904334,37.46082085,169.64
10766.05,55.80905077,37.46082982,169.63
10767.05,55.80905826,37.46083861,169.61
10768.05,55.80906576,37.46084737,169.60
10769.05,55.80907324,37.46085621,169.58
10770.05,55.80908070,37.46086509,169.57
10771.05,55.80908816,37.46087396,169.56
10772.05,55.80909564,37.46088279,169.55
10773.05,55.80910313,37.46089161,169.53
10774.05,55.80911058,37.46090051,169.52
10775.05,55.80911809,37.46090924,169.51
10776.05,55.80912556,37.46091810,169.50
10777.05,55.80913300,37.46092705,169.49
10778.05,55.80914043,37.46093601,169.49
10779.05,55.80914787,37.46094493,169.48
10780.05,55.80915533,37.46095380,169.47
10781.05,55.80916283,37.46096258,169.47
10782.05,55.80917033,37.46097136,169.46
10783.05,55.80917776,37.46098032,169.46
10784.05,55.80918512,37.46098945,169.46
10785.05,55.80919266,37.46099811,169.45
10786.05,55.80920021,37.46100675,169.45
10787.05,55.80920773,37.46101548,169.45
10788.05,55.80921523,37.46102425,169.45
10789.05,55.80922273,37.46103303,169.45
10790.05,55.80923020,37.46104188,169.45
10791.05,55.80923768,37.46105071,169.46
10792.05,55.80924517,37.46105952,169.46
10793.05,55.80925261,37.46106844,169.46
10794.05,55.80926005,37.46107737,169.46
10795.05,55.80926750,37.46108629,169.46
10796.05,55.80927484,37.46109547,169.46
10797.05,55.80928226,37.46110445,169.47
10798.05,55.80928977,37.46111321,169.47
10799.05,55.80929725,37.46112203,169.47
10800.05,55.80930472,37.46113088,169.48
10801.05,55.80931218,37.46113977,169.48
10802.05,55.80931967,37.46114856,169.48
10803.05,55.80932715,37.46115739,169.49
10804.05,55.80933463,37.46116623,169.49
10805.05,55.80934206,37.46117519,169.50
10806.05,55.80934946,37.46118421,169.50
10807.05,55.80935694,37.46119304,169.51
10808.05,55.80936439,37.46120194,169.51
10809.05,55.80937185,37.46121083,169.52
10810.05,55.80937937,37.46121956,169.53
10811.05,55.80938685,37.46122839,169.53
10812.05,55.80939429,37.46123731,169.54
10813.05,55.80940172,37.46124627,169.54
10814.05,55.80940926,37.46125494,169.55
10815.05,55.80941662,37.46126407,169.55
10816.05,55.80942406,37.46127299,169.55
10817.05,55.80943154,37.46128183,169.56
10818.05,55.80943908,37.46129050,169.56
10819.05,55.80944649,37.46129949,169.56
10820.05,55.80945382,37.46130871,169.57
10821.05,55.80946111,37.46131803,169.57
10822.05,55.80946832,37.46132753,169.57
10823.05,55.80947565,37.46133673,169.58
10824.05,55.80948275,37.46134650,169.58
10825.05,55.80948990,37.46135615,169.58
10826.05,55.80949705,37.46136581,169.58
10827.05,55.80950434,37.46137509,169.58
10828.05,55.80951181,37.46138396,169.58
10829.05,55.80951950,37.46139220,169.58
10830.05,55.80952728,37.46140016,169.59
10831.05,55.80953516,37.46140780,169.59
10832.05,55.80954310,37.46141527,169.59
10833.05,55.80955120,37.46142213,169.59
10834.05,55.80955943,37.46142850,169.59
10835.05,55.80956777,37.46143442,169.59
10836.05,55.80957620,37.46143991,169.59
10837.05,55.80958477,37.46144470,169.59
10838.05,55.80959348,37.46144856,169.58
10839.05,55.80960227,37.46145180,169.58
10840.05,55.80961113,37.46145442,169.58
10841.04,55.80962003,37.46145657,169.58
10842.04,55.80962897,37.46145812,169.58
10843.04,55.80963793,37.46145898,169.58
10844.04,55.80964691,37.46145897,169.57
10845.04,55.80965589,37.46145849,169.57
10846.04,55.80966486,37.46145782,169.56
10847.04,55.80967383,37.46145710,169.55
10848.04,55.80968281,37.46145635,169.54
10849.04,55.80969177,37.46145551,169.53
10850.04,55.80970074,37.46145459,169.53
10851.04,55.80970970,37.46145346,169.52
10852.04,55.80971865,37.46145226,169.51
10853.04,55.80972761,37.46145102,169.50
10854.04,55.80973657,37.46145000,169.50
10855.04,55.80974554,37.46144899,169.49
10856.04,55.80975451,37.46144848,169.48
10857.04,55.80976349,37.46144813,169.47
10858.04,55.80977247,37.46144807,169.46
10859.04,55.80978145,37.46144843,169.45
10860.04,55.80979042,37.46144916,169.44
10861.04,55.80979938,37.46145027,169.43
10862.04,55.80980833,37.46145157,169.42
10863.04,55.80981726,37.46145321,169.41
10864.04,55.80982618,37.46145519,169.40
10865.04,55.80983506,37.46145755,169.39
10866.04,55.80984392,37.46146013,169.38
10867.04,55.80985273,37.46146325,169.37
10868.04,55.80986148,37.46146680,169.36
10869.04,55.80987018,37.46147076,169.35
10870.04,55.80987884,37.46147501,169.34
10871.04,55.80988746,37.46147946,169.33
10872.04,55.80989603,37.46148422,169.33
10873.04,55.80990453,37.46148940,169.32
10874.04,55.80991296,37.46149488,169.31
10875.04,55.80992132,37.46150074,169.30
10876.04,55.80992961,37.46150685,169.29
10877.04,55.80993781,37.46151336,169.28
10878.04,55.80994590,37.46152027,169.27
10879.04,55.80995388,37.46152760,169.26
10880.04,55.80996176,37.46153524,169.24
10881.04,55.80996953,37.46154325,169.23
10882.04,55.80997717,37.46155163,169.21
10883.04,55.80998480,37.46156005,169.20
10884.04,55.80999218,37.46156912,169.18
10885.04,55.80999946,37.46157846,169.16
10886.04,55.81000664,37.46158805,169.15
10887.04,55.81001368,37.46159794,169.13
10888.04,55.81002055,37.46160821,169.12
10889.04,55.81002720,37.46161892,169.10
10890.04,55.81003375,37.46162984,169.08
10891.04,55.81004042,37.46164052,169.07
10892.04,55.81004711,37.46165116,169.05
10893.04,55.81005382,37.46166176,169.03
10894.04,55.81006056,37.46167230,169.01
10895.04,55.81006731,37.46168282,168.99
10896.04,55.81007408,37.46169329,168.97
10897.04,55.81008088,37.46170371,168.95
10898.04,55.81008769,37.46171411,168.93
10899.04,55.81009453,37.46172445,168.92
10900.04,55.81010124,37.46173506,168.90
10901.04,55.81010765,37.46174621,168.88
10902.04,55.81011383,37.46175780,168.86
10903.04,55.81011988,37.46176958,168.85
10904.04,55.81012567,37.46178176,168.83
10905.04,55.81013129,37.46179420,168.81
10906.04,55.81013687,37.46180670,168.80
10907.04,55.81014239,37.46181928,168.78
10908.04,55.81014786,37.46183193,168.76
10909.04,55.81015320,37.46184476,168.75
10910.04,55.81015876,37.46185728,168.71
10911.04,55.81016427,37.46186986,168.67
10912.04,55.81016977,37.46188248,168.61
10913.04,55.81017522,37.46189515,168.56
10914.04,55.81018079,37.46190766,168.51
10915.04,55.81018650,37.46191998,168.46
10916.04,55.81019226,37.46193222,168.41
10917.04,55.81019788,37.46194465,168.36
10918.04,55.81020332,37.46195734,168.32
10919.04,55.81020887,37.46196988,168.27
10920.04,55.81021443,37.46198240,168.23
10921.04,55.81022024,37.46199456,168.19
10922.04,55.81022692,37.46200516,168.15
10923.04,55.81023378,37.46201545,168.12
10924.03,55.81023963,37.46202747,168.08
10925.03,55.81024518,37.46204001,168.04
10926.03,55.81025054,37.46205279,168.02
10927.03,55.81025578,37.46206575,168.02
10928.03,55.81026120,37.46207847,168.02
10929.03,55.81026641,37.46209145,168.08
10930.03,55.81027169,37.46210435,168.14
10931.03,55.81027713,37.46211705,168.21
10932.03,55.81028265,37.46212962,168.27
10933.03,55.81028835,37.46214195,168.34
10934.03,55.81029446,37.46215363,168.36
10935.03,55.81030059,37.46216528,168.35
10936.03,55.81030693,37.46217657,168.35
10937.03,55.81031337,37.46218768,168.35
10938.03,55.81031979,37.46219885,168.39
10939.01,55.81032526,37.46221111,168.42
10939.96,55.81033183,37.46222062,168.45
10940.95,55.81033898,37.46223013,168.48
10941.95,55.81034640,37.46223909,168.51
10942.95,55.81035399,37.46224763,168.54
10943.95,55.81036172,37.46225574,168.57
10944.95,55.81036952,37.46226363,168.59
10945.95,55.81037753,37.46227085,168.62
10946.95,55.81038558,37.46227793,168.65
10947.95,55.81039366,37.46228487,168.67
10948.95,55.81040181,37.46229160,168.69
10949.34,55.81040251,37.46229773,168.71
